data,numero_pedido,cliente,estado,cidade,vendedor,produto,categoria,quantidade,preco_unitario,desconto,custo_unitario,forma_pagamento
2025-02-02,PED-2025-00001,Integra Soluções 096,MG,Juiz de Fora,Juliana Mendes,Filtro de Linha Premium,Energia,3,116.49,0.05,50.79,Cartão de crédito
2025-03-08,PED-2025-00002,Prime Comercial 089,PR,Maringá,Juliana Mendes,Gaveteiro Executivo,Móveis,1,701.63,0.1,363.11,Boleto
2025-01-25,PED-2025-00003,Vértice Varejo 150,PE,Caruaru,Juliana Mendes,Notebook Pro 15,Informática,3,5022.17,0.15,3395.4,Pix
2025-11-27,PED-2025-00004,Integra Soluções 176,MG,Uberlândia,Bruno Costa,Mouse Sem Fio,Acessórios,4,155.14,0.08,67.45,Pix
2025-10-08,PED-2025-00005,Integra Logística 186,BA,Vitória da Conquista,Diego Lima,Monitor Ultrawide 29,Informática,2,1825.51,0.08,1188.6,Pix
2025-10-08,PED-2025-00005,Integra Logística 186,BA,Vitória da Conquista,Diego Lima,Mouse Sem Fio,Acessórios,2,145.79,0.0,69.14,Pix
2025-08-27,PED-2025-00006,Ponto Logística 018,PR,Londrina,Juliana Mendes,Gaveteiro Executivo,Móveis,2,675.73,0.05,375.85,Cartão de crédito
2025-08-27,PED-2025-00006,Ponto Logística 018,PR,Londrina,Juliana Mendes,Teclado Mecânico,Acessórios,1,384.18,0.0,195.14,Cartão de crédito
2025-02-16,PED-2025-00007,Vértice Distribuidora 220,RS,Caxias do Sul,Gustavo Ribeiro,Mouse Sem Fio,Acessórios,2,150.14,0.0,68.34,Boleto
2025-02-16,PED-2025-00007,Vértice Distribuidora 220,RS,Caxias do Sul,Gustavo Ribeiro,Notebook Pro 15,Informática,3,4890.75,0.05,3389.58,Boleto
2025-09-07,PED-2025-00008,Aurora Distribuidora 212,RJ,Niterói,Ana Martins,Filtro de Linha Premium,Energia,6,122.84,0.05,50.44,Pix
2025-09-07,PED-2025-00008,Aurora Distribuidora 212,RJ,Niterói,Ana Martins,Toner Preto,Impressão,1,329.34,0.0,144.75,Pix
2025-09-07,PED-2025-00008,Aurora Distribuidora 212,RJ,Niterói,Ana Martins,Teclado Mecânico,Acessórios,3,404.36,0.1,195.91,Pix
31/08/2025,PED-2025-00009,Alfa Engenharia 031,PR,Londrina,Fernanda Alves,Webcam Full HD,Acessórios,3,277.01,0.0,129.0,Cartão de crédito
2025-03-05,PED-2025-00010,Integra Logística 066,SP,Santos,Lucas Barros,Impressora Multifuncional,Impressão,2,1595.42,0.1,985.55,Cartão de crédito
2025-04-11,PED-2025-00011,Ponto Logística 098,MG,Uberlândia,Lucas Barros,Teclado Mecânico,Acessórios,1,389.71,0.0,197.35,Cartão de crédito
2025-01-04,PED-2025-00012,Nova Tecnologia 067,SP,Ribeirão Preto,Fernanda Alves,Teclado Mecânico,Acessórios,7,378.08,0.12,189.33,Pix
2025-01-04,PED-2025-00012,Nova Tecnologia 067,SP,Ribeirão Preto,Fernanda Alves,Toner Preto,Impressão,1,326.82,0.1,149.88,Pix
2025-12-18,PED-2025-00013,Vértice Distribuidora 140,GO,Goiânia,Camila Rocha,Filtro de Linha Premium,Energia,4,119.8,0.15,52.65,Cartão de crédito
2025-02-03,PED-2025-00014,Vértice Logística 050,PE,Caruaru,Lucas Barros,Roteador Empresarial,Conectividade,2,725.41,0.1,363.72,Cartão de crédito
2025-01-02,PED-2025-00015,Ponto Soluções 008,SP,Ribeirão Preto,Ana Martins,Mouse Sem Fio,Acessórios,6,"R$ 146,55",0.03,69.66,Cartão de débito
27/04/2025,PED-2025-00016,Integra Soluções 096,MG,Juiz de Fora,Bruno Costa,Monitor Ultrawide 29,Informática,4,1799.97,0.08,1172.39,Pix
2025-06-02,PED-2025-00017,Integra Varejo 006,BA,Salvador,Gustavo Ribeiro,Monitor Ultrawide 29,Informática,4,1766.88,0.05,1179.02,Cartão de crédito
2025-04-25,PED-2025-00018,Aurora Distribuidora 212,SP,Ribeirão Preto,Lucas Barros,Impressora Multifuncional,Impressão,3,1664.67,0.08,1045.66,Pix
2025-04-25,PED-2025-00018,Aurora Distribuidora 212,SP,Ribeirão Preto,Lucas Barros,Notebook Essencial 14,Informática,2,2978.52,0.0,1974.83,Pix
2025-04-16,PED-2025-00019,Aurora Varejo 102,BA,Vitória da Conquista,Bruno Costa,Nobreak 1500VA,Energia,2,1188.01,0.08,695.74,Cartão de crédito
2025-04-16,PED-2025-00019,Aurora Varejo 102,BA,Vitória da Conquista,Bruno Costa,Impressora Multifuncional,Impressão,1,1560.27,0.1,1037.43,Cartão de crédito
2025-12-17,PED-2025-00020,Horizonte Comercial 105,SP,São Paulo,Fernanda Alves,Teclado Mecânico,Acessórios,4,384.3,0.0,187.79,Pix
2025-12-17,PED-2025-00020,Horizonte Comercial 105,SP,São Paulo,Fernanda Alves,Monitor Ultrawide 29,Informática,2,1746.53,0.0,1173.2,Pix
2025-07-08,PED-2025-00021,Central Engenharia 183,RJ,Petrópolis,Camila Rocha,Access Point Wi-Fi 6,Conectividade,2,900.16,0.05,465.31,Cartão de crédito
2025-07-08,PED-2025-00021,Central Engenharia 183,RJ,Petrópolis,Camila Rocha,Notebook Pro 15,Informática,1,4717.27,0.12,3341.13,Cartão de crédito
2025-11-02,PED-2025-00022,Central Serviços 053,PE,Caruaru,Lucas Barros,Toner Preto,Impressão,2,331.07,0.1,146.35,Cartão de débito
2025-11-02,PED-2025-00022,Central Serviços 053,PE,Caruaru,Lucas Barros,Roteador Empresarial,Conectividade,2,737.0,0.0,369.27,Cartão de débito
2025-03-02,PED-2025-00023,Horizonte Tecnologia 075,SP,Campinas,Camila Rocha,Headset Corporativo,Acessórios,1,344.88,0.12,158.58,Boleto
2025-10-09,PED-2025-00024,Aurora Distribuidora 212,MG,Belo Horizonte,Juliana Mendes,Mesa Ajustável,Móveis,1,1809.7,0.08,1071.46,Cartão de crédito
2025-10-09,PED-2025-00024,Aurora Distribuidora 212,MG,Belo Horizonte,Juliana Mendes,Impressora Multifuncional,Impressão,2,1540.01,0.1,985.67,Cartão de crédito
2025-07-10,PED-2025-00025,Aurora Distribuidora 212,SP,Ribeirão Preto,Lucas Barros,Roteador Empresarial,Conectividade,1,758.82,0.0,372.83,Cartão de débito
2025-07-10,PED-2025-00025,Aurora Distribuidora 212,SP,Ribeirão Preto,Lucas Barros,Switch 24 Portas,Conectividade,1,1132.9,0.05,614.02,Cartão de débito
2025-09-23,PED-2025-00026,Conecta Logística 114,BA,Vitória da Conquista,Diego Lima,Monitor Ultrawide 29,Informática,4,1826.54,0.03,1198.15,Cartão de crédito
2025-09-23,PED-2025-00026,Conecta Logística 114,BA,Vitória da Conquista,Diego Lima,Notebook Essencial 14,Informática,3,2869.13,0.03,1981.69,Cartão de crédito
2025-09-23,PED-2025-00026,Conecta Logística 114,BA,Vitória da Conquista,Diego Lima,Toner Preto,Impressão,3,328.81,0.05,149.08,Cartão de crédito
2025-03-06,PED-2025-00027,Vértice Soluções 080,GO,Anápolis,Juliana Mendes,Filtro de Linha Premium,Energia,5,116.38,0.1,51.74,Boleto
2025-02-14,PED-2025-00028,Ponto Soluções 008,PR,Curitiba,Gustavo Ribeiro,Switch 24 Portas,Conectividade,1,1119.79,0.03,630.92,Pix
2025-09-27,PED-2025-00029,Nova Engenharia 087,SP,Ribeirão Preto,Lucas Barros,Access Point Wi-Fi 6,Conectividade,1,861.64,0.12,464.63,Cartão de débito
2025-03-31,PED-2025-00030,Ponto Distribuidora 188,SP,São Paulo,Juliana Mendes,Toner Preto,Impressão,1,322.9,0.1,142.2,Pix
2025-03-31,PED-2025-00030,Ponto Distribuidora 188,SP,São Paulo,Juliana Mendes,Notebook Pro 15,Informática,4,5034.2,0.08,3518.01,Pix
2025-03-31,PED-2025-00030,Ponto Distribuidora 188,SP,São Paulo,Juliana Mendes,Notebook Essencial 14,Informática,2,2905.63,0.1,2048.48,Pix
2025-02-01,PED-2025-00031,Prime Tecnologia 179,SP,Ribeirão Preto,Gustavo Ribeiro,Kit Toner Colorido,Impressão,7,848.15,0.08,394.05,Pix
2025-03-21,PED-2025-00032,Alfa Tecnologia 091,SC,Blumenau,Bruno Costa,Filtro de Linha Premium,Energia,1,121.97,0.05,49.99,Pix
2025-04-01,PED-2025-00033,Central Serviços 093,RJ,Petrópolis,Fernanda Alves,Filtro de Linha Premium,Energia,2,120.22,0.0,49.95,Cartão de crédito
01/04/2025,PED-2025-00033,Central Serviços 093,RJ,Petrópolis,Fernanda Alves,Monitor Ultrawide 29,Informática,3,1787.34,0.08,1176.73,Cartão de crédito
2025-12-21,PED-2025-00034,Horizonte Comercial 185,RJ,Niterói,Bruno Costa,Notebook Pro 15,Informática,2,4793.68,0.05,3452.85,Cartão de crédito
2025-08-04,PED-2025-00035,Vértice Logística 130,PR,Maringá,Gustavo Ribeiro,Mesa Ajustável,Móveis,2,1861.37,0.1,1073.33,Boleto
2025-08-04,PED-2025-00035,Vértice Logística 130,PR,Maringá,Gustavo Ribeiro,Webcam Full HD,Acessórios,4,281.81,0.1,130.95,Boleto
2025-07-09,PED-2025-00036,Vértice Logística 010,MG,Juiz de Fora,Ana Martins,Notebook Essencial 14,Informática,3,2856.04,0.1,1961.48,Pix
2025-07-09,PED-2025-00036,Vértice Logística 010,MG,Juiz de Fora,Ana Martins,Teclado Mecânico,Acessórios,1,387.37,0.0,194.32,Pix
2025-09-01,PED-2025-00037,Alfa Engenharia 111,RJ,Rio de Janeiro,Lucas Barros,Teclado Mecânico,Acessórios,1,396.79,0.0,189.05,Transferência
2025-09-01,PED-2025-00037,Alfa Engenharia 111,RJ,Rio de Janeiro,Lucas Barros,Toner Preto,Impressão,3,320.75,0.1,151.73,Transferência
2025-12-16,PED-2025-00038,Nova Comercial 177,BA,Feira de Santana,Lucas Barros,Headset Corporativo,Acessórios,7,329.58,0.05,154.93,Pix
2025-04-22,PED-2025-00039,Nova Engenharia 207,PE,Recife,Ana Martins,Cadeira Ergonômica,Móveis,5,1344.92,0.0,792.37,Pix
2025-11-08,PED-2025-00040,Vértice Logística 090,PR,Londrina,Gustavo Ribeiro,Headset Corporativo,Acessórios,4,341.78,0.05,161.76,Cartão de crédito
2025-09-09,PED-2025-00041,Horizonte Engenharia 095,MG,Juiz de Fora,Lucas Barros,Headset Corporativo,Acessórios,2,328.54,0.12,160.24,Cartão de crédito
2025-09-09,PED-2025-00041,Horizonte Engenharia 095,MG,Juiz de Fora,Lucas Barros,Cadeira Ergonômica,Móveis,1,1358.37,0.0,796.89,Cartão de crédito
2025-09-10,PED-2025-00042,Aurora Soluções 032,RJ,Niterói,Fernanda Alves,Toner Preto,Impressão,3,334.21,0.05,149.4,Pix
2025-08-26,PED-2025-00043,Central Engenharia 063,RS,Pelotas,Lucas Barros,Monitor Ultrawide 29,Informática,1,1823.78,0.15,1205.15,Cartão de débito
2025-08-26,PED-2025-00043,Central Engenharia 063,RS,Pelotas,Lucas Barros,Kit Toner Colorido,Impressão,3,903.17,0.03,396.36,Cartão de débito
2025-04-19,PED-2025-00044,Aurora Distribuidora 212,RS,Porto Alegre,Diego Lima,Filtro de Linha Premium,Energia,3,116.02,0.05,52.33,Transferência
2025-04-08,PED-2025-00045,Central Serviços 053,BA,Vitória da Conquista,Ana Martins,Monitor Ultrawide 29,Informática,3,1843.05,0.1,1185.24,Boleto
2025-05-24,PED-2025-00046,Vértice Soluções 200,SP,Ribeirão Preto,Bruno Costa,Notebook Pro 15,Informática,1,4871.04,0.12,3478.18,Cartão de crédito
2025-05-24,PED-2025-00046,Vértice Soluções 200,SP,Ribeirão Preto,Bruno Costa,Cadeira Ergonômica,Móveis,1,1377.94,0.1,763.01,Cartão de crédito
2025-09-17,PED-2025-00047,Integra Logística 026,RJ,Niterói,Camila Rocha,Notebook Essencial 14,Informática,3,2984.41,0.15,2001.31,Transferência
2025-10-10,PED-2025-00048,Nova Tecnologia 027,SP,Campinas,Fernanda Alves,Impressora Multifuncional,Impressão,2,1545.63,0.03,984.45,Transferência
2025-10-10,PED-2025-00048,Nova Tecnologia 027,SP,Campinas,Fernanda Alves,Headset Corporativo,Acessórios,4,330.16,0.08,157.06,Transferência
2025-06-14,PED-2025-00049,Aurora Distribuidora 212,GO,Anápolis,Juliana Mendes,Filtro de Linha Premium,Energia,1,124.91,0.05,52.12,Cartão de crédito
2025-03-20,PED-2025-00050,Integra Varejo 006,SC,Joinville,Camila Rocha,Monitor Ultrawide 29,Informática,11,1845.99,0.1,1160.8,Pix
2025-11-11,PED-2025-00051,Horizonte Comercial 105,DF,Brasília,Fernanda Alves,Roteador Empresarial,Conectividade,7,783.44,0.05,368.11,Cartão de débito
2025-11-11,PED-2025-00051,Horizonte Comercial 105,DF,Brasília,Fernanda Alves,Mouse Sem Fio,Acessórios,5,145.29,0.0,67.13,Cartão de débito
2025-11-11,PED-2025-00051,Horizonte Comercial 105,DF,Brasília,Fernanda Alves,Gaveteiro Executivo,Móveis,1,694.45,0.03,355.35,Cartão de débito
2025-09-04,PED-2025-00052,Horizonte Serviços 085,SP,Santos,Juliana Mendes,Teclado Mecânico,Acessórios,2,374.36,0.0,197.84,Cartão de crédito
2025-01-23,PED-2025-00053,Aurora Soluções 112,SP,São Paulo,Camila Rocha,Roteador Empresarial,Conectividade,1,740.78,0.0,369.32,Boleto
2025-06-28,PED-2025-00054,Alfa Tecnologia 051,SC,Joinville,Gustavo Ribeiro,Webcam Full HD,Acessórios,4,269.9,0.0,136.53,Transferência
2025-05-01,PED-2025-00055,Aurora Logística 042,SP,Ribeirão Preto,Juliana Mendes,Mouse Sem Fio,Acessórios,1,143.97,0.1,68.91,Pix
2025-05-01,PED-2025-00055,Aurora Logística 042,SP,Ribeirão Preto,Juliana Mendes,Gaveteiro Executivo,Móveis,3,715.53,0.0,377.53,Pix
2025-01-12,PED-2025-00056,Central Serviços 133,MG,Juiz de Fora,Lucas Barros,Teclado Mecânico,Acessórios,3,388.83,0.03,187.29,Boleto
2025-01-12,PED-2025-00056,Central Serviços 133,MG,Juiz de Fora,Lucas Barros,Switch 24 Portas,Conectividade,3,1077.12,0.0,622.67,Boleto
2025-12-26,PED-2025-00057,Central Tecnologia 163,SC,Florianópolis,Juliana Mendes,Monitor Ultrawide 29,Informática,3,1878.17,0.0,1126.55,Transferência
2025-12-26,PED-2025-00057,Central Tecnologia 163,SC,Florianópolis,Juliana Mendes,Kit Toner Colorido,Impressão,8,853.88,0.12,417.81,Transferência
2025-04-26,PED-2025-00058,Nova Comercial 137,MG,Belo Horizonte,Bruno Costa,Teclado Mecânico,Acessórios,1,395.21,0.0,197.99,Pix
2025-04-26,PED-2025-00058,Nova Comercial 137,MG,Belo Horizonte,Bruno Costa,Toner Preto,Impressão,2,332.23,0.05,148.55,Pix
2025-04-10,PED-2025-00059,Horizonte Serviços 125,RS,Pelotas,Camila Rocha,Cadeira Ergonômica,Móveis,2,1399.48,0.05,751.97,Transferência
2025-10-04,PED-2025-00060,Nova Engenharia 087,PE,Olinda,Bruno Costa,Mouse Sem Fio,Acessórios,1,153.8,0.12,67.76,Pix
2025-10-04,PED-2025-00060,Nova Engenharia 087,PE,Olinda,Bruno Costa,Access Point Wi-Fi 6,Conectividade,2,912.96,0.1,482.73,Pix
2025-10-04,PED-2025-00060,Nova Engenharia 087,PE,Olinda,Bruno Costa,Filtro de Linha Premium,Energia,1,124.44,0.1,49.83,Pix
2025-09-07,PED-2025-00061,Conecta Distribuidora 164,SP,Campinas,Diego Lima,Kit Toner Colorido,Impressão,2,869.09,0.08,409.32,Transferência
2025-01-09,PED-2025-00062,Central Serviços 133,RJ,Rio de Janeiro,Fernanda Alves,Headset Corporativo,Acessórios,3,321.54,0.08,157.01,Boleto
2025-12-08,PED-2025-00063,Conecta Varejo 054,GO,Aparecida de Goiânia,Bruno Costa,Teclado Mecânico,Acessórios,1,390.74,0.0,186.85,Cartão de crédito
2025-12-08,PED-2025-00063,Conecta Varejo 054,GO,Aparecida de Goiânia,Bruno Costa,Mouse Sem Fio,Acessórios,1,152.71,0.05,66.49,Cartão de crédito
2025-02-06,PED-2025-00064,Horizonte Comercial 065,SP,São Paulo,Camila Rocha,Filtro de Linha Premium,Energia,5,116.15,0.1,51.67,Cartão de débito
2025-02-06,PED-2025-00064,Horizonte Comercial 065,SP,São Paulo,Camila Rocha,Notebook Essencial 14,Informática,1,2840.27,0.0,2079.86,Cartão de débito
2025-02-06,PED-2025-00064,Horizonte Comercial 065,SP,São Paulo,Camila Rocha,Monitor Ultrawide 29,Informática,1,1766.09,0.03,1158.07,Cartão de débito
2025-10-07,PED-2025-00065,Vértice Logística 170,RS,Porto Alegre,Ana Martins,Filtro de Linha Premium,Energia,1,124.24,0.0,50.95,Transferência
2025-03-17,PED-2025-00066,Conecta Varejo 054,MG,Belo Horizonte,Lucas Barros,Headset Corporativo,Acessórios,6,321.49,0.12,163.08,Cartão de débito
2025-03-17,PED-2025-00066,Conecta Varejo 054,MG,Belo Horizonte,Lucas Barros,Mesa Ajustável,Móveis,2,1857.69,0.05,1047.86,Cartão de débito
2025-09-17,PED-2025-00067,Prime Serviços 029,MG,Uberlândia,Camila Rocha,Filtro de Linha Premium,Energia,3,117.35,0.0,49.58,Transferência
2025-02-15,PED-2025-00068,Aurora Logística 202,SP,São Paulo,Ana Martins,Webcam Full HD,Acessórios,2,293.61,0.1,134.89,Cartão de crédito
2025-04-28,PED-2025-00069,Conecta Logística 034,MG,Juiz de Fora,Juliana Mendes,Headset Corporativo,Acessórios,2,339.0,0.1,155.6,Boleto
2025-12-03,PED-2025-00070,Nova Comercial 097,GO,Anápolis,Camila Rocha,Teclado Mecânico,Acessórios,3,396.49,0.05,198.63,Pix
2025-12-03,PED-2025-00070,Nova Comercial 097,GO,Anápolis,Camila Rocha,Notebook Essencial 14,Informática,1,2894.33,0.08,2044.2,Pix
2025-12-03,PED-2025-00070,Nova Comercial 097,GO,Anápolis,Camila Rocha,Webcam Full HD,Acessórios,4,277.34,0.0,134.31,Pix
2025-08-22,PED-2025-00071,Prime Comercial 009,BA,Feira de Santana,Lucas Barros,Filtro de Linha Premium,Energia,2,125.33,0.03,52.11,Transferência
2025-08-22,PED-2025-00071,Prime Comercial 009,BA,Feira de Santana,Lucas Barros,Mesa Ajustável,Móveis,2,1895.84,0.05,1074.84,Transferência
2025-06-14,PED-2025-00072,Central Engenharia 143,RJ,Rio de Janeiro,Diego Lima,Monitor Ultrawide 29,Informática,3,1824.0,0.08,1126.81,Boleto
2025-05-05,PED-2025-00073,Conecta Distribuidora 044,RJ,Petrópolis,Bruno Costa,Toner Preto,Impressão,2,319.95,0.0,148.52,Cartão de débito
2025-10-12,PED-2025-00074,Horizonte Serviços 045,GO,Aparecida de Goiânia,Lucas Barros,Impressora Multifuncional,Impressão,5,1624.48,0.0,1007.98,Cartão de crédito
2025-10-12,PED-2025-00074,Horizonte Serviços 045,GO,Aparecida de Goiânia,Lucas Barros,Teclado Mecânico,Acessórios,2,389.88,0.12,197.72,Cartão de crédito
2025-10-12,PED-2025-00074,Horizonte Serviços 045,GO,Aparecida de Goiânia,Lucas Barros,Headset Corporativo,Acessórios,1,331.25,0.08,156.96,Cartão de crédito
2025-07-17,PED-2025-00075,Alfa Comercial 201,SP,Campinas,Lucas Barros,Kit Toner Colorido,Impressão,1,894.85,0.0,400.16,Cartão de débito
2025-07-17,PED-2025-00075,Alfa Comercial 201,SP,Campinas,Lucas Barros,Roteador Empresarial,Conectividade,3,733.79,0.1,379.13,Cartão de débito
2025-07-17,PED-2025-00075,Alfa Comercial 201,SP,Campinas,Lucas Barros,Webcam Full HD,Acessórios,1,277.17,0.1,135.79,Cartão de débito
2025-12-04,PED-2025-00076,Alfa Tecnologia 171,SP,Santos,Fernanda Alves,Mouse Sem Fio,Acessórios,7,145.77,0.1,67.25,Boleto
2025-12-04,PED-2025-00076,Alfa Tecnologia 171,SP,Santos, FERNANDA ALVES ,Monitor Ultrawide 29,Informática,3,1736.42,0.1,1139.52,Boleto
2025-12-04,PED-2025-00076,Alfa Tecnologia 171,SP,Santos,Fernanda Alves,Webcam Full HD,Acessórios,2,281.32,0.08,134.07,Boleto
2025-02-12,PED-2025-00077,Integra Varejo 006,DF,Brasília,Lucas Barros,Kit Toner Colorido,Impressão,5,880.33,0.05,394.31,Cartão de crédito
2025-05-15,PED-2025-00078,Aurora Soluções 072,RJ,Petrópolis,Juliana Mendes,Webcam Full HD,Acessórios,6,281.08,0.12,129.37,Cartão de débito
2025-05-15,PED-2025-00078,Aurora Soluções 072,RJ,Petrópolis,Juliana Mendes,Teclado Mecânico,Acessórios,2,379.69,0.05,187.15,Cartão de débito
2025-07-06,PED-2025-00079,Vértice Distribuidora 020,SP,São Paulo,Diego Lima,Toner Preto,Impressão,7,320.19,0.1,150.03,Cartão de crédito
2025-07-21,PED-2025-00080,Vértice Logística 010,BA,Feira de Santana,Ana Martins,Teclado Mecânico,Acessórios,2,390.61,0.03,189.19,Boleto
2025-07-21,PED-2025-00080,Vértice Logística 010,BA,Feira de Santana,Ana Martins,Roteador Empresarial,Conectividade,1,727.06,0.0,361.5,Boleto
2025-03-01,PED-2025-00081,Conecta Varejo 014,BA,Salvador,Diego Lima,Toner Preto,Impressão,4,341.75,0.15,150.54,Transferência
2025-06-15,PED-2025-00082,Horizonte Comercial 105,SP,São Paulo,Gustavo Ribeiro,Gaveteiro Executivo,Móveis,11,664.05,0.0,369.42,Pix
2025-06-15,PED-2025-00082,Horizonte Comercial 105,SP,São Paulo,Gustavo Ribeiro,Mesa Ajustável,Móveis,1,1845.71,0.1,1068.98,Pix
2025-05-08,PED-2025-00083,Nova Engenharia 167,RJ,Niterói,Camila Rocha,Gaveteiro Executivo,Móveis,1,662.47,0.0,376.9,Cartão de crédito
2025-10-10,PED-2025-00084,Horizonte Comercial 185,SP,Santos,Lucas Barros,Filtro de Linha Premium,Energia,4,121.43,0.0,51.9,Boleto
2025-01-10,PED-2025-00085,Aurora Distribuidora 092,SP,São Paulo,Bruno Costa,Monitor Ultrawide 29,Informática,1,1776.52,0.0,1154.22,Boleto
2025-05-05,PED-2025-00086,Central Serviços 093, pr ,Curitiba,Bruno Costa,Notebook Essencial 14,Informática,1,2970.59,0.1,2033.78,Transferência
2025-05-05,PED-2025-00086,Central Serviços 093,PR,Curitiba,Bruno Costa,Monitor Ultrawide 29,Informática,4,1783.04,0.03,1202.23,Transferência
2025-05-05,PED-2025-00086,Central Serviços 093,PR,Curitiba,Bruno Costa,Toner Preto,Impressão,3,320.88,0.15,146.72,Transferência
2025-07-13,PED-2025-00087,Prime Serviços 109,DF,Brasília,Lucas Barros,Monitor Ultrawide 29,Informática,4,1857.94,0.08,1154.32,Boleto
2025-07-13,PED-2025-00087,Prime Serviços 109,DF,Brasília,Lucas Barros,Teclado Mecânico,Acessórios,1,396.52,0.12,198.78,Boleto
2025-05-19,PED-2025-00088,Central Comercial 073,RJ,Petrópolis,Camila Rocha,Toner Preto,Impressão,1,326.08,0.03,142.59,Cartão de crédito
2025-06-14,PED-2025-00089,Vértice Soluções 160,SP,Santos,Lucas Barros,Roteador Empresarial,Conectividade,1,759.31,0.08,358.31,Pix
2025-06-14,PED-2025-00089,Vértice Soluções 160,SP,Santos,Lucas Barros,Teclado Mecânico,Acessórios,7,406.72,0.05,186.3,Pix
2025-05-23,PED-2025-00090,Vértice Varejo 150,SP,Ribeirão Preto,Lucas Barros,Access Point Wi-Fi 6,Conectividade,4,917.41,0.03,493.06,Pix
2025-05-23,PED-2025-00090,Vértice Varejo 150,SP,Ribeirão Preto,Lucas Barros,Cadeira Ergonômica,Móveis,8,1368.22,0.0,788.67,Pix
2025-07-25,PED-2025-00091,Prime Engenharia 119,MG,Belo Horizonte,Bruno Costa,Mouse Sem Fio,Acessórios,2,145.27,0.1,68.25,Transferência
2025-07-25,PED-2025-00091,Prime Engenharia 119,MG,Belo Horizonte,Bruno Costa,Impressora Multifuncional,Impressão,2,1613.29,0.05,1005.86,Transferência
2025-12-19,PED-2025-00092,Nova Tecnologia 027,RJ,Rio de Janeiro,Lucas Barros,Teclado Mecânico,Acessórios,8,392.57,0.05,195.52,Cartão de débito
2025-10-18,PED-2025-00093,Ponto Distribuidora 148,SP,Santos,Ana Martins,Webcam Full HD,Acessórios,3,272.22,0.0,131.22,Cartão de crédito
2025-05-18,PED-2025-00094,,SP,Santos,Bruno Costa,Notebook Essencial 14,Informática,2,2886.52,0.0,2034.99,Cartão de débito
2025-05-18,PED-2025-00094,Prime Comercial 209,SP,Santos,Bruno Costa,Toner Preto,Impressão,1,317.04,0.08,144.7,Cartão de débito
2025-05-18,PED-2025-00094,Prime Comercial 209,SP,Santos,Bruno Costa,Nobreak 1500VA,Energia,2,1242.63,0.1,660.3,Cartão de débito
2025-05-28,PED-2025-00095,Conecta Soluções 184,SP,São Paulo,Lucas Barros,Gaveteiro Executivo,Móveis,4,681.69,0.0,361.36,Cartão de crédito
2025-05-28,PED-2025-00095,Conecta Soluções 184,SP,São Paulo,Lucas Barros,Headset Corporativo,Acessórios,1,342.46,0.08,162.44,Cartão de crédito
2025-05-28,PED-2025-00095,Conecta Soluções 184,SP,São Paulo,Lucas Barros,Webcam Full HD,Acessórios,4,292.47,0.0,135.39,Cartão de crédito
2025-02-26,PED-2025-00096,Vértice Soluções 120,MG,Uberlândia,Lucas Barros,Cadeira Ergonômica,Móveis,2,1383.38,0.0,751.07,Transferência
2025-02-26,PED-2025-00096,Vértice Soluções 120,MG,Uberlândia,Lucas Barros,Webcam Full HD,Acessórios,3,292.15,0.08,128.37,Transferência
2025-11-25,PED-2025-00097,Integra Varejo 046,SP,Ribeirão Preto,Camila Rocha,Filtro de Linha Premium,Energia,1,115.63,0.0,49.7,Pix
2025-12-23,PED-2025-00098,Integra Varejo 126,SP,São Paulo,,Mouse Sem Fio,Acessórios,10,156.7,0.03,66.39,Cartão de crédito
2025-12-23,PED-2025-00098,Integra Varejo 126,SP,São Paulo,Camila Rocha,Switch 24 Portas,Conectividade,10,1170.53,0.03,"R$ 624,61",Cartão de crédito
2025-11-30,PED-2025-00099,Alfa Comercial 041,MG,Uberlândia,Fernanda Alves,Webcam Full HD,Acessórios,4,292.3,0.0,129.03,Cartão de crédito
2025-11-30,PED-2025-00099,Alfa Comercial 041,MG,Uberlândia,Fernanda Alves,Mouse Sem Fio,Acessórios,1,150.76,0.05,70.7,Cartão de crédito
2025-04-28,PED-2025-00100,Integra Logística 106,MG,Uberlândia,Lucas Barros,Mouse Sem Fio,Acessórios,3,150.23,0.12,68.22,Pix
2025-04-28,PED-2025-00100,Integra Logística 106,MG,Uberlândia,Lucas Barros,Toner Preto,Impressão,2,335.03,0.1,146.0,Pix
2025-06-03,PED-2025-00101,Prime Serviços 189,PR,Curitiba,Juliana Mendes,Toner Preto,Impressão,1,339.89,0.05,149.15,Boleto
2025-06-03,PED-2025-00101,Prime Serviços 189,PR,Curitiba,Juliana Mendes,Filtro de Linha Premium,Energia,1,123.15,0.0,50.18,Boleto
2025-08-19,PED-2025-00102,Horizonte Serviços 165,PR,Curitiba,Bruno Costa,Filtro de Linha Premium,Energia,2,118.25,0.05,52.62,Pix
2025-11-23,PED-2025-00103,Integra Distribuidora 156,RS,Porto Alegre,Juliana Mendes,Monitor Ultrawide 29,Informática,3,1738.9,0.05,1182.45,Boleto
2025-03-05,PED-2025-00104,Integra Logística 106,SP,Campinas,Bruno Costa,Webcam Full HD,Acessórios,2,273.15,0.05,131.66,Cartão de crédito
2025-03-05,PED-2025-00104,Integra Logística 106,SP,Campinas,Bruno Costa,Switch 24 Portas,Conectividade,1,1106.84,0.0,597.29,Cartão de crédito
2025-10-13,PED-2025-00105,Nova Tecnologia 067,MG,Juiz de Fora,Juliana Mendes,Filtro de Linha Premium,Energia,2,125.88,0.08,52.65,Pix
2025-10-13,PED-2025-00105,Nova Tecnologia 067,MG,Juiz de Fora,Juliana Mendes,Cadeira Ergonômica,Móveis,2,1392.06,0.0,747.75,Pix
2025-05-15,PED-2025-00106,Prime Serviços 109,MG,Uberlândia,Diego Lima,Access Point Wi-Fi 6,Conectividade,1,922.31,0.15,492.87,Cartão de crédito
2025-05-15,PED-2025-00106,Prime Serviços 109,MG,Uberlândia,Diego Lima,Notebook Essencial 14,Informática,2,2878.87,0.0,2045.13,Cartão de crédito
2025-05-29,PED-2025-00107,Integra Distribuidora 076,GO,Anápolis,Lucas Barros,Mouse Sem Fio,Acessórios,1,149.34,0.1,69.2,Pix
2025-07-23,PED-2025-00108,Prime Engenharia 039,SP,Santos,Bruno Costa,Monitor Ultrawide 29,Informática,1,1873.78,0.0,1160.11,Pix
2025-07-23,PED-2025-00108,Prime Engenharia 039,SP,Santos,Bruno Costa,Toner Preto,Impressão,1,338.81,0.1,145.49,Pix
2025-07-23,PED-2025-00108,Prime Engenharia 039,SP,Santos,Bruno Costa,Switch 24 Portas,Conectividade,1,1075.63,0.05,634.15,Pix
2025-10-24,PED-2025-00109,Integra Varejo 046,SP,São Paulo,Lucas Barros,Headset Corporativo,Acessórios,1,322.31,0.0,157.8,Cartão de débito
2025-07-09,PED-2025-00110,Vértice Varejo 190,MG,Juiz de Fora,Fernanda Alves,Webcam Full HD,Acessórios,1,271.17,0.05,129.89,Cartão de crédito
2025-07-09,PED-2025-00110,Vértice Varejo 190,MG,Juiz de Fora,Fernanda Alves,Filtro de Linha Premium,Energia,2,118.23,0.1,52.71,Cartão de crédito
2025-07-09,PED-2025-00110,Vértice Varejo 190,MG,Juiz de Fora,Fernanda Alves,Mouse Sem Fio,Acessórios,2 unidades,147.6,0.0,66.6,Cartão de crédito
2025-08-23,PED-2025-00111,Prime Comercial 089,GO,Anápolis,Lucas Barros,Notebook Pro 15,Informática,4,5038.96,0.0,3537.02,Cartão de débito
2025-03-24,PED-2025-00112,Nova Tecnologia 187,BA,Salvador,Ana Martins,Teclado Mecânico,Acessórios,3,401.7,0.12,196.03,Pix
2025-03-24,PED-2025-00112,Nova Tecnologia 187,BA,Salvador,Ana Martins,Impressora Multifuncional,Impressão,5,1601.88,0.1,1037.71,Pix
2025-03-25,PED-2025-00113,Conecta Soluções 064, rs ,Caxias do Sul,Diego Lima,Cadeira Ergonômica,Móveis,6,1432.84,0.12,760.2,Pix
2025-02-13,PED-2025-00114,Vértice Varejo 150,RS,Porto Alegre,Camila Rocha,Filtro de Linha Premium,Energia,3,118.9,0.08,51.16,Pix
2025-02-13,PED-2025-00114,Vértice Varejo 150,RS,Porto Alegre,Camila Rocha,Kit Toner Colorido, impressão ,5,876.46,0.12,400.9,Pix
2025-07-10,PED-2025-00115,Horizonte Serviços 085,RS,Caxias do Sul,Fernanda Alves,Roteador Empresarial,Conectividade,1,763.43,0.1,357.59,Transferência
2025-12-24,PED-2025-00116,Nova Serviços 157,SP,Ribeirão Preto,Camila Rocha,Headset Corporativo,Acessórios,2,328.47,0.12,153.82,Cartão de crédito
2025-07-25,PED-2025-00117,Nova Comercial 057,RS,Caxias do Sul,Fernanda Alves,Mouse Sem Fio,Acessórios,2,147.02,0.0,70.52,Cartão de crédito
2025-07-25,PED-2025-00117,Nova Comercial 057,RS,Caxias do Sul,Fernanda Alves,Mesa Ajustável,Móveis,2,1899.88,0.05,1043.46,Cartão de crédito
2025-11-13,PED-2025-00118,Alfa Serviços 141,MG,Belo Horizonte,Camila Rocha,Headset Corporativo,Acessórios,2,343.51,0.12,156.93,Transferência
2025-11-13,PED-2025-00118,Alfa Serviços 141,MG,Belo Horizonte,Camila Rocha,Gaveteiro Executivo,Móveis,4,667.99,0.0,355.87,Transferência
2025-03-15,PED-2025-00119,Vértice Distribuidora 020,DF,Brasília,Ana Martins,Gaveteiro Executivo,Móveis,3,702.05,0.05,372.26,Pix
2025-03-15,PED-2025-00119,Vértice Distribuidora 020,DF,Brasília,Ana Martins,Roteador Empresarial,Conectividade,2,750.56,0.0,377.48,Pix
2025-10-13,PED-2025-00120,Nova Engenharia 167,SP,Campinas,Bruno Costa,Toner Preto,Impressão,1,338.49,0.03,143.83,Cartão de débito
2025-06-15,PED-2025-00121,Horizonte Comercial 025,PE,Caruaru,Camila Rocha,Mesa Ajustável,Móveis,8,1879.82,0.0,1059.29,Cartão de crédito
2025-08-14,PED-2025-00122,Horizonte Engenharia 135,SC,Blumenau,Ana Martins,Notebook Essencial 14,Informática,4,2967.63,0.0,2076.73,Boleto
2025-06-19,PED-2025-00123,Aurora Distribuidora 212,RS,Caxias do Sul,Diego Lima,Filtro de Linha Premium,Energia,3,123.06,0%,51.31,Cartão de crédito
2025-06-19,PED-2025-00123,Aurora Distribuidora 212,RS,Caxias do Sul,Diego Lima,Cadeira Ergonômica,Móveis,4,1454.77,0.05,756.65,Cartão de crédito
2025-06-05,PED-2025-00124,Vértice Logística 130,SP,São Paulo,Ana Martins,Kit Toner Colorido,Impressão,2,918.29,0.0,410.62,Boleto
2025-06-05,PED-2025-00124,Vértice Logística 130,SP,São Paulo,Ana Martins,Notebook Pro 15,Informática,4,4875.84,0.1,3372.62,Boleto
2025-04-02,PED-2025-00125,Horizonte Tecnologia 035,MG,Juiz de Fora,Juliana Mendes,Mouse Sem Fio,Acessórios,2,157.26,0.05,69.0,Cartão de débito
2025-04-02,PED-2025-00125,Horizonte Tecnologia 035,MG,Juiz de Fora,Juliana Mendes,Teclado Mecânico,Acessórios,5,403.53,0.03,192.15,Cartão de débito
2025-04-02,PED-2025-00125,Horizonte Tecnologia 035,MG,Juiz de Fora,Juliana Mendes,Headset Corporativo,Acessórios,2,324.69,0.03,159.31,Cartão de débito
2025-01-30,PED-2025-00126,Nova Engenharia 127,MG,Uberlândia,Gustavo Ribeiro,Headset Corporativo,Acessórios,4,329.95,0.0,161.66,Boleto
2025-01-30,PED-2025-00126,Nova Engenharia 127,MG,Uberlândia,Gustavo Ribeiro,Monitor Ultrawide 29,Informática,1,1769.37,,1178.46,Boleto
2025-11-22,PED-2025-00127,Central Tecnologia 003,SP,Campinas,Ana Martins,Access Point Wi-Fi 6,Conectividade,3,890.02,0.05,466.06,Cartão de crédito
2025-06-14,PED-2025-00128,Ponto Distribuidora 028,PE,Caruaru,Ana Martins,Mesa Ajustável,Móveis,2,1875.8,0.15,1044.77,Pix
2025-06-14,PED-2025-00128,Ponto Distribuidora 028,PE,Caruaru,Ana Martins,Monitor Ultrawide 29,Informática,4,1776.34,0.0,1128.93,Pix
2025-06-14,PED-2025-00128,Ponto Distribuidora 028,PE,Caruaru,Ana Martins,Mouse Sem Fio,Acessórios,7,144.15,0.05,69.03,Pix
2025-04-01,PED-2025-00129,Horizonte Tecnologia 115,RS,Caxias do Sul,Juliana Mendes,Cadeira Ergonômica,Móveis,1,1339.72,0.0,771.42,Cartão de crédito
2025-03-01,PED-2025-00130,Alfa Engenharia 031,SP,Campinas,Juliana Mendes,Filtro de Linha Premium,Energia,2,125.38,0.0,52.19,Transferência
2025-09-19,PED-2025-00131,Aurora Distribuidora 052,PE,Caruaru,Lucas Barros,Access Point Wi-Fi 6,Conectividade,5,887.82,0.05,468.8,Cartão de crédito
2025-08-30,PED-2025-00132,Horizonte Tecnologia 155,SP,Santos,Gustavo Ribeiro,Cadeira Ergonômica,Móveis,1,1426.11,0.03,756.32,Cartão de débito
2025-05-18,PED-2025-00133,Alfa Tecnologia 131,MG,Belo Horizonte,Lucas Barros,Access Point Wi-Fi 6,Conectividade,2,873.76,0.08,494.67,Cartão de crédito
2025-02-15,PED-2025-00134,Aurora Varejo 142,SC,Florianópolis,Lucas Barros,Toner Preto,Impressão,1,329.91,0.1,144.53,Pix
2025-07-06,PED-2025-00135,Alfa Comercial 161,BA,Feira de Santana,Fernanda Alves,Filtro de Linha Premium,Energia,2,124.66,0.05,49.98,Cartão de débito
2025-04-09,PED-2025-00136,Vértice Varejo 030,SC,Florianópolis,Ana Martins,Webcam Full HD,Acessórios,4,275.75,0.0,133.72,Pix
2025-04-22,PED-2025-00137,Ponto Soluções 168,SC,Joinville,Ana Martins,Webcam Full HD,Acessórios,3,278.22,0.05,133.52,Pix
2025-02-22,PED-2025-00138,Nova Engenharia 167,MG,Belo Horizonte,Camila Rocha,Roteador Empresarial,Conectividade,3,759.58,0.1,364.3,Boleto
2025-10-08,PED-2025-00139,Vértice Distribuidora 060,PR,Maringá,Lucas Barros,Webcam Full HD,Acessórios,3,277.18,0.15,128.19,Transferência
2025-01-29,PED-2025-00140,Central Comercial 113,BA,Feira de Santana,Camila Rocha,Cadeira Ergonômica,Móveis,7,1397.46,0.0,769.74,Boleto
2025-01-29,PED-2025-00140,Central Comercial 113,BA,Feira de Santana,Camila Rocha,Monitor Ultrawide 29,Informática,3,1874.85,0.0,1166.17,Boleto
2025-01-29,PED-2025-00140,Central Comercial 113,BA,Feira de Santana,Camila Rocha,Notebook Essencial 14,Informática,1,2847.09,0.1,2014.53,Boleto
2025-05-01,PED-2025-00141,Nova Serviços 117,DF,Brasília,Bruno Costa,Headset Corporativo,Acessórios,4,322.09,0.08,156.17,Boleto
2025-03-10,PED-2025-00142,Nova Serviços 077,RJ,Niterói,Camila Rocha,Access Point Wi-Fi 6,Conectividade,4,926.5,0.03,464.96,Boleto
2025-09-19,PED-2025-00143,Ponto Distribuidora 028,MG,Uberlândia,Lucas Barros,Switch 24 Portas,Conectividade,2,1146.8,0.08,634.09,Cartão de crédito
2025-03-29,PED-2025-00144,Integra Distribuidora 036,RJ,Niterói,Ana Martins,Impressora Multifuncional,Impressão,3,1564.26,0.0,987.35,Cartão de crédito
2025-07-09,PED-2025-00145,Alfa Serviços 061,SP,Campinas,Juliana Mendes,Headset Corporativo,Acessórios,2,326.44,0.0,153.54,Pix
2025-01-12,PED-2025-00146,Nova Engenharia 167,SP,Campinas,Fernanda Alves,Mesa Ajustável,Móveis,1,1903.33,0.1,1073.99,Transferência
2025-12-28,PED-2025-00147,Prime Comercial 169,MG,Belo Horizonte,Gustavo Ribeiro,Notebook Essencial 14,Informática,1,2783.29,0.1,2072.41,Boleto
2025-12-28,PED-2025-00147,Prime Comercial 169,MG,Belo Horizonte,Gustavo Ribeiro,Filtro de Linha Premium,Energia,6,116.16,0.0,50.95,Boleto
2025-12-28,PED-2025-00147,Prime Comercial 169,MG,Belo Horizonte,Gustavo Ribeiro,Roteador Empresarial,Conectividade,4,736.92,0.05,367.91,Boleto
2025-10-22,PED-2025-00148,Vértice Distribuidora 060,PE,Recife,Juliana Mendes,Cadeira Ergonômica,Móveis,1,1397.29,0.0,765.87,Boleto
2025-11-23,PED-2025-00149,Alfa Tecnologia 091,PR,Londrina,Diego Lima,Roteador Empresarial,Conectividade,2,730.5,0.1,372.01,Pix
2025-11-23,PED-2025-00149,Alfa Tecnologia 091,PR,Londrina,Diego Lima,Filtro de Linha Premium,Energia,2,116.35,0.05,52.04,Pix
2025-11-23,PED-2025-00149,Alfa Tecnologia 091,PR,Londrina,Diego Lima,Access Point Wi-Fi 6,Conectividade,1,919.75,0.0,480.8,Pix
2025-10-28,PED-2025-00150,Integra Logística 146,SP,São Paulo,Diego Lima,Mouse Sem Fio,Acessórios,4,146.01,0.0,70.72,Transferência
2025-10-28,PED-2025-00150,Integra Logística 146,SP,São Paulo,Diego Lima,Teclado Mecânico,Acessórios,4,391.23,0.12,187.42,Transferência
2025-10-28,PED-2025-00150,Integra Logística 146,SP,São Paulo,Diego Lima,Gaveteiro Executivo,Móveis,1,684.46,0.05,364.68,Transferência
2025-02-13,PED-2025-00151,Ponto Varejo 198,SP,Santos,Juliana Mendes,Notebook Pro 15,Informática,2,4982.87,0.0,3544.79,Cartão de crédito
2025-04-03,PED-2025-00152,Central Comercial 193,RS,Caxias do Sul,Diego Lima,Mesa Ajustável,Móveis,4,1837.42,0.0,1036.9,Boleto
2025-02-19,PED-2025-00153,Ponto Logística 058,SP,Santos,Camila Rocha,Mesa Ajustável,Móveis,2,1873.82,0.15,1046.8,Boleto
2025-08-17,PED-2025-00154,Horizonte Engenharia 175,PE,Caruaru,Camila Rocha,Filtro de Linha Premium,Energia,7,"R$ 116,47",0.1,51.28,Boleto
2025-08-17,PED-2025-00154,Horizonte Engenharia 175,PE,Caruaru,Camila Rocha,Webcam Full HD,Acessórios,1,284.55,0.08,135.01,Boleto
2025-01-22,PED-2025-00155,Aurora Soluções 192,BA,Feira de Santana,Ana Martins,Access Point Wi-Fi 6,Conectividade,3,869.47,0.03,487.21,Cartão de crédito
2025-01-14,PED-2025-00156,Alfa Serviços 021,SP,Santos,Diego Lima,Teclado Mecânico,Acessórios,5,395.73,0.03,190.26,Cartão de crédito
2025-11-21,PED-2025-00157,Alfa Comercial 161,SP,São Paulo,Fernanda Alves,Filtro de Linha Premium,Energia,4,119.81,0.03,51.33,Pix
2025-11-21,PED-2025-00157,Alfa Comercial 161,SP,São Paulo,Fernanda Alves,Roteador Empresarial,Conectividade,3,779.58,,358.99,Pix
2025-01-16,PED-2025-00158,,RJ,Rio de Janeiro,Juliana Mendes,Roteador Empresarial,Conectividade,3,746.22,0.0,363.73,Pix
2025-05-09,PED-2025-00159,Central Comercial 073,DF,Brasília,Bruno Costa,Cadeira Ergonômica,Móveis,2,1351.74,0.05,784.08,Pix
2025-05-09,PED-2025-00159,Central Comercial 073,DF,Brasília,Bruno Costa,Gaveteiro Executivo,Móveis,4,697.66,0.0,358.4,Pix
2025-09-12,PED-2025-00160,Prime Comercial 209,RS,Porto Alegre,Camila Rocha,Access Point Wi-Fi 6,Conectividade,1,856.3,0.0,492.22,Cartão de crédito
2025-09-26,PED-2025-00161,Prime Comercial 169,MG,Belo Horizonte,Diego Lima,Cadeira Ergonômica,Móveis,6,1438.32,0.0,772.65,Cartão de débito
2025-02-05,PED-2025-00162,Central Tecnologia 203,SC,Blumenau,Gustavo Ribeiro,Headset Corporativo,Acessórios,2,326.41,0.03,156.03,Pix
2025-11-12,PED-2025-00163,Ponto Logística 178,SP,Campinas,Juliana Mendes,Toner Preto,Impressão,1,320.3,0.0,142.1,Cartão de crédito
2025-04-18,PED-2025-00164,Ponto Soluções 168,DF,Brasília,Camila Rocha,Impressora Multifuncional,Impressão,2,1527.96,0.08,1049.78,Cartão de crédito
2025-01-17,PED-2025-00165,Aurora Logística 042,SP,Campinas, FERNANDA ALVES ,Switch 24 Portas,Conectividade,3,1100.12,0.05,604.4,Cartão de crédito
2025-01-17,PED-2025-00165,Aurora Logística 042,SP,Campinas,Fernanda Alves,Roteador Empresarial,Conectividade,5,765.01,0.15,367.7,Cartão de crédito
2025-02-15,PED-2025-00166,Ponto Distribuidora 108,MG,Juiz de Fora,Camila Rocha,Notebook Essencial 14,Informática,4,2825.89,0.1,1973.11,Pix
2025-02-09,PED-2025-00167,Vértice Soluções 160,PE,Caruaru,Ana Martins,Roteador Empresarial,Conectividade,4,740.78,0.08,381.61,Cartão de crédito
2025-02-09,PED-2025-00167,Vértice Soluções 160,PE,Caruaru,Ana Martins,Access Point Wi-Fi 6,Conectividade,1,889.41,0.1,497.04,Cartão de crédito
2025-01-26,PED-2025-00168,,SP,São Paulo,Gustavo Ribeiro,Notebook Essencial 14,Informática,1,2945.37,0.1,2050.11,Cartão de crédito
2025-01-26,PED-2025-00168,Horizonte Serviços 045,SP,São Paulo,Gustavo Ribeiro,Webcam Full HD,Acessórios,1,282.24,0.08,128.98,Cartão de crédito
2025-07-16,PED-2025-00169,Nova Serviços 117,SP,Ribeirão Preto, LUCAS BARROS ,Impressora Multifuncional,Impressão,1,1644.81,0.08,1021.51,Cartão de crédito
2025-11-15,PED-2025-00170,Prime Tecnologia 099,RJ,Petrópolis,Juliana Mendes,Headset Corporativo,Acessórios,2,322.44,0.03,163.7,Cartão de crédito
2025-11-12,PED-2025-00171,Aurora Distribuidora 052,MG,Juiz de Fora,Lucas Barros,Headset Corporativo,Acessórios,1,334.78,0.15,157.71,Boleto
2025-11-12,PED-2025-00171,Aurora Distribuidora 052,MG,Juiz de Fora,Lucas Barros,Roteador Empresarial,Conectividade,5,778.61,0.05,"R$ 371,19",Boleto
2025-02-08,PED-2025-00172,Alfa Serviços 181,SP,Santos,Gustavo Ribeiro,Filtro de Linha Premium,Energia,1,125.25,0.12,51.37,Pix
32/13/2025,PED-2025-00172,Alfa Serviços 181,SP,Santos,Gustavo Ribeiro,Access Point Wi-Fi 6,Conectividade,2,888.02,0.0,466.9,Pix
2025-07-01,PED-2025-00173,Horizonte Comercial 185,SP,Campinas,Camila Rocha,Mouse Sem Fio,Acessórios,6,152.35,0.12,66.68,Pix
2025-07-01,PED-2025-00173,Horizonte Comercial 185,SP,Campinas,Camila Rocha,Monitor Ultrawide 29,Informática,3,1851.97,0.08,1175.56,Pix
2025-02-23,PED-2025-00174,Aurora Soluções 152,PR,Londrina,Fernanda Alves,Roteador Empresarial,Conectividade,2,753.23,0.05,365.71,Transferência
2025-02-23,PED-2025-00174,Aurora Soluções 152,PR,Londrina,Fernanda Alves,Headset Corporativo,Acessórios,2,321.84,0.03,156.51,Transferência
2025-01-07,PED-2025-00175,Vértice Varejo 110,MG,Belo Horizonte,Ana Martins,Toner Preto,Impressão,3,329.57,0%,147.93,Transferência
2025-08-23,PED-2025-00176,Horizonte Serviços 165,SC,Florianópolis,Bruno Costa,Notebook Pro 15,Informática,7,5132.54,0.0,3450.89,Cartão de crédito
2025-07-08,PED-2025-00177,Aurora Varejo 182,RS,Caxias do Sul,Camila Rocha,Access Point Wi-Fi 6,Conectividade,3,921.38,0.0,470.17,Cartão de crédito
2025-07-08,PED-2025-00177,Aurora Varejo 182,RS,Caxias do Sul,Camila Rocha,Monitor Ultrawide 29,Informática,2,1772.27,0.0,1161.83,Cartão de crédito
2025-07-18,PED-2025-00178,Prime Comercial 169,RJ,Petrópolis,Gustavo Ribeiro,Teclado Mecânico,Acessórios,1,388.58,0.12,199.02,Cartão de crédito
2025-11-22,PED-2025-00179,Nova Tecnologia 147,RJ,Petrópolis,Fernanda Alves,Monitor Ultrawide 29,Informática,9,1825.7,0.03,1197.2,Cartão de crédito
2025-06-16,PED-2025-00180,Prime Serviços 109,BA,Feira de Santana,Camila Rocha,Mouse Sem Fio, acessórios ,7,156.07,0.12,70.53,Pix
2025-10-10,PED-2025-00181,Integra Varejo 206,SP,Santos,Lucas Barros,Headset Corporativo,Acessórios,9,331.45,0.12,160.23,Boleto
2025-10-10,PED-2025-00181,Integra Varejo 206,SP,Santos,Lucas Barros,Teclado Mecânico,Acessórios,3,390.6,0.0,197.3,Boleto
2025-07-28,PED-2025-00182,Ponto Varejo 158,SP,Santos,Juliana Mendes,Teclado Mecânico,Acessórios,6,397.62,0.1,199.59,Cartão de crédito
2025-07-28,PED-2025-00182,Ponto Varejo 158,SP,Santos,Juliana Mendes,Nobreak 1500VA,Energia,3,1222.14,0.05,698.55,Cartão de crédito
05/10/2025,PED-2025-00183,Horizonte Serviços 125,RJ,Niterói,Fernanda Alves,Headset Corporativo,Acessórios,1,343.28,0.0,159.62,Pix
2025-10-05,PED-2025-00183,Horizonte Serviços 125,RJ,Niterói,Fernanda Alves,Mouse Sem Fio,Acessórios,1,149.94,0.05,68.21,Pix
2025-02-08,PED-2025-00184,Alfa Engenharia 111,PR,Curitiba,Ana Martins,Headset Corporativo,Acessórios,6,334.0,0.0,161.44,Cartão de débito
2025-02-08,PED-2025-00184,Alfa Engenharia 111,PR,Curitiba,Ana Martins,Switch 24 Portas,Conectividade,6,1100.92,0.05,632.21,Cartão de débito
2025-06-22,PED-2025-00185,Central Comercial 193,RJ,Rio de Janeiro,Bruno Costa,Switch 24 Portas,Conectividade,2,1162.97,0.08,614.45,Cartão de débito
2025-12-27,PED-2025-00186,Prime Tecnologia 179,RJ,Petrópolis,Fernanda Alves,Mouse Sem Fio,Acessórios,1,145.79,0.1,67.04,Boleto
2025-12-27,PED-2025-00186,Prime Tecnologia 179,RJ,Petrópolis,Fernanda Alves,Toner Preto,Impressão,3,316.2,0.05,146.86,Boleto
2025-12-27,PED-2025-00186,Prime Tecnologia 179,RJ,Petrópolis,Fernanda Alves,Filtro de Linha Premium,Energia,4,119.53,0%,52.11,Boleto
2025-09-16,PED-2025-00187,Alfa Engenharia 031,RS,Porto Alegre,Bruno Costa,Teclado Mecânico,Acessórios,4,383.85,0.05,188.68,Transferência
2025-05-24,PED-2025-00188,Integra Distribuidora 156,MG,Belo Horizonte,Ana Martins,Mouse Sem Fio,Acessórios,5,146.69,0.0,68.33,Pix
2025-05-24,PED-2025-00188,Integra Distribuidora 156,MG,Belo Horizonte,Ana Martins,Roteador Empresarial,Conectividade,2,767.85,0.1,359.04,Pix
2025-07-29,PED-2025-00189,Integra Soluções 176,PE,Olinda,Lucas Barros,Mesa Ajustável,Móveis,1,1828.57,0.0,1077.58,Cartão de crédito
2025-07-29,PED-2025-00189,Integra Soluções 176,PE,Olinda,Lucas Barros,Toner Preto,Impressão,3,340.75,0.15,143.27,Cartão de crédito
2025-11-14,PED-2025-00190,Integra Distribuidora 196,BA,Salvador,Bruno Costa,Toner Preto,Impressão,3,319.84,0.0,142.68,Cartão de crédito
2025-01-18,PED-2025-00191,Ponto Varejo 078,PR,Curitiba,Camila Rocha,Mesa Ajustável,Móveis,2,1788.51,0.1,1080.76,Cartão de crédito
2025-01-18,PED-2025-00191,Ponto Varejo 078,PR,Curitiba,Camila Rocha,Filtro de Linha Premium,Energia,7,121.87,0.03,51.9,Cartão de crédito
2025-03-21,PED-2025-00192,Vértice Distribuidora 220,RS,Caxias do Sul,Ana Martins,Monitor Ultrawide 29,Informática,5,1748.01,0.0,1128.85,Pix
2025-03-21,PED-2025-00192,Vértice Distribuidora 220,RS,Caxias do Sul,Ana Martins,Mouse Sem Fio,Acessórios,4,144.29,0.05,67.3,PIX
,PED-2025-00193,Integra Soluções 096,PR,Curitiba,Ana Martins,Notebook Essencial 14,Informática,1,2895.4,0.0,2074.29,Pix
2025-06-29,PED-2025-00193,Integra Soluções 096,PR,Curitiba,Ana Martins,Filtro de Linha Premium,Energia,1,119.97,0.05,52.42,Pix
2025-12-04,PED-2025-00194,Aurora Varejo 142,SC,Joinville,Lucas Barros,Notebook Essencial 14,Informática,2,2888.39,0.0,1989.01,Pix
2025-08-26,PED-2025-00195,Aurora Distribuidora 052,PR,Maringá,Fernanda Alves,Headset Corporativo,Acessórios,1,326.23,0.1,163.65,Cartão de crédito
2025-01-24,PED-2025-00196,Horizonte Engenharia 095,SC,Blumenau,Bruno Costa,Mesa Ajustável,Móveis,4,1845.07,0.0,1038.68,Boleto
2025-09-30,PED-2025-00197,Horizonte Serviços 205,MG,Belo Horizonte,Bruno Costa,Notebook Pro 15,Informática,1,4815.24,0.05,3444.05,Cartão de crédito
2025-01-14,PED-2025-00198,Integra Distribuidora 036,SP,São Paulo,Bruno Costa,Mesa Ajustável,Móveis,1,1932.74,0.0,1018.04,Cartão de crédito
2025-02-04,PED-2025-00199,Integra Soluções 216,SP,Ribeirão Preto,Fernanda Alves,Notebook Essencial 14,Informática,1,2874.27,0.12,1980.5,Cartão de crédito
2025-02-04,PED-2025-00199,Integra Soluções 216,SP,Ribeirão Preto,Fernanda Alves,Filtro de Linha Premium,Energia,5,122.1,0.15,49.68,Cartão de crédito
2025-02-04,PED-2025-00199,Integra Soluções 216,SP,Ribeirão Preto,Fernanda Alves,Mouse Sem Fio,Acessórios,4,153.41,0.0,68.5,Cartão de crédito
2025-08-14,PED-2025-00200,Alfa Serviços 101,SC,Florianópolis,Camila Rocha,Notebook Pro 15,Informática,6,4765.28,0.08,3331.76,Pix
2025-08-14,PED-2025-00200,Alfa Serviços 101,SC,Florianópolis,Camila Rocha,Toner Preto,Impressão,1,333.26,0.03,148.75,Pix
2025-02-26,PED-2025-00201,Integra Varejo 046,PR,Londrina,Lucas Barros,Cadeira Ergonômica,Móveis,1,1335.8,0.15,758.89,Transferência
2025-02-26,PED-2025-00201,Integra Varejo 046,PR,Londrina,Lucas Barros,Teclado Mecânico,Acessórios,1,384.26,0.05,"R$ 190,60",Transferência
2025-07-25,PED-2025-00202,Alfa Tecnologia 211,BA,Salvador,Gustavo Ribeiro,Monitor Ultrawide 29,Informática,2,1743.7,0.0,1145.33,Pix
2025-07-25,PED-2025-00202,Alfa Tecnologia 211,BA,Salvador,Gustavo Ribeiro,Filtro de Linha Premium,Energia,1,125.57,0.0,51.58,Pix
2025-11-16,PED-2025-00203,Vértice Soluções 120,SP,Ribeirão Preto,Camila Rocha,Mouse Sem Fio,Acessórios,2,156.46,0.05,69.86,Pix
2025-11-16,PED-2025-00203,Vértice Soluções 120,SP,Ribeirão Preto,Camila Rocha,Cadeira Ergonômica,Móveis,4,1423.99,0.12,779.97,Pix
2025-04-27,PED-2025-00204,Aurora Varejo 022,SP,Santos,Gustavo Ribeiro,Notebook Essencial 14,Informática,1,2933.17,0.1,2075.61,Pix
2025-08-10,PED-2025-00205,Alfa Comercial 121,RJ,Petrópolis,Juliana Mendes,Mouse Sem Fio,Acessórios,5,151.92,0.0,69.51,Boleto
2025-08-10,PED-2025-00205,Alfa Comercial 121,RJ,Petrópolis,Juliana Mendes,Filtro de Linha Premium,Energia,6,121.47,0.0,49.75,Boleto
2025-07-25,PED-2025-00206,Horizonte Comercial 065,RS,Porto Alegre,Camila Rocha,Teclado Mecânico,Acessórios,5,385.75,0.0,191.53,Cartão de crédito
2025-07-25,PED-2025-00206,Horizonte Comercial 065,RS,Porto Alegre,Camila Rocha,Toner Preto,Impressão,1,332.74,0.03,143.06,Cartão de crédito
2025-11-21,PED-2025-00207,Vértice Varejo 190,SP,Ribeirão Preto,Ana Martins,Notebook Essencial 14,Informática,1,2775.7,0.0,2049.27,Boleto
2025-11-21,PED-2025-00207,Vértice Varejo 190,SP,Ribeirão Preto,Ana Martins,Mouse Sem Fio,Acessórios,3,154.22,0.05,69.53,Boleto
2025-08-08,PED-2025-00208,Prime Engenharia 039,DF,Brasília,Diego Lima,Mouse Sem Fio,Acessórios,2,152.2,0.05,68.9,Cartão de crédito
2025-08-08,PED-2025-00208,Prime Engenharia 039,DF,Brasília,Diego Lima,Nobreak 1500VA,Energia,3,1171.31,0.08,675.63,Cartão de crédito
2025-08-08,PED-2025-00208,Prime Engenharia 039,DF,Brasília,Diego Lima,Notebook Essencial 14,Informática,7,2871.66,0.05,2017.33,Cartão de crédito
2025-08-26,PED-2025-00209,Horizonte Engenharia 015,RS,Porto Alegre,Diego Lima,Switch 24 Portas,Conectividade,2,"R$ 1.136,78",0.08,603.11,Pix
2025-08-26,PED-2025-00209,Horizonte Engenharia 015,RS,Porto Alegre,Diego Lima,Kit Toner Colorido,Impressão,4,896.0,0.1,414.42,Pix
2025-08-26,PED-2025-00209,Horizonte Engenharia 015,RS,Porto Alegre,Diego Lima,Nobreak 1500VA,Energia,5,1190.98,0.05,698.18,Pix
2025-05-23,PED-2025-00210,Vértice Soluções 040,GO,Aparecida de Goiânia,Juliana Mendes,Notebook Essencial 14,Informática,1,2841.42,0.0,2094.18,Transferência
2025-03-22,PED-2025-00211,Integra Distribuidora 156,GO,Goiânia,Juliana Mendes,Headset Corporativo,Acessórios,5,325.66,0.0,161.13,Cartão de crédito
2025-03-22,PED-2025-00211,Integra Distribuidora 156,GO,Goiânia,Juliana Mendes,Toner Preto,Impressão,2,334.57,0.0,148.5,Cartão de crédito
2025-10-24,PED-2025-00212,Conecta Soluções 144,SP,Campinas,Bruno Costa,Webcam Full HD,Acessórios,5,282.35,0.0,134.41,Boleto
2025-09-25,PED-2025-00213,Aurora Distribuidora 052,RJ,Petrópolis,Lucas Barros,Kit Toner Colorido,Impressão,3,848.33,0.1,403.52,Pix
2025-01-06,PED-2025-00214,Central Engenharia 103,SP,Campinas,Lucas Barros,Toner Preto,Impressão,4,321.28,0.0,147.74,Pix
2025-01-06,PED-2025-00214,Central Engenharia 103,SP,Campinas,Lucas Barros,Kit Toner Colorido,Impressão,1,858.57,0.03,394.84,Pix
2025-11-08,PED-2025-00215,Central Engenharia 103,GO,Goiânia,Camila Rocha,Monitor Ultrawide 29,Informática,1,1748.78,0.0,1174.26,Transferência
2025-11-08,PED-2025-00215,Central Engenharia 103,GO,Goiânia,Camila Rocha,Kit Toner Colorido,Impressão,6,900.07,0.15,412.07,Transferência
2025-11-08,PED-2025-00215,Central Engenharia 103,GO,Goiânia,Camila Rocha,Impressora Multifuncional,Impressão,2,1578.59,0.0,1015.56,Transferência
2025-08-17,PED-2025-00216,Vértice Distribuidora 180,SP,Ribeirão Preto,Diego Lima,Notebook Essencial 14,Informática,7,2811.67,0.0,1986.98,Pix
2025-08-10,PED-2025-00217,Ponto Distribuidora 108,MG,Belo Horizonte,Gustavo Ribeiro,Gaveteiro Executivo, móveis ,3,720.26,0.1,377.63,Cartão de crédito
2025-10-24,PED-2025-00218,Integra Distribuidora 116,PR,Maringá,Lucas Barros,Notebook Essencial 14,Informática,2,2865.88,0.08,2071.2,Boleto
2025-12-22,PED-2025-00219,Ponto Distribuidora 188,SP,Santos,Gustavo Ribeiro,Teclado Mecânico,Acessórios,2,402.79,0.1,195.59,Boleto
2025-03-10,PED-2025-00220,Integra Soluções 216,BA,Salvador,Gustavo Ribeiro,Cadeira Ergonômica,Móveis,12,1346.9,0.0,754.04,Pix
2025-03-10,PED-2025-00220,Integra Soluções 216,BA,Salvador,Gustavo Ribeiro,Webcam Full HD,Acessórios,4,277.65,0.03,136.34,Pix
2025-12-12,PED-2025-00221,Conecta Varejo 174,GO,Anápolis,Camila Rocha,Headset Corporativo,Acessórios,3,345.54,0.05,156.26,Pix
2025-12-12,PED-2025-00221,Conecta Varejo 174,GO,Anápolis,Camila Rocha,Switch 24 Portas,Conectividade,4,1156.24,0.0,604.88,Pix
2025-04-10,PED-2025-00222,Alfa Comercial 001,SP,Santos,Ana Martins,Cadeira Ergonômica,Móveis,1,1358.02,0.1,798.19,Cartão de crédito
2025-04-29,PED-2025-00223,Prime Serviços 069,GO,Goiânia,Fernanda Alves,Toner Preto,Impressão,5,325.43,0.0,148.41,Cartão de crédito
2025-04-29,PED-2025-00223,Prime Serviços 069,GO,Goiânia,Fernanda Alves,Switch 24 Portas,Conectividade,3,1084.7,0.0,618.97,Cartão de crédito
2025-01-12,PED-2025-00224,Prime Comercial 009,RJ,Niterói,Ana Martins,Kit Toner Colorido,Impressão,5,882.37,0.15,414.29,Boleto
2025-12-16,PED-2025-00225,Vértice Varejo 030,MG,Uberlândia,Ana Martins,Teclado Mecânico,Acessórios,4,375.2,0.08,187.2,Transferência
2025-02-12,PED-2025-00226,Nova Serviços 117,GO,Aparecida de Goiânia,Fernanda Alves,Notebook Essencial 14,Informática,1,2796.65,0.03,1961.16,Cartão de crédito
2025-12-21,PED-2025-00227,Aurora Soluções 032,SC,Joinville,Juliana Mendes,Webcam Full HD,Acessórios,2,292.49,0.0,128.28,Cartão de crédito
2025-12-21,PED-2025-00227,Aurora Soluções 032,SC,Joinville,Juliana Mendes,Access Point Wi-Fi 6,Conectividade,1,882.54,0.05,493.21,Cartão de crédito
2025-10-22,PED-2025-00228,Aurora Logística 042,MG,Belo Horizonte,Camila Rocha,Notebook Essencial 14,Informática,2,2981.32,0.08,2068.82,Cartão de débito
2025-05-01,PED-2025-00229,Integra Distribuidora 116,SP,Campinas,Ana Martins,Cadeira Ergonômica,Móveis,1,1394.52,0.08,782.85,Pix
2025-11-11,PED-2025-00230,Alfa Serviços 061,RJ,Rio de Janeiro,Fernanda Alves,Headset Corporativo,Acessórios,1,320.71,0.05,163.13,Cartão de crédito
2025-07-12,PED-2025-00231,Central Tecnologia 003,BA,Salvador,Bruno Costa,Notebook Pro 15,Informática,3,5114.37,0.0,3524.79,Cartão de crédito
2025-06-26,PED-2025-00232,Conecta Logística 114,MG,Juiz de Fora,Bruno Costa,Filtro de Linha Premium,Energia,2,122.64,0.15,49.57,Cartão de crédito
2025-06-26,PED-2025-00232,Conecta Logística 114,MG,Juiz de Fora,Bruno Costa,Webcam Full HD,Acessórios,1,270.59,0.0,134.43,Cartão de crédito
2025-06-24,PED-2025-00233,Nova Serviços 117,SP,Santos,Juliana Mendes,Nobreak 1500VA,Energia,3,1153.2,0.08,661.08,Cartão de crédito
2025-06-24,PED-2025-00233,Nova Serviços 117,SP,Santos,Juliana Mendes,Switch 24 Portas,Conectividade,2,1105.39,0.0,618.18,Cartão de crédito
2025-06-24,PED-2025-00233,Nova Serviços 117,SP,Santos,Juliana Mendes,Cadeira Ergonômica,Móveis,2,1440.77,0.1,765.35,Cartão de crédito
2025-04-10,PED-2025-00234,Nova Serviços 077,RJ,Niterói,Bruno Costa,Nobreak 1500VA,Energia,3,1202.65,0.05,701.27,Cartão de crédito
2025-06-13,PED-2025-00235,Conecta Logística 034,SP,São Paulo,Fernanda Alves,Notebook Pro 15,Informática,1,4777.08,0.0,3404.63,Boleto
2025-02-07,PED-2025-00236,Horizonte Serviços 005,RJ,Petrópolis,Gustavo Ribeiro,Switch 24 Portas,Conectividade,1,1075.3,0.0,634.01,Cartão de crédito
2025-08-20,PED-2025-00237,Conecta Distribuidora 044,GO,Aparecida de Goiânia,Lucas Barros,Webcam Full HD,Acessórios,2,287.63,0.1,133.77,Pix
2025-08-20,PED-2025-00237,Conecta Distribuidora 044,GO,Aparecida de Goiânia,Lucas Barros,Roteador Empresarial,Conectividade,2,784.21,0.05,368.48,Pix
2025-10-17,PED-2025-00238,Central Tecnologia 083,RJ,Niterói,Fernanda Alves,Filtro de Linha Premium,Energia,1,124.15,,51.97,Boleto
2025-10-17,PED-2025-00238,Central Tecnologia 083,RJ,Niterói,Fernanda Alves,Cadeira Ergonômica,Móveis,7,1396.75,0.08,747.03,Boleto
2025-12-16,PED-2025-00239,Aurora Logística 082,PR,Maringá,Bruno Costa,Roteador Empresarial,Conectividade,5,757.5,0.0,373.57,Cartão de débito
2025-12-16,PED-2025-00239,Aurora Logística 082,PR,Maringá,Bruno Costa,Headset Corporativo,Acessórios,5,331.45,0.1,160.8,Cartão de débito
2025-06-19,PED-2025-00240,Central Serviços 133,GO,Goiânia,Gustavo Ribeiro,Filtro de Linha Premium,Energia,4,123.36,0.05,52.57,Transferência
2025-06-19,PED-2025-00240,Central Serviços 133,GO,Goiânia,Gustavo Ribeiro,Roteador Empresarial,Conectividade,9,753.15,0.05,359.76,Transferência
2025-06-19,PED-2025-00240,Central Serviços 133,GO,Goiânia,Gustavo Ribeiro,Impressora Multifuncional,Impressão,2,1595.72,0.0,980.87,Transferência
2025-01-10,PED-2025-00241,Prime Tecnologia 139,SP,Campinas,Gustavo Ribeiro,Impressora Multifuncional,Impressão,3,1653.59,0.05,1042.33,Cartão de débito
2025-06-13,PED-2025-00242,Conecta Soluções 144,RJ,Rio de Janeiro,Diego Lima,Monitor Ultrawide 29,Informática,5,1802.05,0.0,1190.09,Cartão de crédito
2025-06-13,PED-2025-00242,Conecta Soluções 144,RJ,Rio de Janeiro,Diego Lima,Access Point Wi-Fi 6,Conectividade,1,904.28,0.05,487.45,Cartão de crédito
2025-06-13,PED-2025-00242,Conecta Soluções 144,RJ,Rio de Janeiro,Diego Lima,Nobreak 1500VA,Energia,3,1162.15,0.15,693.13,Cartão de crédito
2025-10-14,PED-2025-00243,Horizonte Serviços 125,MG,Juiz de Fora,Juliana Mendes,Monitor Ultrawide 29,Informática,1,1780.75,0.1,1146.04,Boleto
2025-10-14,PED-2025-00243,Horizonte Serviços 125,MG,Juiz de Fora,Juliana Mendes,Teclado Mecânico,Acessórios,5,401.17,0.1,191.64,Boleto
2025-08-04,PED-2025-00244,Ponto Varejo 198,GO,Aparecida de Goiânia,Juliana Mendes,Roteador Empresarial,Conectividade,3,741.16,0.1,359.2,Boleto
2025-04-06,PED-2025-00245,Vértice Logística 010,DF,Brasília,Fernanda Alves,Webcam Full HD,Acessórios,2,292.27,0.0,129.36,Transferência
2025-04-06,PED-2025-00245,Vértice Logística 010,DF,Brasília,Fernanda Alves,Teclado Mecânico,Acessórios,1,382.23,0.08,190.64,Transferência
2025-04-06,PED-2025-00245,Vértice Logística 010,DF,Brasília,Fernanda Alves,Monitor Ultrawide 29,Informática,1,1815.47,0.08,1154.88,Transferência
2025-11-14,PED-2025-00246,Alfa Engenharia 071,SP,Ribeirão Preto,Camila Rocha,Webcam Full HD,Acessórios,1,282.83,0.12,134.25,Cartão de crédito
2025-12-18,PED-2025-00247,Aurora Logística 042,PR,Curitiba,Bruno Costa,Webcam Full HD,Acessórios,1,274.16,0.1,132.98,Transferência
2025-12-18,PED-2025-00247,Aurora Logística 042,PR,Curitiba,Bruno Costa,Gaveteiro Executivo,Móveis,2,713.06,0.0,355.37,Transferência
2025-02-08,PED-2025-00248,Ponto Varejo 078,RS,Porto Alegre,Bruno Costa,Teclado Mecânico,Acessórios,3,385.45,0.0,188.37,Pix
2025-02-08,PED-2025-00248,Ponto Varejo 078,RS,Porto Alegre,Bruno Costa,Mouse Sem Fio,Acessórios,2,146.77,0.12,70.2,Pix
2025-05-23,PED-2025-00249,Central Serviços 053,SC,Joinville,Camila Rocha,Headset Corporativo,Acessórios,3,334.84,0.0,157.09,Pix
2025-06-03,PED-2025-00250,Conecta Logística 194,BA,Vitória da Conquista,Camila Rocha,Notebook Essencial 14,Informática,11,2885.13,0.05,1985.48,Cartão de crédito
2025-04-28,PED-2025-00251,Nova Serviços 077,SP,Santos,Camila Rocha,Notebook Pro 15,Informática,1,4933.17,0.1,3418.81,Cartão de crédito
2025-12-14,PED-2025-00252,Alfa Tecnologia 011,SP,Santos,Diego Lima,Mouse Sem Fio,Acessórios,6,145.97,0.03,69.15,Boleto
2025-12-14,PED-2025-00252,Alfa Tecnologia 011,SP,Santos,Diego Lima,Gaveteiro Executivo,Móveis,2,716.28,0.1,379.4,Boleto
2025-01-10,PED-2025-00253,Ponto Distribuidora 188,RS,Pelotas,Lucas Barros,Filtro de Linha Premium,Energia,2,124.29,0.05,52.4,Cartão de crédito
2025-01-10,PED-2025-00253,Ponto Distribuidora 188,RS,Pelotas,Lucas Barros,Cadeira Ergonômica,Móveis,3,1365.54,0.08,787.7,Cartão de crédito
2025-10-31,PED-2025-00254,Vértice Soluções 200,GO,Goiânia,Diego Lima,Filtro de Linha Premium,Energia,2,123.69,0.05,50.22,Cartão de crédito
2025-07-29,PED-2025-00255,Prime Serviços 189,SP,São Paulo,Juliana Mendes,Mouse Sem Fio,Acessórios,3,145.05,0.05,68.11,Pix
2025-07-29,PED-2025-00255,Prime Serviços 189,SP,São Paulo,Juliana Mendes,Nobreak 1500VA,Energia,2,1179.22,0.0,667.89,Pix
2025-07-06,PED-2025-00256,Nova Serviços 037,GO,Goiânia,Bruno Costa,Mouse Sem Fio,Acessórios,4,150.82,0.03,69.11,Boleto
2025-12-27,PED-2025-00257,Nova Engenharia 207,PR,Londrina,Camila Rocha,Switch 24 Portas,Conectividade,6,1151.61,0.15,595.33,Cartão de crédito
2025-12-27,PED-2025-00257,Nova Engenharia 207,PR,Londrina,Camila Rocha,Cadeira Ergonômica,Móveis,6,1362.7,0.05,796.91,Cartão de crédito
2025-12-17,PED-2025-00258,Nova Serviços 117,DF,Brasília,Bruno Costa,Mouse Sem Fio,Acessórios,2,151.49,0.08,69.05,Boleto
2025-12-17,PED-2025-00258,Nova Serviços 117,DF,Brasília,Bruno Costa,Teclado Mecânico,Acessórios,4,383.9,0.0,189.02,Boleto
2025-01-29,PED-2025-00259,Alfa Serviços 061,SP,Campinas,Ana Martins,Impressora Multifuncional,Impressão,4,1546.08,0.05,984.05,Pix
2025-01-29,PED-2025-00259,Alfa Serviços 061,SP,Campinas,Ana Martins,Filtro de Linha Premium,Energia,4,119.72,0.0,51.92,Pix
2025-10-20,PED-2025-00260,Aurora Distribuidora 092,RS,Pelotas,Gustavo Ribeiro,Kit Toner Colorido,Impressão,1,869.78,0.12,410.55,Cartão de crédito
2025-08-13,PED-2025-00261,Central Serviços 173,PR,Londrina,Diego Lima,Webcam Full HD,Acessórios,6,288.73,0.0,134.35,Boleto
2025-11-11,PED-2025-00262,Integra Soluções 016,SC,Joinville,Fernanda Alves,Kit Toner Colorido,Impressão,3,866.25,0.05,400.72,Transferência
2025-12-09,PED-2025-00263,Ponto Logística 098,RJ,Niterói,Fernanda Alves,Webcam Full HD,Acessórios,2,269.41,0.08,131.22,Pix
2025-12-09,PED-2025-00263,Ponto Logística 098,RJ,Niterói,Fernanda Alves,Toner Preto,Impressão,1,332.53,0.0,147.96,Pix
2025-09-02,PED-2025-00264,,RJ,Niterói,Bruno Costa,Filtro de Linha Premium,Energia,2,125.39,0.0,50.96,Pix
2025-05-11,PED-2025-00265,Central Engenharia 103, go ,Aparecida de Goiânia,Gustavo Ribeiro,Notebook Pro 15,Informática,4,4757.1,0.08,3440.9,Boleto
2025-05-11,PED-2025-00265,,GO,Aparecida de Goiânia,Gustavo Ribeiro,Filtro de Linha Premium,Energia,3,121.8,0.03,50.9,Boleto
2025-05-11,PED-2025-00265,Central Engenharia 103,GO,Aparecida de Goiânia,Gustavo Ribeiro,Access Point Wi-Fi 6,Conectividade,2,865.88,0.1,487.25,Boleto
2025-03-27,PED-2025-00266,Aurora Soluções 112,RJ,Niterói,Gustavo Ribeiro,Mesa Ajustável,Móveis,2,1920.09,0.05,1037.62,Cartão de débito
2025-03-27,PED-2025-00266,Aurora Soluções 112,RJ,Niterói,Gustavo Ribeiro,Switch 24 Portas,Conectividade,2,1130.12,0.08,610.08,Cartão de débito
2025-06-28,PED-2025-00267,Prime Engenharia 039,PE,Recife,Camila Rocha,Gaveteiro Executivo,Móveis,3,671.02,0.12,367.63,Transferência
2025-10-16,PED-2025-00268,Horizonte Tecnologia 155,MG,Uberlândia,Ana Martins,Headset Corporativo,Acessórios,2,319.47,0.0,155.31,Cartão de crédito
2025-10-27,PED-2025-00269,Central Engenharia 183,PR,Curitiba,Bruno Costa,Notebook Essencial 14,Informática,2,2885.05,,2092.93,Transferência
2025-10-02,PED-2025-00270,Alfa Tecnologia 011,SP,Santos,Fernanda Alves,Notebook Essencial 14,Informática,2,2845.63,0.03,1972.18,Transferência
2025-10-02,PED-2025-00270,Alfa Tecnologia 011,SP,Santos,Fernanda Alves,Headset Corporativo,Acessórios,3,320.96,0.15,154.86,Transferência
2025-10-02,PED-2025-00270,Alfa Tecnologia 011,SP,Santos, FERNANDA ALVES ,Teclado Mecânico,Acessórios,2,376.98,0.0,186.98,Transferência
27/08/2025,PED-2025-00271,Central Serviços 213,MG,Belo Horizonte,Gustavo Ribeiro,Gaveteiro Executivo,Móveis,1,666.86,,365.98,Pix
2025-01-24,PED-2025-00272,Ponto Logística 218,DF,Brasília,Lucas Barros,Teclado Mecânico,Acessórios,1,377.65,0.05,190.81,Boleto
2025-12-24,PED-2025-00273,Ponto Varejo 158,SP,Santos,Camila Rocha,Mesa Ajustável,Móveis,1,1801.39,0.0,1053.37,Cartão de débito
2025-05-11,PED-2025-00274,Ponto Varejo 038,SP,Ribeirão Preto,Bruno Costa,Mesa Ajustável,Móveis,4,1896.09,0.0,1022.88,Pix
2025-05-11,PED-2025-00274,Ponto Varejo 038,SP,Ribeirão Preto,Bruno Costa,Mouse Sem Fio,Acessórios,1,154.65,0.12,69.06,Pix
2025-12-06,PED-2025-00275,Integra Logística 106,SC,Joinville,Gustavo Ribeiro,Toner Preto,Impressão,2,327.47,,150.27,Cartão de crédito
27/11/2025,PED-2025-00276,Alfa Serviços 181,RJ,Rio de Janeiro,Lucas Barros,Filtro de Linha Premium,Energia,11,117.71,0.0,50.78,Cartão de crédito
2025-06-11,PED-2025-00277,Prime Comercial 209,SC,Joinville,Bruno Costa,Access Point Wi-Fi 6,Conectividade,6,930.77,0.05,490.43,Cartão de crédito
2025-09-02,PED-2025-00278,Central Tecnologia 163,DF,Brasília,Gustavo Ribeiro,Monitor Ultrawide 29,Informática,3,1865.02,0.0,1157.1,Pix
2025-09-02,PED-2025-00278,Central Tecnologia 163,DF,Brasília,Gustavo Ribeiro,Roteador Empresarial,Conectividade,2,730.82,0.0,367.43,Pix
2025-06-09,PED-2025-00279,Central Serviços 013,PR,Londrina,Bruno Costa,Teclado Mecânico,Acessórios,6,393.26,0.12,193.49,Boleto
2025-01-09,PED-2025-00280,Ponto Distribuidora 148,SP,Santos,Bruno Costa,Access Point Wi-Fi 6,Conectividade,3,901.75,0.08,486.64,Pix
2025-01-09,PED-2025-00280,Ponto Distribuidora 148,SP,Santos,Bruno Costa,Mouse Sem Fio,Acessórios,2,152.79,0.05,67.42,Pix
2025-04-25,PED-2025-00281,Aurora Distribuidora 212,SP,Ribeirão Preto,Gustavo Ribeiro,Mesa Ajustável,Móveis,2,1903.85,0.0,1051.72,Cartão de crédito
2025-04-25,PED-2025-00281,Aurora Distribuidora 212,SP,Ribeirão Preto,Gustavo Ribeiro,Teclado Mecânico,Acessórios,1,391.27,0.15,196.97,Cartão de crédito
2025-04-25,PED-2025-00281,Aurora Distribuidora 212,SP,Ribeirão Preto,Gustavo Ribeiro,Access Point Wi-Fi 6,Conectividade,2,934.22,0.0,481.02,Cartão de crédito
2025-10-22,PED-2025-00282,Conecta Logística 114,BA,Feira de Santana,Lucas Barros,Webcam Full HD,Acessórios,3,281.38,0.1,134.59,Cartão de crédito
2025-10-22,PED-2025-00282,Conecta Logística 114,BA,Feira de Santana,Lucas Barros,Cadeira Ergonômica,Móveis,2,1400.57,0.0,767.54,Cartão de crédito
2025-07-06,PED-2025-00283,Conecta Varejo 014,SP,Campinas,Ana Martins,Webcam Full HD,Acessórios,4,283.34,0.0,136.43,Cartão de crédito
2025-01-14,PED-2025-00284,Alfa Tecnologia 051,MG,Belo Horizonte,Bruno Costa,Access Point Wi-Fi 6,Conectividade,2,874.34,0.0,477.18,Cartão de crédito
2025-05-26,PED-2025-00285,Horizonte Tecnologia 195,MG,Uberlândia,Lucas Barros,Teclado Mecânico,Acessórios,5,397.25,0.12,195.99,CARTÃO DE CRÉDITO
2025-05-26,PED-2025-00285,Horizonte Tecnologia 195,MG,Uberlândia,Lucas Barros,Roteador Empresarial,Conectividade,2,751.69,0.12,377.74,Cartão de crédito
2025-05-26,PED-2025-00285,Horizonte Tecnologia 195,MG,Uberlândia,Lucas Barros,Gaveteiro Executivo,Móveis,9,666.72,0.05,356.11,Cartão de crédito
2025-05-31,PED-2025-00286,Conecta Varejo 134,MG,Juiz de Fora,Juliana Mendes,Monitor Ultrawide 29,Informática,3,1734.89,0.0,1190.67,Pix
2025-11-06,PED-2025-00287,Nova Engenharia 007,PR,Curitiba,Gustavo Ribeiro,Notebook Essencial 14,Informática,1,2956.28,0.03,2022.94,Cartão de crédito
2025-04-06,PED-2025-00288,Prime Tecnologia 019,PR,Curitiba,Bruno Costa,Filtro de Linha Premium,Energia,3,115.26,0.03,50.02,Cartão de crédito
2025-10-28,PED-2025-00289,Nova Serviços 157,PE,Recife,Fernanda Alves,Teclado Mecânico,Acessórios,1,401.43,0.0,188.55,Pix
2025-10-28,PED-2025-00289,Nova Serviços 157,PE,Recife,Fernanda Alves,Filtro de Linha Premium,Energia,2,120.9,0.08,52.27,Pix
2025-12-25,PED-2025-00290,Aurora Varejo 102,MG,Juiz de Fora,Fernanda Alves,Access Point Wi-Fi 6,Conectividade,2,918.5,0.03,468.67,Cartão de crédito
2025-02-25,PED-2025-00291,Conecta Distribuidora 004,MG,Belo Horizonte,Juliana Mendes,Cadeira Ergonômica,Móveis,1,1454.39,0.12,762.16,Pix
2025-07-06,PED-2025-00292,Integra Distribuidora 156,SC,Blumenau,Fernanda Alves,Switch 24 Portas,Conectividade,1,1096.53,0.0,608.98,Boleto
2025-07-06,PED-2025-00292,Integra Distribuidora 156,SC,Blumenau,Fernanda Alves,Roteador Empresarial,Conectividade,1,766.23,0.0,366.11,Boleto
2025-02-16,PED-2025-00293,Prime Comercial 009,SP,Santos,Lucas Barros,Mouse Sem Fio,Acessórios,4,144.91,0.08,69.81,Pix
2025-02-16,PED-2025-00293,Prime Comercial 009,SP,Santos,Lucas Barros,Filtro de Linha Premium,Energia,3,121.46,0.05,51.93,Pix
2025-02-16,PED-2025-00293,Prime Comercial 009,SP,Santos,Lucas Barros,Impressora Multifuncional,Impressão,1,1669.12,0.03,980.56,Pix
2025-03-16,PED-2025-00294,Vértice Soluções 040,MG,Belo Horizonte,Camila Rocha,Mesa Ajustável,Móveis,2,1776.51,0.08,1076.85,Transferência
2025-03-16,PED-2025-00294,Vértice Soluções 040,MG,Belo Horizonte,Camila Rocha,Switch 24 Portas,Conectividade,4,1115.21,0.1,615.22,Transferência
2025-01-16,PED-2025-00295,Vértice Distribuidora 180,SP,Santos,Bruno Costa,Kit Toner Colorido,Impressão,1,851.89,0.12,394.77,Cartão de crédito
2025-11-16,PED-2025-00296,Vértice Varejo 150,BA,Feira de Santana,Ana Martins,Cadeira Ergonômica,Móveis,4,1349.99,0.05,759.53,Pix
2025-07-16,PED-2025-00297,Prime Tecnologia 219,GO,Aparecida de Goiânia,Juliana Mendes,Access Point Wi-Fi 6,Conectividade,1,906.94,0.0,493.52,Cartão de débito
2025-03-29,PED-2025-00298,Conecta Logística 114,GO,Aparecida de Goiânia,Camila Rocha,Mouse Sem Fio,Acessórios,3,153.95,0.0,68.22,Cartão de crédito
2025-03-29,PED-2025-00298,Conecta Logística 114,GO,Aparecida de Goiânia,Camila Rocha,Mesa Ajustável,Móveis,1,1847.92,0.0,1017.45,Cartão de crédito
2025-05-29,PED-2025-00299,Nova Engenharia 207,SP,Santos,Fernanda Alves,Mouse Sem Fio,Acessórios,4,148.22,0.0,68.2,Pix
2025-05-29,PED-2025-00299,Nova Engenharia 207,SP,Santos,Fernanda Alves,Filtro de Linha Premium,Energia,2,122.88,0.08,50.19,Pix
2025-02-14,PED-2025-00300,Horizonte Engenharia 055,MG,Juiz de Fora,Gustavo Ribeiro,Mouse Sem Fio,Acessórios,2,154.4,0.1,69.51,Boleto
2025-07-05,PED-2025-00301,Alfa Tecnologia 171,SP,São Paulo,Diego Lima,Headset Corporativo,Acessórios,9,338.75,0.0,156.1,Cartão de crédito
32/13/2025,PED-2025-00301,Alfa Tecnologia 171,SP,São Paulo,Diego Lima,Nobreak 1500VA,Energia,2,1142.64,0.05,669.16,Cartão de crédito
2025-07-05,PED-2025-00301,Alfa Tecnologia 171,SP,São Paulo,Diego Lima,Monitor Ultrawide 29,Informática,1,1755.2,0.08,1156.0,Cartão de crédito
2025-07-18,PED-2025-00302,Aurora Soluções 032,SP,São Paulo,Bruno Costa,Filtro de Linha Premium,Energia,4,121.32,0.05,52.43,Pix
2025-05-21,PED-2025-00303,Nova Serviços 077,SP,São Paulo,Camila Rocha,Nobreak 1500VA,Energia,2,1191.46,0.05,677.87,Pix
2025-04-14,PED-2025-00304,Prime Serviços 029,SP,Santos,Juliana Mendes,Toner Preto,Impressão,1,333.13,0.0,150.05,Transferência
2025-04-14,PED-2025-00304,Prime Serviços 029,SP,Santos,Juliana Mendes,Mesa Ajustável,Móveis,4,1830.47,0.15,1021.53,Transferência
2025-11-12,PED-2025-00305,Vértice Soluções 080,SP,São Paulo,Gustavo Ribeiro,Filtro de Linha Premium,Energia,2,115.54,0.05,51.81,Transferência
2025-05-15,PED-2025-00306,Central Engenharia 143,SP,Santos,Juliana Mendes,Impressora Multifuncional,Impressão,2,1650.1,0.0,1034.55,Transferência
2025-03-07,PED-2025-00307,Prime Comercial 169,SP,São Paulo,Fernanda Alves,Filtro de Linha Premium,Energia,3,"R$ 120,27",0.05,52.53,Cartão de crédito
2025-03-07,PED-2025-00307,Prime Comercial 169,SP,São Paulo,Fernanda Alves,Notebook Essencial 14,Informática,3,2892.75,0.08,2024.5,Cartão de crédito
2025-01-03,PED-2025-00308,Horizonte Engenharia 175,RJ,Rio de Janeiro,Diego Lima,Teclado Mecânico,Acessórios,3,378.59,0.0,190.28,Pix
2025-01-03,PED-2025-00308,Horizonte Engenharia 175,RJ,Rio de Janeiro,Diego Lima,Gaveteiro Executivo,Móveis,4,709.79,0.0,356.22,Pix
2025-07-18,PED-2025-00309,Conecta Distribuidora 204,RS,Caxias do Sul,Juliana Mendes,Kit Toner Colorido,Impressão,1,904.8,0.03,411.39,Cartão de crédito
2025-07-18,PED-2025-00309,Conecta Distribuidora 204,RS,Caxias do Sul,Juliana Mendes,Toner Preto,Impressão,1,318.51,0.08,150.47,Cartão de crédito
2025-09-14,PED-2025-00310,Central Tecnologia 203,RJ,Rio de Janeiro,Ana Martins,Cadeira Ergonômica,Móveis,1,1425.19,0.0,750.7,Pix
2025-09-14,PED-2025-00310,Central Tecnologia 203,RJ,Rio de Janeiro,Ana Martins,Headset Corporativo,Acessórios,3,336.77,0.0,161.51,Pix
2025-09-14,PED-2025-00310,Central Tecnologia 203,RJ,Rio de Janeiro,Ana Martins,Teclado Mecânico,Acessórios,2,375.16,,199.55,Pix
2025-12-31,PED-2025-00311,Central Comercial 193,SP,São Paulo,Juliana Mendes,Roteador Empresarial,Conectividade,2,739.5,0.12,361.15,Pix
2025-12-31,PED-2025-00311,Central Comercial 193,SP,São Paulo,Juliana Mendes,Notebook Pro 15,Informática,11,4778.3,10%,3336.33,Pix
2025-11-01,PED-2025-00312,Vértice Varejo 150,SP,Campinas,Gustavo Ribeiro,Filtro de Linha Premium,Energia,3,124.95,0.08,52.62,Cartão de débito
2025-11-01,PED-2025-00312,Vértice Varejo 150,SP,Campinas,Gustavo Ribeiro,Toner Preto,Impressão,1,337.45,0.0,143.78,Cartão de débito
2025-02-18,PED-2025-00313,Ponto Soluções 048,MG,Juiz de Fora,Bruno Costa,Impressora Multifuncional,Impressão,2,1619.66,0.08,1002.45,Boleto
2025-12-09,PED-2025-00314,Ponto Varejo 158,SP,Ribeirão Preto,Ana Martins,Teclado Mecânico,Acessórios,1,384.37,0.0,193.62,Transferência
2025-12-09,PED-2025-00314,Ponto Varejo 158,SP,Ribeirão Preto,Ana Martins,Toner Preto,Impressão,1,322.22,0.12,148.15,Transferência
2025-12-03,PED-2025-00315,Vértice Distribuidora 140,SP,Ribeirão Preto,Fernanda Alves,Mouse Sem Fio, acessórios ,2,149.94,0.03,67.25,Cartão de débito
2025-09-14,PED-2025-00316,Ponto Distribuidora 188,SP,Santos,Camila Rocha,Mouse Sem Fio,Acessórios,1,150.3,0.0,67.26,Cartão de crédito
2025-07-28,PED-2025-00317,Central Tecnologia 043,GO,Aparecida de Goiânia,Bruno Costa,Access Point Wi-Fi 6,Conectividade,4,864.37,0.05,492.77,Boleto
2025-05-29,PED-2025-00318,Prime Tecnologia 219,SP,Ribeirão Preto,Fernanda Alves,Filtro de Linha Premium,Energia,7,119.51,0.1,50.69,Pix
2025-05-29,PED-2025-00318,Prime Tecnologia 219,SP,Ribeirão Preto,Fernanda Alves,Webcam Full HD,Acessórios,4,269.58,0.0,134.14,Pix
2025-09-05,PED-2025-00319,Vértice Logística 090,SP,São Paulo,Bruno Costa,Filtro de Linha Premium,Energia,2,125.86,0.03,50.49,Pix
2025-09-05,PED-2025-00319,Vértice Logística 090,SP,São Paulo,Bruno Costa,Notebook Essencial 14,Informática,3,2963.91,0.05,1993.98,Pix
2025-06-05,PED-2025-00320,Horizonte Engenharia 095,BA,Vitória da Conquista,Diego Lima,Cadeira Ergonômica,Móveis,2,1456.69,0.05,765.35,Cartão de crédito
2025-11-17,PED-2025-00321,Integra Logística 186,SP,Campinas,Camila Rocha,Mouse Sem Fio,Acessórios,4,156.06,0.05,66.88,Pix
2025-11-07,PED-2025-00322,Central Serviços 013,PR,Londrina,Fernanda Alves,Mesa Ajustável,Móveis,3,1787.68,0.03,1067.35,Pix
2025-04-02,PED-2025-00323,Alfa Tecnologia 171,PR,Curitiba,Diego Lima,Headset Corporativo,Acessórios,12,318.17,0.0,160.32,Boleto
2025-04-02,PED-2025-00323,Alfa Tecnologia 171,PR,Curitiba,Diego Lima,Mouse Sem Fio,Acessórios,4,154.42,0.0,66.3,Boleto
2025-04-02,PED-2025-00323,Alfa Tecnologia 171,PR,Curitiba,Diego Lima,Filtro de Linha Premium,Energia,1,121.76,0.1,49.87,Boleto
2025-12-02,PED-2025-00324,Nova Engenharia 007,MG,Belo Horizonte,Camila Rocha,Mesa Ajustável,Móveis,2,1859.53,0.05,1075.92,Cartão de crédito
2025-12-02,PED-2025-00324,Nova Engenharia 007,MG,Belo Horizonte,Camila Rocha,Webcam Full HD,Acessórios,2,275.57,0.08,133.3,Cartão de crédito
2025-12-02,PED-2025-00324,Nova Engenharia 007,MG,Belo Horizonte,Camila Rocha,Filtro de Linha Premium,Energia,5,122.05,0.05,49.49,Cartão de crédito
2025-01-07,PED-2025-00325,Conecta Varejo 174,SP,Campinas,Ana Martins,Teclado Mecânico,Acessórios,4,409.31,0.12,194.11,Boleto
2025-05-26,PED-2025-00326,Integra Distribuidora 036,PE,Caruaru,Camila Rocha,Toner Preto,Impressão,3,323.96,0.15,144.85,Cartão de crédito
2025-03-27,PED-2025-00327,Prime Tecnologia 099,SP,São Paulo,Diego Lima,Webcam Full HD,Acessórios,1,289.23,0.1,131.82,Cartão de débito
2025-03-27,PED-2025-00327,Prime Tecnologia 099,SP,São Paulo,Diego Lima,Mouse Sem Fio,Acessórios,2,151.72,0.05,69.2,Cartão de débito
2025-11-12,PED-2025-00328,Integra Logística 146,GO,Anápolis,Diego Lima,Cadeira Ergonômica,Móveis,4,1423.79,0.0,782.74,Pix
2025-05-18,PED-2025-00329,Horizonte Comercial 065,RJ,Petrópolis,,Roteador Empresarial,Conectividade,1,739.22,0.08,376.03,Pix
2025-03-06,PED-2025-00330,Horizonte Tecnologia 195,BA,Salvador,Ana Martins,Monitor Ultrawide 29,Informática,2,1762.69,0.05,1157.26,Pix
2025-01-03,PED-2025-00331,Nova Tecnologia 027,SP,Campinas,Gustavo Ribeiro,Mouse Sem Fio,Acessórios,2,145.07,0.12,68.16,Pix
2025-01-03,PED-2025-00331,Nova Tecnologia 027,SP,Campinas,Gustavo Ribeiro,Kit Toner Colorido,Impressão,2,865.89,0.05,417.97,Pix
2025-04-14,PED-2025-00332,Vértice Varejo 190,RS,Porto Alegre,Gustavo Ribeiro,Mouse Sem Fio,Acessórios,4,149.75,0.0,69.27,Pix
2025-03-30,PED-2025-00333,Horizonte Comercial 065,MG,Uberlândia,,Headset Corporativo,Acessórios,7,326.81,0.1,162.61,Pix
2025-03-30,PED-2025-00333,Horizonte Comercial 065,MG,Uberlândia,Fernanda Alves,Monitor Ultrawide 29,Informática,1,1781.85,0.15,1143.47,Pix
2025-12-28,PED-2025-00334,Integra Distribuidora 116,MG,Belo Horizonte,Camila Rocha,Mouse Sem Fio,Acessórios,2,154.59,0.05,67.33,Cartão de crédito
2025-11-22,PED-2025-00335,Aurora Soluções 032,PE,Recife,Gustavo Ribeiro,Monitor Ultrawide 29,Informática,1,1793.41,0.05,1201.62,Cartão de crédito
2025-11-22,PED-2025-00335,Aurora Soluções 032,PE,Recife,Gustavo Ribeiro,Toner Preto,Impressão,1,338.01,0.08,151.03,Cartão de crédito
2025-02-07,PED-2025-00336,Horizonte Comercial 145,RJ,Niterói,Bruno Costa,Cadeira Ergonômica,Móveis,1,1424.05,0.0,787.74,Pix
2025-02-07,PED-2025-00336,Horizonte Comercial 145,RJ,Niterói,Bruno Costa,Headset Corporativo,Acessórios,2,324.15,0.08,154.96,Pix
2025-10-12,PED-2025-00337,Nova Comercial 217,RS,Caxias do Sul,Gustavo Ribeiro,Notebook Essencial 14,Informática,6,2982.65,0.08,2070.13,Pix
2025-10-12,PED-2025-00337,Nova Comercial 217,RS,Caxias do Sul,Gustavo Ribeiro,Impressora Multifuncional,Impressão,2,1559.0,0.1,996.52,Pix
2025-11-17,PED-2025-00338,Nova Engenharia 207,SP,Ribeirão Preto,Bruno Costa,Headset Corporativo,Acessórios,6,321.43,0.05,155.96,Cartão de débito
2025-03-19,PED-2025-00339,Central Tecnologia 003,SP,São Paulo,Camila Rocha,Impressora Multifuncional,Impressão,3,1571.77,0.12,1020.86,Boleto
2025-05-30,PED-2025-00340,Central Comercial 113,MG,Uberlândia,Bruno Costa,Filtro de Linha Premium,Energia,4,118.7,0.08,50.15,Cartão de débito
2025-05-30,PED-2025-00340,Central Comercial 113,MG,Uberlândia,Bruno Costa,Mouse Sem Fio,Acessórios,2,144.0,0.1,69.31,Cartão de débito
2025-05-30,PED-2025-00340,Central Comercial 113,MG,Uberlândia,Bruno Costa,Teclado Mecânico,Acessórios,1,382.15,0.0,192.57,Cartão de débito
2025-12-30,PED-2025-00341,Horizonte Tecnologia 075,PR,Londrina,Bruno Costa,Mouse Sem Fio,Acessórios,4,152.68,0.08,67.88,Cartão de crédito
2025-12-30,PED-2025-00341,Horizonte Tecnologia 075,PR,Londrina,Bruno Costa,Notebook Pro 15,Informática,6,4784.34,0.1,3364.55,Cartão de crédito
2025-01-24,PED-2025-00342,Central Serviços 173,MG,Belo Horizonte,Diego Lima,Filtro de Linha Premium,Energia,2,121.68,0.05,50.62,Cartão de crédito
2025-09-24,PED-2025-00343,Horizonte Comercial 025,SP,Santos,Ana Martins,Mesa Ajustável,Móveis,1,1925.14,0.0,1073.19,Cartão de débito
2025-12-14,PED-2025-00344,Prime Comercial 049,SP,Ribeirão Preto,Bruno Costa,Mouse Sem Fio,Acessórios,1,155.11,0.0,70.63,Boleto
2025-10-22,PED-2025-00345,Ponto Distribuidora 108,RJ,Rio de Janeiro,Fernanda Alves,Teclado Mecânico,Acessórios,3,376.25,0.0,188.41,Pix
2025-10-22,PED-2025-00345,Ponto Distribuidora 108,RJ,Rio de Janeiro,Fernanda Alves,Mesa Ajustável,Móveis,2,1929.5,0.05,1054.2,Pix
2025-01-16,PED-2025-00346,Conecta Varejo 054,SP,Campinas,Fernanda Alves,Webcam Full HD,Acessórios,2,274.33,0.05,129.42,Pix
2025-02-08,PED-2025-00347,Integra Logística 186,SC,Joinville,Bruno Costa,Notebook Essencial 14,Informática,2,2978.3,0.05,2091.94,Cartão de crédito
2025-10-31,PED-2025-00348,Conecta Distribuidora 004,RJ,Rio de Janeiro,Juliana Mendes,Filtro de Linha Premium,Energia,2,122.05,0.1,52.55,Boleto
2025-03-26,PED-2025-00349,Prime Serviços 149,SP,Santos,Ana Martins,Webcam Full HD,Acessórios,3,289.78,0.0,133.7,Cartão de crédito
2025-03-26,PED-2025-00349,Prime Serviços 149,SP,Santos,Ana Martins,Mouse Sem Fio,Acessórios,2,145.48,0.12,68.82,Cartão de crédito
2025-10-24,PED-2025-00350,Vértice Logística 090,SP,Ribeirão Preto,Fernanda Alves,Webcam Full HD,Acessórios,1,269.76,0.05,130.02,Cartão de crédito
2025-10-12,PED-2025-00351,Aurora Logística 202,DF,Brasília,Bruno Costa,Cadeira Ergonômica,Móveis,7,1339.39,0.0,792.33,Pix
2025-04-20,PED-2025-00352,Conecta Distribuidora 124,PR,Curitiba,Fernanda Alves,Access Point Wi-Fi 6,Conectividade,2,926.03,0.0,485.69,Transferência
2025-04-27,PED-2025-00353,Horizonte Comercial 105,SP,Ribeirão Preto,Gustavo Ribeiro,Teclado Mecânico,Acessórios,1,384.89,0.15,198.87,Pix
2025-03-21,PED-2025-00354,Aurora Distribuidora 092,SP,Ribeirão Preto,Fernanda Alves,Roteador Empresarial,Conectividade,5,761.22,0.1,358.17,Cartão de crédito
2025-08-25,PED-2025-00355,Alfa Tecnologia 011,SP,Ribeirão Preto,Bruno Costa,Mesa Ajustável,Móveis,2,1776.53,0.08,1012.75,Pix
2025-03-12,PED-2025-00356,Horizonte Serviços 005,PE,Recife,Gustavo Ribeiro,Impressora Multifuncional,Impressão,6,1652.38,0.15,1011.02,Transferência
2025-03-12,PED-2025-00356,Horizonte Serviços 005,PE,Recife,Gustavo Ribeiro,Toner Preto,Impressão,6,331.91,0.0,143.38,Transferência
2025-07-13,PED-2025-00357,Aurora Varejo 102,SP,Campinas,Camila Rocha,Filtro de Linha Premium,Energia,6,119.97,0.0,52.91,Pix
2025-03-04,PED-2025-00358,Vértice Logística 090,GO,Goiânia,Fernanda Alves,Teclado Mecânico,Acessórios,5,393.99,0.0,187.62,Boleto
2025-06-13,PED-2025-00359,Ponto Logística 098,MG,Juiz de Fora,Lucas Barros,Mouse Sem Fio,Acessórios,2,149.38,0.05,69.35,Pix
2025-02-20,PED-2025-00360,Alfa Comercial 041,PR,Maringá,Diego Lima,Monitor Ultrawide 29,Informática,4,1792.63,0.08,1166.56,Boleto
2025-02-20,PED-2025-00360,Alfa Comercial 041,PR,Maringá,Diego Lima,Teclado Mecânico,Acessórios,2,403.14,0.05,187.08,Boleto
2025-02-09,PED-2025-00361,Nova Comercial 177,SP,São Paulo,Diego Lima,Webcam Full HD,Acessórios,3,272.61,0.12,131.44,Cartão de débito
2025-02-09,PED-2025-00361,Nova Comercial 177,SP,São Paulo,Diego Lima,Mouse Sem Fio,Acessórios,2,155.64,0.12,68.29,Cartão de débito
2025-10-02,PED-2025-00362,Central Comercial 193,GO,Anápolis,Fernanda Alves,Roteador Empresarial,Conectividade,6,731.02,0.1,381.63,Cartão de débito
2025-10-29,PED-2025-00363,Nova Comercial 217,RJ,Petrópolis,Bruno Costa,Roteador Empresarial,Conectividade,1,760.06,0.03,368.51,Pix
2025-05-19,PED-2025-00364,Nova Tecnologia 147,PE,Olinda,Lucas Barros,Mouse Sem Fio,Acessórios,6,153.7,0.03,66.02,Cartão de crédito
2025-05-19,PED-2025-00364,Nova Tecnologia 147,PE,Olinda,Lucas Barros,Teclado Mecânico,Acessórios,2,384.64,0.0,190.03,Cartão de crédito
2025-05-19,PED-2025-00364,Nova Tecnologia 147,PE,Olinda,Lucas Barros,Notebook Essencial 14,Informática,4,2864.64,0.08,2008.19,Cartão de crédito
2025-10-06,PED-2025-00365,Prime Comercial 009,RJ,Niterói,Ana Martins,Notebook Essencial 14,Informática,2,2785.1,0.0,1980.1,Boleto
2025-12-02,PED-2025-00366,Central Tecnologia 203,PR,Curitiba,Juliana Mendes,Kit Toner Colorido,Impressão,2,905.2,0.08,411.73,Boleto
2025-12-02,PED-2025-00366,Central Tecnologia 203,PR,Curitiba,Juliana Mendes,Mouse Sem Fio,Acessórios,2,148.49,0.0,70.1,BOLETO
2025-06-09,PED-2025-00367,Integra Logística 066,PR,Maringá,Diego Lima,Toner Preto,Impressão,3,335.32,0.08,150.86,Cartão de crédito
2025-06-09,PED-2025-00367,Integra Logística 066,PR,Maringá,Diego Lima,Mouse Sem Fio,Acessórios,5,149.53,0.03,69.86,Cartão de crédito
2025-01-26,PED-2025-00368,Nova Comercial 017,PR,Curitiba,Juliana Mendes,Filtro de Linha Premium,Energia,4,118.51,0.0,53.03,Transferência
2025-01-26,PED-2025-00368,Nova Comercial 017,PR,Curitiba,Juliana Mendes,Webcam Full HD,Acessórios,2,285.08,0.08,130.4,Transferência
2025-02-21,PED-2025-00369,Ponto Soluções 048,RS,Porto Alegre,Fernanda Alves,Roteador Empresarial,Conectividade,1,724.84,0.0,368.69,Pix
2025-02-21,PED-2025-00369,Ponto Soluções 048,RS,Porto Alegre,Fernanda Alves,Mouse Sem Fio,Acessórios,3,149.13,0.15,68.17,Pix
2025-10-30,PED-2025-00370,Alfa Tecnologia 091,MG,Uberlândia,Camila Rocha,Notebook Pro 15,Informática,1,4758.89,0.05,3492.01,Boleto
2025-10-30,PED-2025-00370,Alfa Tecnologia 091,MG,Uberlândia,Camila Rocha,Toner Preto,Impressão,1,322.55,0.1,144.36,Boleto
2025-04-24,PED-2025-00371,Central Comercial 073,RS,Pelotas,Fernanda Alves,Notebook Pro 15,Informática,1,4849.93,0.05,3434.57,Cartão de crédito
2025-03-10,PED-2025-00372,Aurora Logística 002,RS,Porto Alegre,Lucas Barros,Switch 24 Portas,Conectividade,7,1141.53,0.05,622.94,Cartão de crédito
2025-03-10,PED-2025-00372,Aurora Logística 002,RS,Porto Alegre,Lucas Barros,Filtro de Linha Premium,Energia,4,117.31,0.12,50.03,Cartão de crédito
2025-03-10,PED-2025-00372,Aurora Logística 002,RS,Porto Alegre,Lucas Barros,Impressora Multifuncional,Impressão,3,1643.56,0.1,1047.61,Cartão de crédito
2025-12-07,PED-2025-00373,Aurora Varejo 182,SP,São Paulo,Diego Lima,Notebook Pro 15,Informática,7,4771.22,0.12,3444.38,Cartão de crédito
2025-05-09,PED-2025-00374,Central Engenharia 143,SP,São Paulo,Diego Lima,Monitor Ultrawide 29,Informática,4,1848.85,0.1,1136.68,Pix
2025-05-09,PED-2025-00374,Central Engenharia 143,SP,São Paulo,Diego Lima,Notebook Essencial 14,Informática,3,2938.93,0.0,2092.95,Pix
2025-03-12,PED-2025-00375,Alfa Engenharia 151,SP,Ribeirão Preto,Ana Martins,Gaveteiro Executivo,Móveis,1,684.16,0.03,376.63,Pix
2025-02-16,PED-2025-00376,Conecta Logística 194,GO,Aparecida de Goiânia,Juliana Mendes,Teclado Mecânico,Acessórios,8,404.5,0.0,199.2,Boleto
2025-02-16,PED-2025-00376,Conecta Logística 194,GO,Aparecida de Goiânia,Juliana Mendes,Toner Preto,Impressão,4,323.39,0.0,146.8,Boleto
2025-02-22,PED-2025-00377,Ponto Logística 138,SP,Campinas,Camila Rocha,Webcam Full HD,Acessórios,5,271.25,0.05,132.37,Boleto
2025-11-16,PED-2025-00378,Horizonte Comercial 025,RJ,Niterói,Bruno Costa,Monitor Ultrawide 29,Informática,7,1758.6,0.05,1179.89,Pix
2025-12-25,PED-2025-00379,Aurora Logística 202,SP,Ribeirão Preto,Lucas Barros,Switch 24 Portas,Conectividade,2,1159.83,0.1,604.42,Pix
2025-12-25,PED-2025-00379,Aurora Logística 202,SP,Ribeirão Preto,Lucas Barros,Headset Corporativo,Acessórios,6,316.74,0.15,159.34,Pix
2025-12-25,PED-2025-00379,Aurora Logística 202,SP,Ribeirão Preto,Lucas Barros,Access Point Wi-Fi 6,Conectividade,4,898.51,0.0,496.17,Pix
2025-04-22,PED-2025-00380,Ponto Distribuidora 148,PR,Maringá,Bruno Costa,Headset Corporativo,Acessórios,1,342.8,0.03,156.94,Pix
2025-06-15,PED-2025-00381,Central Comercial 033,SC,Florianópolis,Camila Rocha,Mouse Sem Fio,Acessórios,1,152.84,0.0,66.88,Boleto
2025-12-06,PED-2025-00382,Central Comercial 033,PE,Recife,Juliana Mendes,Teclado Mecânico,Acessórios,6,404.16,0.1,195.62,Cartão de crédito
2025-12-06,PED-2025-00382,Central Comercial 033,PE,Recife,Juliana Mendes,Monitor Ultrawide 29,Informática,3,1833.9,0.08,1202.39,Cartão de crédito
2025-01-07,PED-2025-00383,Horizonte Comercial 065,PR,Curitiba,Fernanda Alves,Switch 24 Portas,Conectividade,3,1132.64,0.08,630.78,Cartão de crédito
2025-06-28,PED-2025-00384,Nova Engenharia 127,RJ,Rio de Janeiro,Fernanda Alves,Filtro de Linha Premium,Energia,2,121.11,0.0,51.6,Cartão de crédito
2025-06-23,PED-2025-00385,Integra Distribuidora 156,RJ,Rio de Janeiro,Fernanda Alves,Toner Preto,Impressão,3,328.88,0.1,147.81,Cartão de crédito
2025-01-18,PED-2025-00386,Ponto Logística 098,SP,Santos,Camila Rocha,Notebook Pro 15,Informática,4 unidades,4720.36,0.03,3418.25,Cartão de crédito
2025-01-18,PED-2025-00386,Ponto Logística 098,SP,Santos,Camila Rocha,Impressora Multifuncional,Impressão,1,1536.58,0.0,1026.98,Cartão de crédito
2025-04-24,PED-2025-00387,Nova Serviços 157,SP,São Paulo,Diego Lima,Switch 24 Portas,Conectividade,3,1137.97,0.0,616.48,Cartão de crédito
2025-01-18,PED-2025-00388,Integra Soluções 096,SP,Ribeirão Preto,Camila Rocha,Gaveteiro Executivo,Móveis,1,675.0,0.12,374.48,Transferência
2025-03-08,PED-2025-00389,Horizonte Serviços 165,SP,Ribeirão Preto,Gustavo Ribeiro,Monitor Ultrawide 29,Informática,1,1759.83,0.12,1178.56,Pix
2025-06-02,PED-2025-00390,Integra Soluções 136,BA,Vitória da Conquista,Fernanda Alves,Cadeira Ergonômica,Móveis,4,1428.78,0.03,793.66,Boleto
2025-06-02,PED-2025-00390,Integra Soluções 136,BA,Vitória da Conquista,Fernanda Alves,Filtro de Linha Premium,Energia,5,121.41,0.05,49.52,Boleto
2025-11-14,PED-2025-00391,Central Tecnologia 043,SP,Santos,Lucas Barros,Notebook Essencial 14,Informática,1,2850.11,0.0,2086.76,Transferência
2025-11-14,PED-2025-00391,Central Tecnologia 043,SP,Santos,Lucas Barros,Mesa Ajustável,Móveis,1,1913.14,0.0,1013.41,Transferência
08/10/2025,PED-2025-00392,Ponto Varejo 118,RS,Caxias do Sul,Ana Martins,Notebook Essencial 14,Informática,2,3030.08,0.08,1974.13,Transferência
2025-10-08,PED-2025-00392,Ponto Varejo 118,RS,Caxias do Sul,Ana Martins,Impressora Multifuncional,Impressão,3,1669.04,0.0,986.79,Transferência
2025-06-01,PED-2025-00393,Horizonte Engenharia 015,RS,Porto Alegre,Camila Rocha,Nobreak 1500VA,Energia,5,1174.39,0.0,696.63,Transferência
2025-06-01,PED-2025-00393,Horizonte Engenharia 015,RS,Porto Alegre,Camila Rocha,Toner Preto,Impressão,1,320.46,0.15,147.88,Transferência
2025-01-26,PED-2025-00394,Aurora Logística 202,SC,Florianópolis,Bruno Costa,Roteador Empresarial,Conectividade,3,731.39,0.15,381.91,Cartão de crédito
2025-01-26,PED-2025-00394,Aurora Logística 202,SC,Florianópolis,Bruno Costa,Filtro de Linha Premium,Energia,4,119.23,0.1,52.16,Cartão de crédito
2025-05-19,PED-2025-00395,Horizonte Engenharia 135,SP,Campinas,Bruno Costa,Notebook Essencial 14,Informática,5,2968.08,0.12,2025.86,Cartão de crédito
2025-02-22,PED-2025-00396,Prime Engenharia 079,RJ,Petrópolis,Juliana Mendes,Switch 24 Portas,Conectividade,1,1097.72,0.0,621.92,Boleto
2025-02-22,PED-2025-00396,Prime Engenharia 079,RJ,Petrópolis,Juliana Mendes,Nobreak 1500VA,Energia,2,1151.78,0.15,701.73,Boleto
2025-08-13,PED-2025-00397,Alfa Engenharia 191,MG,Belo Horizonte,Fernanda Alves,Switch 24 Portas,Conectividade,4,1088.55,0.0,624.66,Cartão de crédito
2025-08-13,PED-2025-00397,Alfa Engenharia 191,MG,Belo Horizonte,Fernanda Alves,Webcam Full HD,Acessórios,2,291.56,0.08,131.7,Cartão de crédito
2025-03-30,PED-2025-00398,Conecta Varejo 134,RJ,Petrópolis,Gustavo Ribeiro,Kit Toner Colorido,Impressão,4,848.79,0.1,407.42,Cartão de crédito
2025-10-05,PED-2025-00399,Vértice Varejo 150,SP,Santos,Fernanda Alves,Teclado Mecânico,Acessórios,8,398.73,0.1,195.93,Cartão de crédito
2025-10-05,PED-2025-00399,Vértice Varejo 150,SP,Santos,Fernanda Alves,Mouse Sem Fio,Acessórios,6,146.04,0.08,67.14,Cartão de crédito
2025-09-19,PED-2025-00400,Horizonte Engenharia 175,MG,Uberlândia,Diego Lima,Toner Preto,Impressão,2 unidades,341.72,0.05,146.46,Pix
2025-09-02,PED-2025-00401,Central Tecnologia 083,SP,Campinas,Lucas Barros,Webcam Full HD,Acessórios,1,271.23,0.1,137.23,Pix
2025-09-02,PED-2025-00401,Central Tecnologia 083,SP,Campinas,Lucas Barros,Nobreak 1500VA,Energia,1,1169.31,0.0,693.53,Pix
2025-05-02,PED-2025-00402,Conecta Logística 114,PR,Londrina,Diego Lima,Notebook Pro 15,Informática,1,4840.56,0.1,3488.7,Pix
2025-05-02,PED-2025-00402,Conecta Logística 114,PR,Londrina,Diego Lima,Toner Preto,Impressão,2,334.7,0.0,142.84,Pix
2025-07-22,PED-2025-00403,Nova Serviços 037,SP,São Paulo,Ana Martins,Kit Toner Colorido,Impressão,4,861.52,0.1,420.06,Cartão de crédito
2025-06-24,PED-2025-00404,Vértice Logística 010,MG,Uberlândia,Diego Lima,Notebook Essencial 14,Informática,1,2994.8,0.0,2069.29,Pix
2025-06-24,PED-2025-00404,Vértice Logística 010,MG,Uberlândia,Diego Lima,Filtro de Linha Premium,Energia,4,124.1,0.0,49.96,Pix
2025-04-06,PED-2025-00405,Central Engenharia 103,BA,Vitória da Conquista,Camila Rocha,Teclado Mecânico,Acessórios,5,392.87,0.0,189.79,Cartão de crédito
2025-04-06,PED-2025-00405,Central Engenharia 103,BA,Vitória da Conquista,Camila Rocha,Monitor Ultrawide 29,Informática,6,"R$ 1.843,60",0.1,1148.98,Cartão de crédito
2025-11-18,PED-2025-00406,Central Tecnologia 003,MG,Juiz de Fora,Bruno Costa,Mouse Sem Fio,Acessórios,6,144.52,0.15,67.14,Boleto
2025-11-18,PED-2025-00406,Central Tecnologia 003,MG,Juiz de Fora,Bruno Costa,Switch 24 Portas,Conectividade,3,1102.17,0.05,601.94,Boleto
2025-09-30,PED-2025-00407,Horizonte Comercial 145,RJ,Niterói,Lucas Barros,Monitor Ultrawide 29,Informática,1,1727.59,0.08,1155.11,Cartão de crédito
2025-09-30,PED-2025-00407,Horizonte Comercial 145,RJ,Niterói,Lucas Barros,Switch 24 Portas,Conectividade,3,1121.14,0.05,593.65,Cartão de crédito
2025-11-02,PED-2025-00408,Aurora Varejo 142,MG,Belo Horizonte,Juliana Mendes,Teclado Mecânico,Acessórios,2,385.2,0.08,189.47,Pix
2025-11-02,PED-2025-00408,Aurora Varejo 142,MG,Belo Horizonte,Juliana Mendes,Notebook Pro 15,Informática,2,4967.64,0.1,3409.7,Pix
2025-07-19,PED-2025-00409,Ponto Varejo 118,SP,Santos,Diego Lima,Roteador Empresarial,Conectividade,1,763.93,0.05,370.85,Transferência
2025-12-30,PED-2025-00410,Horizonte Tecnologia 075,BA,Feira de Santana,Fernanda Alves,Headset Corporativo,Acessórios,5,319.92,0.08,163.91,Boleto
2025-09-01,PED-2025-00411,Integra Varejo 126,PE,Caruaru,Ana Martins,Access Point Wi-Fi 6,Conectividade,1,899.99,0.0,465.7,Cartão de crédito
2025-09-01,PED-2025-00411,Integra Varejo 126,PE,Caruaru,Ana Martins,Switch 24 Portas,Conectividade,1,1161.3,0.1,628.3,Cartão de crédito
2025-05-18,PED-2025-00412,Horizonte Tecnologia 155,RS,Pelotas,Lucas Barros,Notebook Essencial 14,Informática,2,2967.88,0.12,2097.83,Cartão de crédito
2025-01-04,PED-2025-00413,Vértice Varejo 030,PE,Caruaru,Gustavo Ribeiro,Monitor Ultrawide 29,Informática,2,1791.86,0.0,1126.88,Cartão de débito
2025-01-04,PED-2025-00413,,PE,Caruaru, GUSTAVO RIBEIRO ,Filtro de Linha Premium,Energia,5,124.95,0.0,50.26,Cartão de débito
2025-11-17,PED-2025-00414,Vértice Distribuidora 100,RJ,Niterói,Juliana Mendes,Mesa Ajustável,Móveis,2,1847.9,0.05,1070.61,Cartão de crédito
2025-11-17,PED-2025-00414,Vértice Distribuidora 100,RJ,Niterói,Juliana Mendes,Headset Corporativo,Acessórios,7,317.84,0.0,159.57,Cartão de crédito
2025-11-17,PED-2025-00414,Vértice Distribuidora 100,RJ,Niterói,Juliana Mendes,Notebook Essencial 14,Informática,3,2939.59,0.05,1981.25,Cartão de crédito
2025-01-03,PED-2025-00415,Conecta Logística 074,RJ,Petrópolis,Lucas Barros,Teclado Mecânico,Acessórios,2,376.07,0.0,188.7,Cartão de crédito
2025-11-14,PED-2025-00416,Integra Distribuidora 116,BA,Salvador,Gustavo Ribeiro,Access Point Wi-Fi 6,Conectividade,4,900.27,0.0,466.86,Boleto
2025-08-17,PED-2025-00417,Prime Serviços 109,BA,Feira de Santana,Ana Martins,Notebook Essencial 14,Informática,14,3027.34,0.03,1968.6,Boleto
2025-08-17,PED-2025-00417,Prime Serviços 109,BA,Feira de Santana,Ana Martins,Monitor Ultrawide 29,Informática,3,1740.89,0.05,1141.26,Boleto
2025-03-30,PED-2025-00418,Conecta Soluções 184,BA,Salvador,Gustavo Ribeiro,Monitor Ultrawide 29,Informática,1,1760.47,0.15,1158.62,Transferência
2025-03-30,PED-2025-00418,Conecta Soluções 184,BA,Salvador,Gustavo Ribeiro,Headset Corporativo,Acessórios,3,320.62,0.1,153.26,Transferência
2025-03-30,PED-2025-00418,Conecta Soluções 184,BA,Salvador,Gustavo Ribeiro,Impressora Multifuncional,Impressão,2,1624.7,0.03,984.39,Transferência
2025-06-06,PED-2025-00419,Conecta Varejo 054,RJ,Niterói,Lucas Barros,Teclado Mecânico,Acessórios,2,383.55,0.03,189.56,Cartão de crédito
2025-01-02,PED-2025-00420,Aurora Logística 042,GO,Anápolis,Juliana Mendes,Monitor Ultrawide 29,Informática,7,1817.01,0.08,1187.99,Boleto
2025-03-08,PED-2025-00421,Central Tecnologia 203,RJ,Petrópolis,Juliana Mendes,Headset Corporativo,Acessórios,3,330.1,0.0,153.3,Cartão de débito
2025-03-08,PED-2025-00421,Central Tecnologia 203,RJ,Petrópolis,Juliana Mendes,Teclado Mecânico,Acessórios,1 unidades,394.02,0.03,193.91,Cartão de débito
2025-09-25,PED-2025-00422,Conecta Soluções 144,PE,Caruaru,Gustavo Ribeiro,Toner Preto,Impressão,1,327.45,0.05,145.97,Boleto
2025-08-08,PED-2025-00423,Integra Distribuidora 116,DF,Brasília,Gustavo Ribeiro,Webcam Full HD,Acessórios,2,289.14,0.08,129.87,Boleto
2025-02-02,PED-2025-00424,Prime Serviços 029,SC,Blumenau,Camila Rocha,Access Point Wi-Fi 6,Conectividade,4,857.94,0.05,490.03,Cartão de crédito
2025-02-02,PED-2025-00424,Prime Serviços 029,SC,Blumenau,Camila Rocha,Monitor Ultrawide 29,Informática,2,1877.85,0.05,1165.66,Cartão de crédito
2025-04-24,PED-2025-00425,,SP,Santos,Bruno Costa,Teclado Mecânico,Acessórios,2,375.44,0.1,191.37,Cartão de crédito
2025-08-19,PED-2025-00426,Alfa Serviços 061,SP,Santos,Bruno Costa,Mouse Sem Fio,Acessórios,1,151.53,0.0,68.39,Cartão de crédito
2025-08-19,PED-2025-00426,Alfa Serviços 061,SP,Santos,Bruno Costa,Webcam Full HD,Acessórios,1,276.55,0.05,132.05,Cartão de crédito
2025-06-18,PED-2025-00427,Aurora Distribuidora 212,MG,Juiz de Fora,Juliana Mendes,Notebook Essencial 14,Informática,4,2992.41,0.05,2049.91,Pix
2025-01-09,PED-2025-00428,Nova Serviços 037,SP,São Paulo,Juliana Mendes,Filtro de Linha Premium,Energia,1,119.19,0.1,50.2,Pix
2025-06-19,PED-2025-00429,Horizonte Comercial 065,RJ,Niterói,Lucas Barros,Monitor Ultrawide 29,Informática,1,1740.7,0.0,1182.4,Transferência
2025-06-19,PED-2025-00429,Horizonte Comercial 065,RJ,Niterói,Lucas Barros,Cadeira Ergonômica,Móveis,4,"R$ 1.343,74",0.1,748.91,Transferência
2025-03-03,PED-2025-00430,Horizonte Engenharia 015,MG,Belo Horizonte,Bruno Costa,Notebook Pro 15,Informática,1,4983.29,0.1,3331.6,Cartão de crédito
2025-05-23,PED-2025-00431,Nova Engenharia 167,SP,Ribeirão Preto,Diego Lima,Gaveteiro Executivo,Móveis,1,717.72,0.08,377.77,Pix
2025-05-23,PED-2025-00431,Nova Engenharia 167,SP,Ribeirão Preto,Diego Lima,Cadeira Ergonômica,Móveis,3,1350.87,0.1,790.26,Pix
2025-12-08,PED-2025-00432,Integra Soluções 096,SP,Santos,Lucas Barros,Mesa Ajustável,Móveis,1,1790.8,0.08,1070.58,Pix
2025-01-25,PED-2025-00433,Prime Serviços 189,SC,Joinville,Bruno Costa,Monitor Ultrawide 29,Informática,2,1797.14,0.08,1143.95,Cartão de débito
2025-01-25,PED-2025-00433,Prime Serviços 189,SC,Joinville,Bruno Costa,Toner Preto,Impressão,2,319.09,0.08,143.5,Cartão de débito
2025-01-25,PED-2025-00433,Prime Serviços 189,SC,Joinville,Bruno Costa,Cadeira Ergonômica,Móveis,1,1384.82,0.0,770.45,Cartão de débito
2025-01-30,PED-2025-00434,Central Engenharia 103,MG,Juiz de Fora,Diego Lima,Webcam Full HD,Acessórios,1,286.69,0.12,136.41,Cartão de crédito
2025-02-03,PED-2025-00435,Alfa Tecnologia 091,MG,Juiz de Fora,Camila Rocha,Kit Toner Colorido,Impressão,2,904.22,0.05,400.61,Cartão de crédito
2025-02-03,PED-2025-00435,Alfa Tecnologia 091,MG,Juiz de Fora,Camila Rocha,Cadeira Ergonômica,Móveis,1,1393.45,0.03,781.36,Cartão de crédito
2025-02-03,PED-2025-00435,Alfa Tecnologia 091,MG,Juiz de Fora,Camila Rocha,Toner Preto,Impressão,2,341.58,0.03,146.04,Cartão de crédito
2025-03-27,PED-2025-00436,Nova Tecnologia 027,MG,Belo Horizonte,Gustavo Ribeiro,Filtro de Linha Premium,Energia,5,117.31,0.0,52.6,Transferência
2025-04-03,PED-2025-00437,Central Comercial 113,MG,Belo Horizonte,Gustavo Ribeiro,Roteador Empresarial,Conectividade,2,727.69,0.15,362.15,Cartão de débito
2025-04-03,PED-2025-00437,Central Comercial 113,MG,Belo Horizonte,Gustavo Ribeiro,Mouse Sem Fio,Acessórios,2,148.21,0.0,68.82,Cartão de débito
2025-01-25,PED-2025-00438,Aurora Varejo 102,BA,Vitória da Conquista,Bruno Costa,Monitor Ultrawide 29,Informática,2,1749.76,0.1,1203.33,Cartão de crédito
2025-01-25,PED-2025-00438,Aurora Varejo 102,BA,Vitória da Conquista,Bruno Costa,Mouse Sem Fio,Acessórios,1,146.76,0.0,69.57,Cartão de crédito
2025-07-12,PED-2025-00439,Horizonte Tecnologia 115,GO,Anápolis,Fernanda Alves,Mouse Sem Fio,Acessórios,2,148.51,0.05,69.15,Pix
2025-05-31,PED-2025-00440,Alfa Comercial 201,SP,Ribeirão Preto,Ana Martins,Cadeira Ergonômica,Móveis,2,1389.65,0.0,796.31,Pix
2025-07-10,PED-2025-00441,Nova Tecnologia 027,RJ,Niterói,Fernanda Alves,Gaveteiro Executivo,Móveis,4,712.87,0.0,357.96,Boleto
2025-07-10,PED-2025-00441,Nova Tecnologia 027, rj ,Niterói,Fernanda Alves,Cadeira Ergonômica,Móveis,1,1419.93,0.1,762.82,Boleto
2025-01-20,PED-2025-00442,Nova Comercial 097,MG,Belo Horizonte,Camila Rocha,Cadeira Ergonômica,Móveis,3,1362.54,0.1,785.45,Cartão de crédito
2025-01-20,PED-2025-00442,Nova Comercial 097,MG,Belo Horizonte,Camila Rocha,Kit Toner Colorido,Impressão,2,911.5,0.0,413.72,Cartão de crédito
2025-08-14,PED-2025-00443,Integra Soluções 176,PE,Caruaru,Diego Lima,Gaveteiro Executivo,Móveis,3,677.73,0.03,373.4,Cartão de crédito
2025-08-14,PED-2025-00443,Integra Soluções 176,PE,Caruaru,Diego Lima,Monitor Ultrawide 29,Informática,1,1836.8,0.15,1197.35,Cartão de crédito
2025-08-14,PED-2025-00443,Integra Soluções 176,PE,Caruaru,Diego Lima,Notebook Pro 15,Informática,3,4703.44,0.15,3379.88,Cartão de crédito
2025-08-27,PED-2025-00444,Ponto Soluções 128,BA,Feira de Santana,Bruno Costa,Webcam Full HD,Acessórios,1,283.48,0.12,131.06,Cartão de débito
2025-04-07,PED-2025-00445,Central Tecnologia 203,PE,Olinda,Juliana Mendes,Notebook Essencial 14,Informática,2,2970.02,0.0,2025.78,Pix
2025-04-07,PED-2025-00445,Central Tecnologia 203,PE,Olinda,Juliana Mendes,Gaveteiro Executivo,Móveis,8,675.48,0.03,378.81,Pix
2025-04-07,PED-2025-00445,Central Tecnologia 203,PE,Olinda, JULIANA MENDES ,Switch 24 Portas,Conectividade,4,1097.33,0.03,634.38,Pix
2025-03-10,PED-2025-00446,Central Tecnologia 003,SP,Campinas,Fernanda Alves,Filtro de Linha Premium,Energia,1,119.95,0.0,49.91,Pix
2025-12-12,PED-2025-00447,Conecta Distribuidora 204,MG,Uberlândia,Gustavo Ribeiro,Filtro de Linha Premium,Energia,3,124.23,0.0,51.47,Transferência
2025-01-16,PED-2025-00448,Horizonte Comercial 065,SP,Santos,Juliana Mendes,Notebook Essencial 14,Informática,2,2812.01,0.12,1991.88,Pix
2025-01-16,PED-2025-00448,Horizonte Comercial 065,SP,Santos,Juliana Mendes,Monitor Ultrawide 29,Informática,2,1737.43,0.12,1160.78,Pix
2025-12-06,PED-2025-00449,Ponto Soluções 168,PR,Maringá,Fernanda Alves,Toner Preto,Impressão,1,328.97,0.1,151.52,Cartão de crédito
2025-12-06,PED-2025-00449,Ponto Soluções 168,PR,Maringá,Fernanda Alves,Mesa Ajustável,Móveis,2,1876.19,0.1,1021.76,Cartão de crédito
2025-12-06,PED-2025-00449,Ponto Soluções 168,PR,Maringá,Fernanda Alves,Gaveteiro Executivo,Móveis,8,662.62,0.15,376.12,Cartão de crédito
2025-04-30,PED-2025-00450,Conecta Distribuidora 164,SP,Santos,Gustavo Ribeiro,Filtro de Linha Premium,Energia,5,116.11,0.05,49.53,Boleto
2025-04-30,PED-2025-00450,Conecta Distribuidora 164,SP,Santos,Gustavo Ribeiro,Headset Corporativo,Acessórios,6,321.45,0.1,154.43,Boleto
2025-08-11,PED-2025-00451,,SP,Ribeirão Preto,Ana Martins,Teclado Mecânico,Acessórios,2,404.19,0.0,189.83,Pix
2025-08-11,PED-2025-00451,Vértice Soluções 120,SP,Ribeirão Preto,Ana Martins,Cadeira Ergonômica,Móveis,2,1334.76,0.05,747.58,Pix
2025-03-15,PED-2025-00452,Horizonte Tecnologia 115,PR,Maringá,Fernanda Alves,Toner Preto,Impressão,3,339.3,0.0,142.87,Pix
2025-03-15,PED-2025-00452,Horizonte Tecnologia 115,PR,Maringá,Fernanda Alves,Notebook Essencial 14,Informática,7,2874.81,0.0,2075.1,Pix
2025-08-05,PED-2025-00453,Aurora Logística 162,RJ,Rio de Janeiro,Gustavo Ribeiro,Notebook Pro 15,Informática,2,4985.16,0.15,3477.67,Pix
2025-07-03,PED-2025-00454,Aurora Logística 202,MG,Uberlândia,Diego Lima,Roteador Empresarial,Conectividade,2,776.31,0.0,375.39,Cartão de crédito
2025-07-03,PED-2025-00454,Aurora Logística 202,MG,Uberlândia,Diego Lima,Webcam Full HD,Acessórios,3,273.55,0.1,131.44,Cartão de crédito
2025-07-03,PED-2025-00454,Aurora Logística 202,MG,Uberlândia,Diego Lima,Headset Corporativo,Acessórios,4,329.62,0.08,154.78,Cartão de crédito
2025-05-05,PED-2025-00455,Central Engenharia 143,PE,Olinda,Ana Martins,Nobreak 1500VA,Energia,1,1180.19,0.12,696.61,Boleto
2025-05-05,PED-2025-00455,Central Engenharia 143,PE,Olinda,Ana Martins,Impressora Multifuncional,Impressão,5,1590.95,0.0,1042.79,Boleto
2025-11-19,PED-2025-00456,Integra Varejo 006,MG,Juiz de Fora,Camila Rocha,Kit Toner Colorido,Impressão,2,893.13,0.15,396.32,Boleto
2025-05-05,PED-2025-00457,Nova Comercial 097,MG,Uberlândia,Bruno Costa,Monitor Ultrawide 29,Informática,2,1819.37,0.1,1185.28,Cartão de crédito
2025-05-05,PED-2025-00457,Nova Comercial 097,MG,Uberlândia,Bruno Costa,Nobreak 1500VA,Energia,1,1190.54,0.05,672.66,Cartão de crédito
2025-05-24,PED-2025-00458,Aurora Soluções 072,SP,Campinas,Diego Lima,Teclado Mecânico,Acessórios,2,402.59,0.05,197.72,Boleto
2025-03-18,PED-2025-00459,Horizonte Engenharia 135,SP,Ribeirão Preto,Lucas Barros,Switch 24 Portas,Conectividade,7,1081.31,0.0,595.75,Pix
2025-03-18,PED-2025-00459,Horizonte Engenharia 135,SP,Ribeirão Preto,Lucas Barros,Headset Corporativo,Acessórios,1,332.32,0.05,160.91,Pix
2025-03-10,PED-2025-00460,Nova Engenharia 007,SP,São Paulo,Juliana Mendes,Notebook Essencial 14,Informática,1,2881.99,0.0,1965.62,Transferência
2025-04-08,PED-2025-00461,Aurora Distribuidora 212,PE,Olinda,Gustavo Ribeiro,Access Point Wi-Fi 6,Conectividade,4,882.32,0.08,479.21,Boleto
2025-04-08,PED-2025-00461,Aurora Distribuidora 212,PE,Olinda,Gustavo Ribeiro,Cadeira Ergonômica,Móveis,1,1382.59,0.05,776.43,Boleto
2025-03-15,PED-2025-00462,Aurora Varejo 062,RS,Caxias do Sul,Diego Lima,Notebook Essencial 14,Informática,3,2961.48,0.1,2079.06,Boleto
2025-03-15,PED-2025-00462,Aurora Varejo 062,RS,Caxias do Sul,Diego Lima,Toner Preto,Impressão,7,333.07,0.08,147.3,Boleto
2025-07-05,PED-2025-00463,Integra Logística 026,SP,Ribeirão Preto,Fernanda Alves,Toner Preto,Impressão,1,"R$ 342,04",0.1,147.0,Pix
2025-02-02,PED-2025-00464,Ponto Distribuidora 188,RJ,Petrópolis,Juliana Mendes,Headset Corporativo,Acessórios,1,322.41,0.08,155.36,Pix
2025-02-15,PED-2025-00465,Ponto Distribuidora 028,DF,Brasília,Camila Rocha,Notebook Pro 15,Informática,6,4700.99,0.1,3465.82,Transferência
2025-08-29,PED-2025-00466,Prime Serviços 109,RS,Pelotas,Fernanda Alves,Webcam Full HD,Acessórios,2,291.27,0.08,137.19,PIX
2025-08-29,PED-2025-00466,Prime Serviços 109,RS,Pelotas,Fernanda Alves,Monitor Ultrawide 29,Informática,1,1815.26,0.0,1143.2,Pix
2025-08-29,PED-2025-00466,Prime Serviços 109,RS,Pelotas,Fernanda Alves,Notebook Essencial 14,Informática,2,3022.41,0.15,2011.85,Pix
2025-08-14,PED-2025-00467,Vértice Logística 090,SC,Joinville,Camila Rocha,Headset Corporativo,Acessórios,6,323.16,0.12,154.2,Boleto
2025-02-20,PED-2025-00468,Nova Serviços 117,RJ,Niterói,Camila Rocha,Toner Preto,Impressão,5,332.64,0.05,145.2,Cartão de crédito
2025-05-10,PED-2025-00469,Alfa Engenharia 111,SP,Campinas,Lucas Barros,Notebook Essencial 14,Informática,3,3018.19,0.15,2019.58,Boleto
2025-05-10,PED-2025-00469,Alfa Engenharia 111,SP,Campinas,Lucas Barros,Toner Preto,Impressão,3,334.44,0.08,144.91,Boleto
2025-01-10,PED-2025-00470,Nova Engenharia 047,SP,Ribeirão Preto,Bruno Costa,Notebook Pro 15,Informática,4,5000.61,0.03,3431.75,Pix
2025-01-10,PED-2025-00470,Nova Engenharia 047,SP,Ribeirão Preto,Bruno Costa,Impressora Multifuncional,Impressão,4,1642.09,0.15,1005.88,Pix
2025-01-10,PED-2025-00470,,SP,Ribeirão Preto,Bruno Costa,Filtro de Linha Premium,Energia,1,122.3,0.1,52.15,Pix
2025-02-26,PED-2025-00471,Nova Serviços 077,PE,Caruaru,Ana Martins,Roteador Empresarial,Conectividade,4,741.54,0.0,363.67,Pix
2025-02-26,PED-2025-00471,Nova Serviços 077,PE,Caruaru,Ana Martins,Switch 24 Portas,Conectividade,3,1173.46,0.0,622.58,Pix
2025-08-27,PED-2025-00472,Conecta Logística 154,PR,Curitiba,Gustavo Ribeiro,Gaveteiro Executivo,Móveis,7,696.47,0.08,363.83,Cartão de crédito
2025-08-27,PED-2025-00472,Conecta Logística 154,PR,Curitiba,Gustavo Ribeiro,Notebook Essencial 14,Informática,2,2960.19,0.08,2085.3,Cartão de crédito
2025-08-27,PED-2025-00472,Conecta Logística 154,PR,Curitiba,Gustavo Ribeiro,Teclado Mecânico,Acessórios,1,378.49,0.08,195.88,Cartão de crédito
2025-08-24,PED-2025-00473,Conecta Soluções 064,MG,Belo Horizonte,Lucas Barros,Headset Corporativo,Acessórios,2,333.47,0.05,155.18,Boleto
2025-08-24,PED-2025-00473,Conecta Soluções 064,MG,Belo Horizonte,Lucas Barros,Mouse Sem Fio,Acessórios,8,154.34,0.03,67.14,Boleto
2025-08-24,PED-2025-00473,Conecta Soluções 064,MG,Belo Horizonte,Lucas Barros,Gaveteiro Executivo,Móveis,2,664.09,0.1,359.08,Boleto
2025-07-20,PED-2025-00474,Integra Distribuidora 156,RS,Porto Alegre,Gustavo Ribeiro,Roteador Empresarial,Conectividade,2,759.33,0.0,357.09,Transferência
2025-12-20,PED-2025-00475,Prime Serviços 029,SP,Ribeirão Preto,Ana Martins,Switch 24 Portas,Conectividade,11,1114.65,0.1,623.39,Transferência
2025-04-05,PED-2025-00476,Prime Engenharia 199,RS,Porto Alegre,Fernanda Alves,Webcam Full HD,Acessórios,2,270.56,0.15,128.09,Cartão de crédito
2025-04-05,PED-2025-00476,Prime Engenharia 199,RS,Porto Alegre,Fernanda Alves,Switch 24 Portas,Conectividade,7,1172.73,0.05,592.87,Cartão de crédito
2025-04-05,PED-2025-00476,Prime Engenharia 199,RS,Porto Alegre,Fernanda Alves,Notebook Essencial 14,Informática,4,3031.04,0.15,2007.09,Cartão de crédito
2025-08-07,PED-2025-00477,Central Engenharia 023,MG,Uberlândia,Bruno Costa,Impressora Multifuncional,Impressão,2,1559.16,0.0,988.46,Cartão de crédito
2025-07-10,PED-2025-00478,Ponto Logística 138,SP,Santos,Bruno Costa,Filtro de Linha Premium,Energia,1,117.61,0.15,52.91,Cartão de crédito
2025-07-10,PED-2025-00478,Ponto Logística 138,SP,Santos,Bruno Costa,Toner Preto,Impressão,2,330.94,0.0,151.63,Cartão de crédito
2025-02-07,PED-2025-00479,Aurora Logística 082,SP,Santos,Lucas Barros,Access Point Wi-Fi 6,Conectividade,2 unidades,886.97,0.0,464.07,Pix
2025-06-06,PED-2025-00480,Conecta Varejo 014,SP,São Paulo,Diego Lima,Filtro de Linha Premium,Energia,5,117.45,0.03,"R$ 51,36",Cartão de débito
2025-06-06,PED-2025-00480,Conecta Varejo 014,SP,São Paulo,Diego Lima,Webcam Full HD,Acessórios,1,274.44,0.15,129.11,Cartão de débito
2025-05-18,PED-2025-00481,Ponto Logística 178,GO,Aparecida de Goiânia,Camila Rocha,Impressora Multifuncional,Impressão,2,1565.26,0.0,1002.9,Cartão de débito
2025-11-03,PED-2025-00482,Nova Engenharia 127,MG,Juiz de Fora,Fernanda Alves,Teclado Mecânico,Acessórios,6,374.66,0.03,189.68,Cartão de crédito
2025-11-03,PED-2025-00482,Nova Engenharia 127,MG,Juiz de Fora,Fernanda Alves,Cadeira Ergonômica,Móveis,1,1368.24,0.0,781.47,Cartão de crédito
2025-11-02,PED-2025-00483,Horizonte Tecnologia 075,PR,Curitiba,Diego Lima,Toner Preto, impressão ,2,327.17,0.08,143.97,Transferência
2025-11-02,PED-2025-00483,Horizonte Tecnologia 075,PR,Curitiba,Diego Lima,Mesa Ajustável,Móveis,2,1777.13,0.15,1072.02,Transferência
2025-02-23,PED-2025-00484,Vértice Distribuidora 220,SP,Ribeirão Preto,Lucas Barros,Teclado Mecânico,Acessórios,2,389.12,0.03,195.34,Boleto
32/13/2025,PED-2025-00484,,SP,Ribeirão Preto,Lucas Barros,Webcam Full HD,Acessórios,2,286.62,0.0,131.94,Boleto
2025-04-26,PED-2025-00485,Prime Comercial 169,SC,Florianópolis,Diego Lima,Headset Corporativo,Acessórios,6,333.29,0.1,164.31,Cartão de débito
2025-04-26,PED-2025-00485,Prime Comercial 169,SC,Florianópolis,Diego Lima,Roteador Empresarial,Conectividade,3,769.21,0.1,381.55,Cartão de débito
2025-02-04,PED-2025-00486,Nova Serviços 037,SP,São Paulo,Lucas Barros,Switch 24 Portas,Conectividade,1,1095.04,0.05,592.63,Boleto
2025-02-04,PED-2025-00486,Nova Serviços 037,SP,São Paulo,Lucas Barros,Filtro de Linha Premium,Energia,2,123.04,0.08,50.75,Boleto
2025-08-03,PED-2025-00487,Integra Logística 026,SP,Campinas,Lucas Barros,Teclado Mecânico,Acessórios,1,386.83,0.0,191.65,Transferência
2025-12-22,PED-2025-00488,Aurora Soluções 072,SP,Santos,Camila Rocha,Teclado Mecânico,Acessórios,1,402.24,0.15,188.0,Cartão de crédito
2025-03-01,PED-2025-00489,Integra Distribuidora 156,PE,Recife,Juliana Mendes,Notebook Pro 15,Informática,7,4871.46,0.05,3327.1,Boleto
2025-09-10,PED-2025-00490,Ponto Logística 138,SP,Campinas,Fernanda Alves,Impressora Multifuncional,Impressão,1,1628.8,0.0,993.53,Cartão de débito
2025-09-10,PED-2025-00490,Ponto Logística 138,SP,Campinas,Fernanda Alves,Switch 24 Portas,Conectividade,1,1128.0,0.0,619.85,Cartão de débito
,PED-2025-00491,Integra Varejo 006,SP,Santos,Bruno Costa,Teclado Mecânico,Acessórios,11,387.1,0.08,192.72,Pix
2025-07-07,PED-2025-00491,Integra Varejo 006,SP,Santos,Bruno Costa,Mouse Sem Fio,Acessórios,1,147.81,0.08,69.86,Pix
2025-07-07,PED-2025-00491,Integra Varejo 006,SP,Santos,Bruno Costa,Cadeira Ergonômica,Móveis,4,1444.38,0.0,789.31,Pix
2025-04-27,PED-2025-00492,Ponto Varejo 118,PR,Londrina,Fernanda Alves,Mesa Ajustável,Móveis,1,1894.5,0.0,1073.15,Cartão de débito
2025-04-27,PED-2025-00492,Ponto Varejo 118,PR,Londrina,Fernanda Alves,Notebook Essencial 14,Informática,4,2780.23,0.05,1967.12,Cartão de débito
2025-07-07,PED-2025-00493,Prime Tecnologia 139,RJ,Rio de Janeiro,Camila Rocha,Filtro de Linha Premium,Energia,5,123.27,0.05,51.81,Boleto
2025-07-07,PED-2025-00493,Prime Tecnologia 139,RJ,Rio de Janeiro,Camila Rocha,Notebook Pro 15,Informática,5,5010.68,0.0,3355.29,Boleto
2025-11-30,PED-2025-00494,Integra Varejo 206,SP,São Paulo,Bruno Costa,Gaveteiro Executivo,Móveis,5,678.99,0.1,357.74,Cartão de débito
2025-11-30,PED-2025-00495,Nova Comercial 217,PR,Londrina,Gustavo Ribeiro,Toner Preto,Impressão,4,329.24,0.0,149.66,Pix
2025-11-30,PED-2025-00495,Nova Comercial 217,PR,Londrina,Gustavo Ribeiro,Webcam Full HD,Acessórios,3,278.45,0.0,131.76,Pix
2025-11-30,PED-2025-00495,Nova Comercial 217,PR,Londrina,Gustavo Ribeiro,Filtro de Linha Premium,Energia,11,116.97,0.1,52.94,Pix
2025-09-08,PED-2025-00496,Aurora Soluções 072,MG,Juiz de Fora,Bruno Costa,Filtro de Linha Premium,Energia,7,125.55,0.05,50.46,Pix
2025-01-18,PED-2025-00497,Nova Engenharia 047,RJ,Niterói,Ana Martins,Headset Corporativo,Acessórios,3,320.63,0.12,159.31,Boleto
2025-01-18,PED-2025-00497,Nova Engenharia 047,RJ,Niterói,Ana Martins,Filtro de Linha Premium,Energia,3,115.69,0.03,51.39,Boleto
2025-11-20,PED-2025-00498,Horizonte Comercial 105,RJ,Petrópolis,Fernanda Alves,Monitor Ultrawide 29,Informática,7,1797.17,0.05,1182.72,Pix
2025-04-07,PED-2025-00499,Alfa Serviços 061,SP,São Paulo,Camila Rocha,Filtro de Linha Premium,Energia,1,116.93,0.1,52.73,Boleto
2025-04-07,PED-2025-00499,Alfa Serviços 061,SP,São Paulo,Camila Rocha,Switch 24 Portas,Conectividade,1,1159.91,0.05,626.83,Boleto
2025-08-28,PED-2025-00500,Central Comercial 033,MG,Uberlândia,Ana Martins,Headset Corporativo,Acessórios,3,344.76,0.0,154.58,Transferência
2025-01-29,PED-2025-00501,Alfa Comercial 121,RS,Caxias do Sul,Juliana Mendes,Teclado Mecânico,Acessórios,2,400.21,0.1,198.31,Pix
2025-02-16,PED-2025-00502,Alfa Engenharia 071,RJ,Niterói,Fernanda Alves,Teclado Mecânico,Acessórios,4,393.33,0.0,199.13,Cartão de crédito
2025-12-31,PED-2025-00503,Vértice Logística 130,PR,Maringá,Fernanda Alves,Notebook Essencial 14,Informática,3,2828.0,0.12,2024.65,Cartão de crédito
2025-12-31,PED-2025-00503,Vértice Logística 130,PR,Maringá,Fernanda Alves,Impressora Multifuncional,Impressão,2,1554.71,0.0,1014.8,Cartão de crédito
2025-03-19,PED-2025-00504,Aurora Logística 042,RS,Caxias do Sul,Gustavo Ribeiro,Filtro de Linha Premium,Energia,2,116.55,0.0,51.02,Pix
2025-03-19,PED-2025-00504,Aurora Logística 042,RS,Caxias do Sul,Gustavo Ribeiro,Access Point Wi-Fi 6,Conectividade,8,872.32,0.12,493.11,Pix
2025-12-29,PED-2025-00505,Ponto Varejo 158,BA,Vitória da Conquista,Gustavo Ribeiro,Toner Preto,Impressão,2,322.94,0.03,145.9,Pix
2025-12-29,PED-2025-00505,Ponto Varejo 158,BA,Vitória da Conquista,Gustavo Ribeiro,Headset Corporativo,Acessórios,4,332.69,0.1,162.19,Pix
2025-02-26,PED-2025-00506,Conecta Soluções 144,SP,Campinas,Fernanda Alves,Filtro de Linha Premium,Energia,5,117.4,0.0,52.26,Cartão de crédito
2025-06-25,PED-2025-00507,Vértice Soluções 040,PR,Londrina,Lucas Barros,Headset Corporativo,Acessórios,3,324.86,0.05,163.31,Boleto
2025-10-25,PED-2025-00508,Aurora Logística 202,MG,Belo Horizonte,Ana Martins,Roteador Empresarial,Conectividade,2,729.87,0.0,381.36,Cartão de crédito
2025-07-20,PED-2025-00509,Prime Tecnologia 059,DF,Brasília,Juliana Mendes,Kit Toner Colorido,Impressão,3,883.52,0.1,398.19,Pix
2025-07-20,PED-2025-00509,Prime Tecnologia 059,DF,Brasília,Juliana Mendes,Headset Corporativo,Acessórios,1,338.54,0.15,162.64,Pix
2025-07-20,PED-2025-00509,Prime Tecnologia 059,DF,Brasília,Juliana Mendes,Cadeira Ergonômica,Móveis,4,1409.86,0.05,750.1,Pix
2025-09-02,PED-2025-00510,Aurora Distribuidora 172,SC,Blumenau,Fernanda Alves,Headset Corporativo,Acessórios,6,330.42,0.0,155.35,Cartão de débito
2025-09-02,PED-2025-00510,Aurora Distribuidora 172,SC,Blumenau,Fernanda Alves,Notebook Pro 15,Informática,1,5033.84,0.05,3358.66,Cartão de débito
2025-09-13,PED-2025-00511,Ponto Soluções 048,SP,São Paulo,Diego Lima,Filtro de Linha Premium,Energia,2,116.5,0.0,52.85,Pix
2025-08-26,PED-2025-00512,Integra Soluções 056,PR,Londrina,Lucas Barros,Mesa Ajustável,Móveis,2,1777.19,0.12,1057.67,Cartão de crédito
2025-09-02,PED-2025-00513,Vértice Distribuidora 140,SP,Campinas,Gustavo Ribeiro,Teclado Mecânico,Acessórios,1,406.38,0.0,187.86,Transferência
2025-01-20,PED-2025-00514,Integra Soluções 216,SP,Campinas,Lucas Barros,Filtro de Linha Premium,Energia,4,118.98,0.0,52.97,Pix
2025-01-20,PED-2025-00514,Integra Soluções 216,SP,Campinas,Lucas Barros,Gaveteiro Executivo,Móveis,2,663.53,0.03,360.66,Pix
2025-09-07,PED-2025-00515,Prime Engenharia 199,SP,Ribeirão Preto,Juliana Mendes,Monitor Ultrawide 29,Informática,6,1789.18,0.03,1198.75,Cartão de crédito
2025-12-03,PED-2025-00516,Prime Comercial 049,BA,Vitória da Conquista,Fernanda Alves,Toner Preto,Impressão,2,345.4,0.15,146.86,Transferência
2025-06-02,PED-2025-00517,Conecta Distribuidora 004,PE,Olinda,Lucas Barros,Teclado Mecânico,Acessórios,3,400.35,0.08,191.82,Cartão de crédito
2025-04-11,PED-2025-00518,Horizonte Tecnologia 075,BA,Feira de Santana,Camila Rocha,Access Point Wi-Fi 6,Conectividade,1,865.46,0.05,465.51,Cartão de crédito
2025-04-11,PED-2025-00518,Horizonte Tecnologia 075,BA,Feira de Santana,Camila Rocha,Teclado Mecânico,Acessórios,1,376.02,0.1,193.08,CARTÃO DE CRÉDITO
2025-07-28,PED-2025-00519,Ponto Logística 138,PE,Caruaru,Fernanda Alves,Cadeira Ergonômica,Móveis,1,1381.05,0.0,796.22,Pix
2025-01-20,PED-2025-00520,Aurora Logística 162,SC,Florianópolis,Gustavo Ribeiro,Headset Corporativo,Acessórios,5,341.04,0.0,159.1,Pix
2025-12-23,PED-2025-00521,Integra Varejo 046,SP,São Paulo,Juliana Mendes,Monitor Ultrawide 29,Informática,2,1823.77,0.12,1137.0,Cartão de débito
2025-12-23,PED-2025-00521,Integra Varejo 046,SP,São Paulo,Juliana Mendes,Mesa Ajustável,Móveis,5,1861.2,,1021.46,Cartão de débito
2025-10-19,PED-2025-00522,Nova Serviços 077,RJ,Petrópolis,Diego Lima,Filtro de Linha Premium,Energia,2,125.86,0.08,51.08,Cartão de crédito
2025-07-11,PED-2025-00523,Central Comercial 153,SP,Ribeirão Preto,Juliana Mendes,Headset Corporativo,Acessórios,1,323.38,0.0,159.72,Cartão de crédito
2025-07-11,PED-2025-00523,Central Comercial 153,SP,Ribeirão Preto,Juliana Mendes,Notebook Pro 15,Informática,1,4743.42,0.05,3355.71,Cartão de crédito
2025-01-16,PED-2025-00524,Conecta Distribuidora 204,MG,Uberlândia,Gustavo Ribeiro,Mouse Sem Fio,Acessórios,1,152.89,0.05,69.67,Boleto
2025-09-23,PED-2025-00525,Nova Engenharia 047,SP,Campinas,Camila Rocha,Access Point Wi-Fi 6,Conectividade,2,870.11,0.1,465.56,Pix
2025-07-26,PED-2025-00526,Vértice Logística 210,BA,Feira de Santana,Diego Lima,Impressora Multifuncional,Impressão,2 unidades,1589.1,0.03,996.73,Pix
2025-01-26,PED-2025-00527,Aurora Logística 122,RJ,Petrópolis,Gustavo Ribeiro,Webcam Full HD,Acessórios,3,289.27,0.12,135.31,Boleto
2025-09-12,PED-2025-00528,Prime Serviços 189,MG,Uberlândia,Gustavo Ribeiro,Access Point Wi-Fi 6,Conectividade,2,888.4,0.12,467.69,Pix
2025-09-12,PED-2025-00528,Prime Serviços 189,MG,Uberlândia,Gustavo Ribeiro,Teclado Mecânico,Acessórios,3,394.15,0.03,198.9,Pix
2025-10-01,PED-2025-00529,Integra Logística 106,SP,Campinas,Gustavo Ribeiro,Headset Corporativo,Acessórios,4,319.45,0.0,163.8,Pix
2025-10-01,PED-2025-00529,Integra Logística 106,SP,Campinas,Gustavo Ribeiro,Filtro de Linha Premium,Energia,4,117.27,0.12,50.19,Pix
2025-07-12,PED-2025-00530,Horizonte Serviços 045,RS,Pelotas,Camila Rocha,Headset Corporativo,Acessórios,1,341.84,0.05,155.9,Cartão de crédito
2025-05-13,PED-2025-00531,Ponto Distribuidora 188,MG,Juiz de Fora,Bruno Costa,Kit Toner Colorido,Impressão,2,865.29,0.0,415.65,Boleto
2025-05-13,PED-2025-00531,Ponto Distribuidora 188,MG,Juiz de Fora,Bruno Costa,Mouse Sem Fio,Acessórios,1,146.91,0.08,69.68,Boleto
2025-09-10,PED-2025-00532,Conecta Varejo 214,GO,Anápolis,Ana Martins,Toner Preto,Impressão,3,332.25,0.08,151.56,Pix
2025-09-10,PED-2025-00532,Conecta Varejo 214,GO,Anápolis,Ana Martins,Mouse Sem Fio,Acessórios,1,151.7,0.03,67.16,Pix
2025-07-27,PED-2025-00533,Central Tecnologia 203,SP,Ribeirão Preto,Juliana Mendes,Mouse Sem Fio,Acessórios,1,153.26,0.08,67.57,Pix
2025-07-27,PED-2025-00533,Central Tecnologia 203,SP,Ribeirão Preto,Juliana Mendes,Filtro de Linha Premium,Energia,2,123.1,0.03,52.6,Pix
2025-05-27,PED-2025-00534,Alfa Serviços 101,SP,Campinas,Fernanda Alves,Cadeira Ergonômica,Móveis,3,1422.37,0.05,792.16,Pix
2025-03-09,PED-2025-00535,Prime Comercial 009,MG,Uberlândia,Camila Rocha,Mouse Sem Fio,Acessórios,3,152.17,0.0,66.57,Cartão de débito
2025-11-24,PED-2025-00536,Horizonte Serviços 165,RS,Caxias do Sul,Diego Lima,Gaveteiro Executivo,Móveis,1,665.09,0.0,356.18,Pix
2025-06-18,PED-2025-00537,Prime Comercial 009,SP,Santos,Gustavo Ribeiro,Filtro de Linha Premium,Energia,1,115.75,0.03,50.53,Cartão de crédito
2025-06-18,PED-2025-00537,Prime Comercial 009,SP,Santos,Gustavo Ribeiro,Teclado Mecânico, acessórios ,6,397.43,0.05,198.48,Cartão de crédito
2025-06-18,PED-2025-00537,Prime Comercial 009,SP,Santos,Gustavo Ribeiro,Notebook Pro 15,Informática,1,4863.16,0.08,3457.23,Cartão de crédito
2025-03-08,PED-2025-00538,Vértice Varejo 190,GO,Goiânia,Camila Rocha,Filtro de Linha Premium,Energia,1,121.78,0.1,51.29,Boleto
2025-03-08,PED-2025-00538,Vértice Varejo 190,GO,Goiânia,Camila Rocha,Toner Preto,Impressão,3,341.7,0.12,151.64,Boleto
2025-09-20,PED-2025-00539,Vértice Distribuidora 180,SP,Ribeirão Preto,Lucas Barros,Headset Corporativo,Acessórios,1,322.46,0.0,158.13,Boleto
2025-09-20,PED-2025-00539,Vértice Distribuidora 180,SP,Ribeirão Preto,Lucas Barros,Switch 24 Portas,Conectividade,2,1105.04,0.05,594.69,Boleto
2025-10-18,PED-2025-00540,Aurora Distribuidora 012,PR,Curitiba,Camila Rocha,Mouse Sem Fio,Acessórios,1,148.8,0.08,68.41,Pix
2025-07-05,PED-2025-00541,Central Tecnologia 163,SP,Santos,Lucas Barros,Filtro de Linha Premium,Energia,1,124.67,0.0,52.46,Boleto
2025-10-25,PED-2025-00542,Conecta Varejo 094,RJ,Petrópolis,Camila Rocha,Monitor Ultrawide 29,Informática,1,1849.56,0.05,1194.09,Pix
25/10/2025,PED-2025-00542,Conecta Varejo 094,RJ,Petrópolis,Camila Rocha,Teclado Mecânico,Acessórios,11,396.66,0.0,193.3,Pix
2025-10-25,PED-2025-00542,Conecta Varejo 094,RJ,Petrópolis,Camila Rocha,Toner Preto,Impressão,2,342.48,0.1,151.41,Pix
2025-06-01,PED-2025-00543,Alfa Engenharia 151,MG,Juiz de Fora,Diego Lima,Filtro de Linha Premium,Energia,6,122.29,0.1,51.47,Transferência
2025-06-01,PED-2025-00543,Alfa Engenharia 151,MG,Juiz de Fora,Diego Lima,Roteador Empresarial,Conectividade,1,777.28,0.0,365.7,Transferência
2025-06-01,PED-2025-00543,Alfa Engenharia 151,MG,Juiz de Fora,Diego Lima,Mouse Sem Fio,Acessórios,2,147.04,0.15,68.62,Transferência
2025-01-15,PED-2025-00544,Prime Comercial 089,SP,Ribeirão Preto,Ana Martins,Mesa Ajustável,Móveis,1,1936.83,0.08,1058.08,Cartão de crédito
2025-01-15,PED-2025-00544,Prime Comercial 089,SP,Ribeirão Preto,Ana Martins,Switch 24 Portas,Conectividade,6,1099.49,0.1,622.01,Cartão de crédito
2025-04-19,PED-2025-00545,Horizonte Comercial 145,PR,Curitiba,Bruno Costa,Webcam Full HD,Acessórios,3,292.94,0.08,133.5,Pix
2025-04-19,PED-2025-00545,Horizonte Comercial 145,PR,Curitiba,Bruno Costa,Mouse Sem Fio,Acessórios,5,148.21,0.0,70.08,Pix
2025-04-19,PED-2025-00545,Horizonte Comercial 145,PR,Curitiba,Bruno Costa,Cadeira Ergonômica,Móveis,2,1344.85,0.1,756.08,Pix
2025-01-09,PED-2025-00546,Horizonte Tecnologia 195,BA,Feira de Santana,Diego Lima,Kit Toner Colorido,Impressão,1,898.6,0.05,414.15,Transferência
2025-12-14,PED-2025-00547,Vértice Logística 170,SC,Blumenau,Lucas Barros,Teclado Mecânico,Acessórios,2,382.48,0.05,196.4,Cartão de crédito
2025-12-14,PED-2025-00547,Vértice Logística 170,SC,Blumenau,Lucas Barros,Kit Toner Colorido,Impressão,5,853.93,0.05,396.41,Cartão de crédito
2025-04-06,PED-2025-00548,Conecta Distribuidora 044,RJ,Petrópolis,Fernanda Alves,Filtro de Linha Premium,Energia,4,117.72,0.15,53.0,Pix
2025-08-09,PED-2025-00549,Prime Serviços 069,PR,Curitiba,Ana Martins,Switch 24 Portas,Conectividade,2,1121.84,0.0,606.18,Cartão de crédito
2025-09-27,PED-2025-00550,Central Comercial 193,SP,São Paulo,Lucas Barros,Notebook Essencial 14,Informática,1,2826.17,0.0,2065.27,Pix
2025-09-27,PED-2025-00550,Central Comercial 193,SP,São Paulo,Lucas Barros,Mesa Ajustável,Móveis,2,1915.84,0.08,1052.64,Pix
2025-07-23,PED-2025-00551,Vértice Soluções 200,SP,Campinas,Lucas Barros,Filtro de Linha Premium,Energia,1,119.39,0.1,50.81,Cartão de crédito
2025-12-11,PED-2025-00552,Horizonte Tecnologia 195,SC,Joinville,,Webcam Full HD,Acessórios,1,279.79,0.08,136.38,Transferência
2025-01-07,PED-2025-00553,Ponto Logística 178,BA,Vitória da Conquista,Camila Rocha,Notebook Pro 15,Informática,1,4808.51,0.0,3398.32,Boleto
2025-01-07,PED-2025-00553,Ponto Logística 178,BA,Vitória da Conquista, CAMILA ROCHA ,Roteador Empresarial,Conectividade,1,736.28,0.0,378.25,Boleto
,PED-2025-00554,Prime Comercial 049,MG,Belo Horizonte,Fernanda Alves,Impressora Multifuncional,Impressão,9,1560.91,0.03,1007.38,Cartão de crédito
2025-11-24,PED-2025-00554,Prime Comercial 049,MG,Belo Horizonte,Fernanda Alves,Filtro de Linha Premium,Energia,4,117.5,0.05,51.87,Cartão de crédito
2025-10-15,PED-2025-00555,Aurora Soluções 152,DF,Brasília,Lucas Barros,Toner Preto,Impressão,1,334.36,0.05,147.13,Boleto
15/10/2025,PED-2025-00555,Aurora Soluções 152,DF,Brasília,Lucas Barros,Impressora Multifuncional,Impressão,3,1634.49,,982.1,Boleto
2025-10-15,PED-2025-00555,Aurora Soluções 152,DF,Brasília,Lucas Barros,Mesa Ajustável,Móveis,3,1838.25,0.05,1054.22,Boleto
2025-03-15,PED-2025-00556,Ponto Distribuidora 148,BA,Salvador,Lucas Barros,Filtro de Linha Premium,Energia,2,117.29,0.0,52.97,Pix
2025-03-15,PED-2025-00556,Ponto Distribuidora 148,BA,Salvador,Lucas Barros,Mesa Ajustável,Móveis,3,1825.99,0.03,1037.76,Pix
2025-03-15,PED-2025-00556,Ponto Distribuidora 148,BA,Salvador,Lucas Barros,Impressora Multifuncional,Impressão,1,1663.91,0.05,1048.51,Pix
2025-11-07,PED-2025-00557,Conecta Varejo 134,SC,Blumenau,Bruno Costa,Gaveteiro Executivo,Móveis,2,711.06,0.03,377.58,Pix
2025-11-07,PED-2025-00557,Conecta Varejo 134,SC,Blumenau,Bruno Costa,Webcam Full HD,Acessórios,3,286.29,0.0,136.81,Pix
2025-03-28,PED-2025-00558,Alfa Tecnologia 051,SC,Florianópolis,Fernanda Alves,Filtro de Linha Premium,Energia,2,122.32,0.03,49.68,Transferência
2025-03-28,PED-2025-00558,Alfa Tecnologia 051,SC,Florianópolis,Fernanda Alves,Monitor Ultrawide 29,Informática,3,1777.13,0.12,1138.82,Transferência
2025-03-18,PED-2025-00559,Nova Comercial 017,SP,Ribeirão Preto,Diego Lima,Monitor Ultrawide 29,Informática,2,1829.21,0.0,1187.47,Pix
2025-05-23,PED-2025-00560,Ponto Soluções 168,SP,Santos,Ana Martins,Access Point Wi-Fi 6,Conectividade,1,931.66,0.12,470.17,Boleto
2025-07-27,PED-2025-00561,Nova Serviços 077,RS,Pelotas,Juliana Mendes,Kit Toner Colorido,Impressão,4,917.07,0.03,406.25,Pix
2025-07-27,PED-2025-00561,Nova Serviços 077,RS,Pelotas,Juliana Mendes,Teclado Mecânico,Acessórios,1,392.0,0.0,188.49,Pix
2025-07-27,PED-2025-00561,Nova Serviços 077,RS,Pelotas,Juliana Mendes,Headset Corporativo,Acessórios,3,327.08,0.0,161.48,Pix
2025-06-27,PED-2025-00562,Aurora Varejo 102,GO,Goiânia,Gustavo Ribeiro,Toner Preto,Impressão,2,326.04,0.08,145.64,Cartão de crédito
2025-01-04,PED-2025-00563,Central Engenharia 103,SP,Santos,Juliana Mendes,Toner Preto,Impressão,1,325.2,0.0,144.77,Pix
2025-01-04,PED-2025-00563,Central Engenharia 103,SP,Santos,Juliana Mendes,Headset Corporativo,Acessórios,4,343.98,0.12,156.64,Pix
2025-10-02,PED-2025-00564,Prime Comercial 009,RJ,Petrópolis,Ana Martins,Nobreak 1500VA,Energia,6,1193.34,0.0,684.98,Pix
2025-10-02,PED-2025-00564,Prime Comercial 009,RJ,Petrópolis,Ana Martins,Mouse Sem Fio,Acessórios,1,146.77,0.08,69.9,Pix
2025-10-02,PED-2025-00564,Prime Comercial 009,RJ,Petrópolis,Ana Martins,Toner Preto,Impressão,4,337.56,0.0,147.41,Pix
2025-07-18,PED-2025-00565,Prime Engenharia 079,SC,Blumenau,Fernanda Alves,Monitor Ultrawide 29,Informática,4,1860.59,0.1,1141.41,Cartão de crédito
2025-07-18,PED-2025-00565,Prime Engenharia 079,SC,Blumenau,Fernanda Alves,Notebook Pro 15,Informática,3,4991.32,0.0,3531.79,Cartão de crédito
2025-10-31,PED-2025-00566,Ponto Varejo 038,SP,Ribeirão Preto,Gustavo Ribeiro,Mesa Ajustável,Móveis,9,1902.03,0.03,1017.32,Cartão de crédito
2025-11-25,PED-2025-00567,Alfa Comercial 121,RJ,Niterói,Camila Rocha,Gaveteiro Executivo,Móveis,1,688.67,0.05,368.52,Boleto
2025-11-25,PED-2025-00567,Alfa Comercial 121,RJ,Niterói,Camila Rocha,Kit Toner Colorido,Impressão,1,857.44,0.05,420.44,Boleto
2025-03-17,PED-2025-00568,Horizonte Engenharia 095,PR,Londrina,Fernanda Alves,Webcam Full HD,Acessórios,4,282.31,0.05,135.03,Cartão de crédito
2025-07-26,PED-2025-00569,Horizonte Tecnologia 195,DF,Brasília,Juliana Mendes,Gaveteiro Executivo,Móveis,3,713.65,,372.26,Cartão de crédito
2025-11-12,PED-2025-00570,Vértice Logística 210,SC,Blumenau,Gustavo Ribeiro,Teclado Mecânico,Acessórios,1,404.37,0.03,187.5,Cartão de crédito
2025-11-12,PED-2025-00570,Vértice Logística 210,SC,Blumenau,Gustavo Ribeiro,Notebook Essencial 14,Informática,4,2944.98,0.15,2007.86,Cartão de crédito
2025-04-23,PED-2025-00571,Conecta Distribuidora 124,BA,Feira de Santana,Bruno Costa,Notebook Pro 15,Informática,3,5039.45,0.05,3508.59,Transferência
2025-04-23,PED-2025-00571,Conecta Distribuidora 124,BA,Feira de Santana,Bruno Costa,Nobreak 1500VA,Energia,3,1224.24,0.03,669.94,Transferência
2025-06-20,PED-2025-00572,Alfa Tecnologia 171,PE,Olinda,Ana Martins,Monitor Ultrawide 29,Informática,1,1743.04,0.15,1141.27,Boleto
2025-06-20,PED-2025-00572,Alfa Tecnologia 171,PE,Olinda,Ana Martins,Switch 24 Portas,Conectividade,2,1165.18,0.08,615.25,Boleto
2025-01-13,PED-2025-00573,Aurora Logística 122,SC,Blumenau,Gustavo Ribeiro,Cadeira Ergonômica,Móveis,2,1379.54,0.05,790.12,Cartão de débito
2025-01-13,PED-2025-00573,Aurora Logística 122,SC,Blumenau,Gustavo Ribeiro,Headset Corporativo,Acessórios,4,325.11,0.0,162.04,Cartão de débito
2025-06-16,PED-2025-00574,Ponto Logística 178,SP,Campinas,Juliana Mendes,Switch 24 Portas,Conectividade,3,1159.69,0.12,594.41,Pix
2025-04-18,PED-2025-00575,Horizonte Tecnologia 075,SC,Blumenau,Bruno Costa,Nobreak 1500VA,Energia,6,1159.49,0.12,681.05,Transferência
2025-05-13,PED-2025-00576,Prime Serviços 189,SP,São Paulo,Juliana Mendes,Toner Preto,Impressão,3,343.86,0.1,144.56,Pix
2025-05-13,PED-2025-00576,Prime Serviços 189,SP,São Paulo,Juliana Mendes,Teclado Mecânico,Acessórios,2,407.99,0.05,193.8,Pix
2025-08-15,PED-2025-00577,Vértice Distribuidora 220,SP,Ribeirão Preto,Fernanda Alves,Headset Corporativo,Acessórios,4,341.47,0.1,160.95,Pix
15/08/2025,PED-2025-00577,Vértice Distribuidora 220,SP,Ribeirão Preto,Fernanda Alves,Filtro de Linha Premium,Energia,3,115.51,0.0,52.8,Pix
2025-01-07,PED-2025-00578,Prime Tecnologia 179,SP,Santos,Ana Martins,Teclado Mecânico,Acessórios,5,385.33,15%,190.84,Transferência
2025-07-12,PED-2025-00579,Vértice Soluções 200,RS,Caxias do Sul,Fernanda Alves,Impressora Multifuncional,Impressão,1,"R$ 1.639,70",0.0,1027.61,Cartão de crédito
2025-07-12,PED-2025-00579,Vértice Soluções 200,RS,Caxias do Sul,Fernanda Alves,Toner Preto,Impressão,1,341.74,0.03,144.11,Cartão de crédito
2025-12-15,PED-2025-00580,Aurora Logística 122,SP,Ribeirão Preto,Diego Lima,Webcam Full HD,Acessórios,3,288.92,0.05,136.83,Boleto
2025-12-15,PED-2025-00580,Aurora Logística 122,SP,Ribeirão Preto,Diego Lima,Toner Preto,Impressão,4,323.54,0.08,143.22,Boleto
2025-12-15,PED-2025-00580,Aurora Logística 122,SP,Ribeirão Preto,Diego Lima,Switch 24 Portas,Conectividade,5,1129.07,0.0,627.93,Boleto
2025-08-02,PED-2025-00581,Central Serviços 053,SP,Campinas,Diego Lima,Mesa Ajustável,Móveis,6,1788.82,,1056.86,Cartão de crédito
2025-08-02,PED-2025-00581,Central Serviços 053,SP,Campinas,Diego Lima,Notebook Pro 15,Informática,2,4875.06,0.05,3329.51,Cartão de crédito
2025-03-15,PED-2025-00582,Integra Logística 066,DF,Brasília,Diego Lima,Kit Toner Colorido,Impressão,3,856.06,0.1,411.07,Boleto
2025-08-30,PED-2025-00583,Integra Logística 026,SP,Santos,Lucas Barros,Mouse Sem Fio,Acessórios,4,146.55,0.08,67.59,Cartão de crédito
2025-08-30,PED-2025-00583,Integra Logística 026,SP,Santos,Lucas Barros,Kit Toner Colorido,Impressão,3,915.48,0.05,417.36,Cartão de crédito
2025-08-20,PED-2025-00584,Conecta Logística 114,MG,Belo Horizonte,Diego Lima,Cadeira Ergonômica,Móveis,2,1401.59,0.0,762.24,Cartão de crédito
2025-01-02,PED-2025-00585,Prime Comercial 049,DF,Brasília,Ana Martins,Headset Corporativo,Acessórios,1,330.37,0.08,156.82,Boleto
2025-08-09,PED-2025-00586,Prime Comercial 209,DF,Brasília,Diego Lima,Mouse Sem Fio,Acessórios,2,149.65,0.0,67.29,BOLETO
2025-02-13,PED-2025-00587,Integra Distribuidora 076,DF,Brasília,Lucas Barros,Webcam Full HD,Acessórios,1,270.39,0.03,137.15,Pix
2025-02-13,PED-2025-00587,Integra Distribuidora 076,DF,Brasília,Lucas Barros,Toner Preto,Impressão,1,337.42,0.1,148.49,Pix
2025-10-25,PED-2025-00588,Aurora Logística 042,SC,Blumenau,Bruno Costa,Nobreak 1500VA,Energia,2,1169.88,0.0,693.74,Cartão de crédito
2025-10-25,PED-2025-00588,Aurora Logística 042,SC,Blumenau,Bruno Costa,Mouse Sem Fio,Acessórios,2,144.06,0.0,69.73,Cartão de crédito
2025-08-01,PED-2025-00589,Central Engenharia 103,SP,Campinas,Camila Rocha,Teclado Mecânico,Acessórios,2,386.36,0.05,191.89,Pix
2025-08-01,PED-2025-00590,Central Serviços 133,SP,São Paulo,Ana Martins,Monitor Ultrawide 29,Informática,1,1722.71,0.0,1129.76,Boleto
2025-08-01,PED-2025-00590,Central Serviços 133,SP,São Paulo,Ana Martins,Roteador Empresarial,Conectividade,2,773.15,0.05,375.71,Boleto
2025-04-18,PED-2025-00591,Ponto Logística 098,MG,Juiz de Fora,Lucas Barros,Monitor Ultrawide 29,Informática,2,1803.95,0.03,1164.21,Transferência
2025-12-17,PED-2025-00592,Integra Varejo 166,SP,Ribeirão Preto,Fernanda Alves,Toner Preto,Impressão,2,337.29,,145.72,Boleto
2025-12-17,PED-2025-00592,Integra Varejo 166,SP,Ribeirão Preto,Fernanda Alves,Notebook Pro 15,Informática,5,5037.13,0.05,3490.41,Boleto
2025-06-16,PED-2025-00593,Integra Varejo 046,RS,Caxias do Sul,Juliana Mendes,Teclado Mecânico,Acessórios,3,381.08,8%,187.61,Pix
2025-10-25,PED-2025-00594,Horizonte Comercial 185,SC,Florianópolis,Diego Lima,Filtro de Linha Premium,Energia,3,125.56,0.08,52.16,Boleto
2025-10-25,PED-2025-00594,Horizonte Comercial 185,SC,Florianópolis,Diego Lima,Gaveteiro Executivo,Móveis,1,690.24,0.1,376.19,Boleto
2025-01-06,PED-2025-00595,Prime Comercial 089,PR,Curitiba,Bruno Costa,Kit Toner Colorido,Impressão,7,895.99,0.03,416.06,Transferência
2025-10-21,PED-2025-00596,Prime Engenharia 039,BA,Vitória da Conquista,Camila Rocha,Impressora Multifuncional,Impressão,1,1584.91,0.0,999.5,Cartão de crédito
2025-10-21,PED-2025-00596,Prime Engenharia 039,BA,Vitória da Conquista,Camila Rocha,Cadeira Ergonômica, móveis ,2,1432.22,0.05,748.17,Cartão de crédito
2025-01-10,PED-2025-00597,Horizonte Serviços 205,PE,Caruaru,Lucas Barros,Gaveteiro Executivo,Móveis,9,710.58,0.12,363.87,Cartão de débito
2025-01-10,PED-2025-00597,Horizonte Serviços 205,PE,Caruaru,Lucas Barros,Filtro de Linha Premium,Energia,2,123.07,0.12,52.6,Cartão de débito
2025-01-10,PED-2025-00597,Horizonte Serviços 205,PE,Caruaru,Lucas Barros,Teclado Mecânico,Acessórios,5,380.57,0.15,187.1,Cartão de débito
2025-08-30,PED-2025-00598,Integra Varejo 126,SP,Santos,Fernanda Alves,Toner Preto,Impressão,6,336.4,0.0,143.02,Boleto
2025-05-10,PED-2025-00599,Central Comercial 073,PR,Curitiba, JULIANA MENDES ,Impressora Multifuncional,Impressão,1,1547.86,0.0,1021.94,Cartão de crédito
2025-05-10,PED-2025-00599,Central Comercial 073,PR,Curitiba,Juliana Mendes,Switch 24 Portas,Conectividade,2,1164.12,0.15,602.51,Cartão de crédito
2025-04-28,PED-2025-00600,Conecta Varejo 174,SP,São Paulo,Diego Lima,Notebook Essencial 14,Informática,2,2879.36,0.08,2037.09,Cartão de débito
2025-04-28,PED-2025-00600,Conecta Varejo 174,SP,São Paulo,Diego Lima,Cadeira Ergonômica,Móveis,3,1444.45,0.08,756.17,Cartão de débito
2025-05-06,PED-2025-00601,Aurora Varejo 062,RS,Caxias do Sul,Lucas Barros,Cadeira Ergonômica,Móveis,4,1409.27,0.1,748.84,Cartão de crédito
2025-04-18,PED-2025-00602,Horizonte Tecnologia 155,SC,Blumenau,Juliana Mendes,Monitor Ultrawide 29,Informática,1,1769.86,0.0,1140.52,Pix
2025-06-03,PED-2025-00603,Conecta Logística 154,RS,Pelotas,Camila Rocha,Webcam Full HD,Acessórios,6,274.61,0.03,132.67,Transferência
2025-04-08,PED-2025-00604,Central Serviços 173,RJ,Niterói,Diego Lima,Mouse Sem Fio,Acessórios,1,149.44,0.1,65.99,Pix
2025-01-27,PED-2025-00605,Nova Comercial 137,MG,Uberlândia,Diego Lima,Headset Corporativo,Acessórios,2,340.74,0.15,155.67,Cartão de crédito
2025-01-27,PED-2025-00605,Nova Comercial 137,MG,Uberlândia,Diego Lima,Impressora Multifuncional,Impressão,3,1660.0,0.0,987.99,Cartão de crédito
2025-01-27,PED-2025-00605,Nova Comercial 137,MG,Uberlândia,Diego Lima,Mouse Sem Fio,Acessórios,3,154.51,0.08,66.21,Cartão de crédito
2025-11-27,PED-2025-00606,Nova Comercial 097,MG,Juiz de Fora,Bruno Costa,Headset Corporativo,Acessórios,1,327.75,0.08,160.46,Pix
2025-07-26,PED-2025-00607,Alfa Tecnologia 091,PR,Curitiba,Bruno Costa,Gaveteiro Executivo,Móveis,2,682.23,0.12,367.7,Boleto
2025-07-26,PED-2025-00607,Alfa Tecnologia 091,PR,Curitiba,Bruno Costa,Headset Corporativo,Acessórios,6,341.27,0.0,156.56,Boleto
2025-10-05,PED-2025-00608,Central Tecnologia 043,SP,São Paulo,Lucas Barros,Mesa Ajustável,Móveis,2,1875.38,0.1,1029.26,Cartão de crédito
2025-10-05,PED-2025-00608,Central Tecnologia 043,SP,São Paulo,Lucas Barros,Gaveteiro Executivo,Móveis,1,686.41,12%,358.66,Cartão de crédito
2025-10-30,PED-2025-00609,Prime Comercial 009,RJ,Rio de Janeiro,Diego Lima,Cadeira Ergonômica,Móveis,2,1365.18,0.05,748.5,Transferência
2025-10-30,PED-2025-00609,Prime Comercial 009,RJ,Rio de Janeiro,Diego Lima,Filtro de Linha Premium, energia ,3,116.38,0.05,51.95,Transferência
2025-08-28,PED-2025-00610,Nova Tecnologia 187,MG,Belo Horizonte,Gustavo Ribeiro,Filtro de Linha Premium,Energia,7,119.33,0.08,52.38,Transferência
2025-07-09,PED-2025-00611,Nova Tecnologia 067,DF,Brasília,Fernanda Alves,Mesa Ajustável,Móveis,1,1789.18,0.03,1075.6,Cartão de crédito
2025-07-09,PED-2025-00611,Nova Tecnologia 067,DF,Brasília,Fernanda Alves,Roteador Empresarial,Conectividade,2,750.21,0.0,380.16,Cartão de crédito
2025-11-28,PED-2025-00612,Vértice Soluções 080,PR,Maringá,Camila Rocha,Headset Corporativo,Acessórios,7,318.65,0.0,157.78,Pix
2025-01-17,PED-2025-00613,Integra Logística 146,DF,Brasília,Diego Lima,Filtro de Linha Premium,Energia,6,121.97,0.15,49.59,Pix
2025-01-17,PED-2025-00613,Integra Logística 146,DF,Brasília,Diego Lima,Roteador Empresarial,Conectividade,6,780.83,0.05,377.25,Pix
2025-04-26,PED-2025-00614,Vértice Distribuidora 060,PR,Curitiba,Camila Rocha,Headset Corporativo,Acessórios,3,336.8,0.1,154.66,Cartão de crédito
2025-04-26,PED-2025-00614,Vértice Distribuidora 060,PR,Curitiba,Camila Rocha,Mouse Sem Fio,Acessórios,6,144.32,0.03,68.18,Cartão de crédito
2025-07-30,PED-2025-00615,Ponto Varejo 198,SP,Campinas,Bruno Costa,Teclado Mecânico,Acessórios,1,389.2,0.08,193.52,Pix
2025-05-21,PED-2025-00616,Prime Tecnologia 019,SP,São Paulo,Bruno Costa,Headset Corporativo,Acessórios,1,326.03,0.05,158.57,Cartão de crédito
2025-04-03,PED-2025-00617,Nova Engenharia 207,RS,Pelotas,Gustavo Ribeiro,Switch 24 Portas,Conectividade,2,1111.97,0.05,611.96,Pix
2025-01-24,PED-2025-00618,Central Comercial 033,BA,Feira de Santana,Bruno Costa,Access Point Wi-Fi 6,Conectividade,4,882.33,0.1,495.73,Cartão de crédito
2025-01-24,PED-2025-00618,Central Comercial 033,BA,Feira de Santana,Bruno Costa,Impressora Multifuncional,Impressão,2,1566.73,0.08,986.32,Cartão de crédito
2025-01-16,PED-2025-00619,Nova Tecnologia 027,RJ,Petrópolis,Fernanda Alves,Cadeira Ergonômica,Móveis,2,1388.87,0.12,759.18,Pix
2025-01-16,PED-2025-00619,Nova Tecnologia 027,RJ,Petrópolis,Fernanda Alves,Impressora Multifuncional,Impressão,1,1629.16,0.0,1011.62,Pix
2025-01-21,PED-2025-00620,Ponto Distribuidora 028,SP,Campinas,Camila Rocha,Filtro de Linha Premium,Energia,7,120.08,0.0,50.29,Boleto
2025-03-18,PED-2025-00621,Aurora Soluções 192,RJ,Niterói,Juliana Mendes,Cadeira Ergonômica,Móveis,1,1354.73,0.03,756.13,Cartão de crédito
2025-03-18,PED-2025-00621,Aurora Soluções 192,RJ,Niterói,Juliana Mendes,Headset Corporativo,Acessórios,1,321.46,0.12,164.29,Cartão de crédito
2025-02-11,PED-2025-00622,Nova Engenharia 127,MG,Uberlândia,Juliana Mendes,Notebook Essencial 14,Informática,3,2970.42,0.15,2064.89,Pix
2025-10-11,PED-2025-00623,Horizonte Comercial 105,RS,Caxias do Sul,Gustavo Ribeiro,Mesa Ajustável,Móveis,3,1800.33,0.05,1026.66,Boleto
2025-04-09,PED-2025-00624,Conecta Soluções 104,MG,Belo Horizonte,Bruno Costa,Headset Corporativo,Acessórios,2,335.29,0.05,155.98,Transferência
2025-03-28,PED-2025-00625,Alfa Tecnologia 171,GO,Aparecida de Goiânia,Diego Lima,Notebook Pro 15,Informática,1,5131.34,0.1,3356.23,Pix
32/13/2025,PED-2025-00626,Nova Comercial 017,RJ,Petrópolis,Camila Rocha,Switch 24 Portas,Conectividade,6,1153.99,0.05,594.51,Cartão de crédito
2025-08-22,PED-2025-00627,Prime Comercial 169,PR,Maringá,Lucas Barros,Headset Corporativo,Acessórios,1,345.24,0.0,158.72,PIX
2025-07-24,PED-2025-00628,Aurora Distribuidora 212,SP,São Paulo,Camila Rocha,Headset Corporativo,Acessórios,7,323.88,0.03,161.06,Cartão de crédito
24/11/2025,PED-2025-00629,Central Tecnologia 043,BA,Vitória da Conquista,Bruno Costa,Headset Corporativo,Acessórios,3,341.95,0.0,161.16,Cartão de crédito
2025-11-24,PED-2025-00629,Central Tecnologia 043,BA,Vitória da Conquista,Bruno Costa,Webcam Full HD,Acessórios,4,291.56,0.12,128.63,Cartão de crédito
2025-11-24,PED-2025-00629,Central Tecnologia 043,BA,Vitória da Conquista,Bruno Costa,Filtro de Linha Premium,Energia,2,121.81,0.08,49.63,Cartão de crédito
2025-09-02,PED-2025-00630,Prime Comercial 089,SP,Ribeirão Preto,Camila Rocha,Filtro de Linha Premium,Energia,1,124.52,0.05,50.91,Transferência
2025-09-02,PED-2025-00630,Prime Comercial 089,SP,Ribeirão Preto,Camila Rocha,Cadeira Ergonômica,Móveis,1,1442.76,0.08,751.34,Transferência
2025-09-02,PED-2025-00630,Prime Comercial 089,SP,Ribeirão Preto,Camila Rocha,Mouse Sem Fio,Acessórios,2,145.27,0.12,69.06,Transferência
2025-07-05,PED-2025-00631,Aurora Soluções 192,RS,Porto Alegre,Camila Rocha,Notebook Pro 15,Informática,1,4794.22,0.05,3378.21,Pix
2025-07-05,PED-2025-00631,Aurora Soluções 192,RS,Porto Alegre,Camila Rocha,Cadeira Ergonômica,Móveis,6,1452.15,0.12,765.06,Pix
2025-12-13,PED-2025-00632,Ponto Distribuidora 028,SP,Ribeirão Preto,Gustavo Ribeiro,Toner Preto,Impressão,5,331.25,0.0,142.15,Pix
2025-11-16,PED-2025-00633,Integra Soluções 096,PR,Londrina,Ana Martins,Toner Preto,Impressão,1,332.97,0.03,142.17,Boleto
2025-11-16,PED-2025-00633,Integra Soluções 096,PR,Londrina,Ana Martins,Access Point Wi-Fi 6,Conectividade,3,870.44,0.08,482.97,Boleto
2025-01-01,PED-2025-00634,Integra Soluções 216,BA,Feira de Santana,Gustavo Ribeiro,Cadeira Ergonômica,Móveis,1,1373.25,0.15,781.87,Pix
2025-01-01,PED-2025-00634,Integra Soluções 216,BA,Feira de Santana,Gustavo Ribeiro,Headset Corporativo,Acessórios,5,325.0,0.05,160.23,Pix
2025-07-26,PED-2025-00635,Ponto Soluções 008,RS,Caxias do Sul,Camila Rocha,Roteador Empresarial,Conectividade,7,784.34,0.05,362.56,Cartão de crédito
2025-07-26,PED-2025-00635,Ponto Soluções 008,RS,Caxias do Sul,Camila Rocha,Filtro de Linha Premium,Energia,5,118.73,0.0,51.13,Cartão de crédito
2025-05-11,PED-2025-00636,Conecta Soluções 104,MG,Uberlândia,Lucas Barros,Nobreak 1500VA,Energia,2,1143.78,0.08,694.67,Boleto
2025-04-02,PED-2025-00637,Prime Engenharia 039,SP,Santos,Gustavo Ribeiro,Access Point Wi-Fi 6,Conectividade,1,907.44,0.05,479.18,Cartão de crédito
2025-04-02,PED-2025-00637,Prime Engenharia 039,SP,Santos,Gustavo Ribeiro,Roteador Empresarial,Conectividade,1,752.07,0.0,375.04,Cartão de crédito
2025-11-23,PED-2025-00638,Horizonte Tecnologia 155,RJ,Niterói,Camila Rocha,Access Point Wi-Fi 6,Conectividade,1,932.57,0.0,464.81,Pix
2025-11-23,PED-2025-00638,Horizonte Tecnologia 155,RJ,Niterói,Camila Rocha,Gaveteiro Executivo,Móveis,1,699.93,0.1,357.58,Pix
2025-11-23,PED-2025-00638,Horizonte Tecnologia 155,RJ,Niterói,Camila Rocha,Webcam Full HD,Acessórios,1,289.71,0.05,129.94,Pix
2025-10-05,PED-2025-00639,Integra Varejo 206,MG,Uberlândia,Juliana Mendes,Roteador Empresarial,Conectividade,3,757.0,0.12,375.13,Cartão de crédito
2025-05-25,PED-2025-00640,Ponto Soluções 088,SC,Florianópolis,Camila Rocha,Mouse Sem Fio,Acessórios,2,152.91,0.05,66.61,Cartão de crédito
2025-08-05,PED-2025-00641,Alfa Tecnologia 171,SP,São Paulo,Fernanda Alves,Notebook Pro 15,Informática,2,4798.09,0.0,3466.04,Transferência
2025-08-05,PED-2025-00641,Alfa Tecnologia 171,SP,São Paulo,Fernanda Alves,Teclado Mecânico,Acessórios,4,397.83,0.0,186.5,Transferência
2025-10-16,PED-2025-00642,Conecta Soluções 064,RJ,Rio de Janeiro,Lucas Barros,Teclado Mecânico,Acessórios,10,409.36,0.08,196.3,Cartão de crédito
2025-10-16,PED-2025-00642,Conecta Soluções 064,RJ,Rio de Janeiro,Lucas Barros,Kit Toner Colorido,Impressão,2,884.27,0.15,418.5,Cartão de crédito
2025-08-08,PED-2025-00643,Conecta Logística 034,GO,Anápolis,Lucas Barros,Monitor Ultrawide 29,Informática,1,1875.79,0.0,1181.3,Cartão de crédito
2025-09-23,PED-2025-00644,Ponto Soluções 048,PR,Londrina,Bruno Costa,Gaveteiro Executivo,Móveis,1,699.11,0.05,360.44,Cartão de crédito
2025-09-23,PED-2025-00644,Ponto Soluções 048,PR,Londrina,Bruno Costa,Mouse Sem Fio,Acessórios,5,156.49,0.12,67.68,Cartão de crédito
2025-04-26,PED-2025-00645,Ponto Distribuidora 188,SP,Campinas,Lucas Barros,Cadeira Ergonômica,Móveis,2,1398.07,0.0,790.87,Cartão de crédito
2025-02-09,PED-2025-00646,Alfa Comercial 001,MG,Belo Horizonte,Gustavo Ribeiro,Filtro de Linha Premium,Energia,1,116.06,0.15,52.88,Transferência
2025-04-12,PED-2025-00647,Integra Varejo 006,MG,Uberlândia,Fernanda Alves,Toner Preto,Impressão,2,319.25,0.08,142.67,Pix
2025-04-12,PED-2025-00647,Integra Varejo 006,MG,Uberlândia,Fernanda Alves,Mesa Ajustável,Móveis,2,1836.5,0.08,1046.77,Pix
2025-06-26,PED-2025-00648,Nova Engenharia 047,SC,Blumenau,Bruno Costa,Toner Preto,Impressão,7,318.08,0.08,142.85,Pix
2025-06-26,PED-2025-00648,Nova Engenharia 047,SC,Blumenau,Bruno Costa,Gaveteiro Executivo,Móveis,2,706.99,0.0,368.23,Pix
2025-08-09,PED-2025-00649,Alfa Serviços 101,SC,Florianópolis,Ana Martins,Notebook Essencial 14,Informática,6,2996.56,0.03,2034.07,Pix
2025-08-09,PED-2025-00649,Alfa Serviços 101,SC,Florianópolis,Ana Martins,Mouse Sem Fio,Acessórios,2,153.68,0.0,70.31,Pix
2025-04-18,PED-2025-00650,Nova Engenharia 047,MG,Uberlândia,Diego Lima,Kit Toner Colorido,Impressão,3,859.29,0.08,403.96,Pix
2025-10-30,PED-2025-00651,Ponto Logística 098,GO,Goiânia,Fernanda Alves,Headset Corporativo,Acessórios,3,318.24,0.05,"R$ 153,37",Cartão de crédito
2025-10-30,PED-2025-00651,Ponto Logística 098, go ,Goiânia,Fernanda Alves,Filtro de Linha Premium,Energia,7,122.92,0.0,52.09,Cartão de crédito
2025-10-30,PED-2025-00651,Ponto Logística 098,GO,Goiânia,Fernanda Alves,Toner Preto,Impressão,1,339.08,0.08,143.92,Cartão de crédito
2025-01-06,PED-2025-00652,Prime Tecnologia 099,GO,Anápolis,Gustavo Ribeiro,Mouse Sem Fio,Acessórios,2,154.81,0.08,67.37,Cartão de débito
2025-01-06,PED-2025-00652,Prime Tecnologia 099,GO,Anápolis,Gustavo Ribeiro,Teclado Mecânico,Acessórios,1,405.7,0.0,197.85,Cartão de débito
2025-01-06,PED-2025-00652,Prime Tecnologia 099,GO,Anápolis,Gustavo Ribeiro,Toner Preto,Impressão,8,330.66,0.0,146.3,Cartão de débito
2025-01-18,PED-2025-00653,Nova Tecnologia 067,BA,Vitória da Conquista,Bruno Costa,Switch 24 Portas,Conectividade,1,1115.11,0.03,624.13,Cartão de crédito
2025-01-18,PED-2025-00653,Nova Tecnologia 067,BA,Vitória da Conquista,Bruno Costa,Webcam Full HD,Acessórios,2,270.62,0.1,136.96,Cartão de crédito
2025-12-14,PED-2025-00654,Ponto Logística 178,GO,Aparecida de Goiânia,Juliana Mendes,Filtro de Linha Premium,Energia,9,122.66,0.05,50.92,Pix
2025-12-14,PED-2025-00654,Ponto Logística 178,GO,Aparecida de Goiânia,Juliana Mendes,Mesa Ajustável,Móveis,4,1935.48,0.0,1019.06,Pix
2025-12-14,PED-2025-00654,Ponto Logística 178,GO,Aparecida de Goiânia,Juliana Mendes,Webcam Full HD,Acessórios,3,290.45,0.0,129.45,Pix
2025-01-22,PED-2025-00655,Central Serviços 093,SP,Campinas,Gustavo Ribeiro,Headset Corporativo,Acessórios,1,323.24,0.0,"R$ 154,54",Pix
2025-01-22,PED-2025-00655,Central Serviços 093,SP,Campinas,Gustavo Ribeiro,Cadeira Ergonômica,Móveis,4,1372.81,0.0,787.6,Pix
2025-08-03,PED-2025-00656,Horizonte Engenharia 095,RS,Pelotas,Fernanda Alves,Access Point Wi-Fi 6,Conectividade,4,893.47,0.0,466.55,Cartão de débito
2025-08-10,PED-2025-00657,Conecta Varejo 014,SP,Ribeirão Preto,Gustavo Ribeiro,Headset Corporativo,Acessórios,1,323.84,0.0,159.98,Transferência
2025-09-27,PED-2025-00658,Alfa Comercial 041,SP,Ribeirão Preto,Diego Lima,Notebook Essencial 14,Informática,7,2821.33,0.08,2052.66,Transferência
2025-04-16,PED-2025-00659,,RJ,Niterói,Fernanda Alves,Switch 24 Portas,Conectividade,2,1088.63,0.15,629.78,Cartão de crédito
2025-04-16,PED-2025-00659,Ponto Distribuidora 028,RJ,Niterói,Fernanda Alves,Toner Preto,Impressão,1,333.72,0.05,149.28,Cartão de crédito
2025-01-20,PED-2025-00660,Central Tecnologia 163,SP,Santos,Bruno Costa,Kit Toner Colorido,Impressão,3,885.85,0.0,411.33,Transferência
2025-05-25,PED-2025-00661,Aurora Soluções 192,SP,Santos,Camila Rocha,Mesa Ajustável,Móveis,5,1885.47,0.08,1068.1,Cartão de crédito
2025-05-25,PED-2025-00661,Aurora Soluções 192,SP,Santos,Camila Rocha,Roteador Empresarial,Conectividade,1,763.59,0.0,370.28,Cartão de crédito
2025-01-19,PED-2025-00662,Aurora Distribuidora 132,SP,Santos,Diego Lima,Mouse Sem Fio,Acessórios,2,152.11,0.0,"R$ 67,32",Pix
2025-01-19,PED-2025-00662,Aurora Distribuidora 132,SP,Santos,Diego Lima,Monitor Ultrawide 29,Informática,5,1726.23,0.08,1181.1,Pix
2025-01-19,PED-2025-00662,Aurora Distribuidora 132,SP,Santos,Diego Lima,Notebook Pro 15,Informática,6,5076.63,0.08,3330.96,Pix
2025-01-14,PED-2025-00663,Conecta Varejo 174,RS,Caxias do Sul, CAMILA ROCHA ,Notebook Essencial 14,Informática,1,2775.78,0.05,2084.43,Boleto
2025-01-14,PED-2025-00663,Conecta Varejo 174,RS,Caxias do Sul,Camila Rocha,Filtro de Linha Premium,Energia,7,120.86,0.05,50.85,Boleto
2025-06-20,PED-2025-00664,Central Serviços 093,PE,Recife,Diego Lima,Switch 24 Portas,Conectividade,4,1146.85,0.1,592.07,Boleto
2025-07-31,PED-2025-00665,Nova Comercial 017,MG,Belo Horizonte,Juliana Mendes,Mouse Sem Fio,Acessórios,1,155.17,0.05,67.76,Transferência
2025-07-31,PED-2025-00665,Nova Comercial 017,MG,Belo Horizonte,Juliana Mendes,Toner Preto,Impressão,3,336.51,0.03,143.24,Transferência
2025-06-22,PED-2025-00666,Ponto Soluções 208,SP,São Paulo,Gustavo Ribeiro,Cadeira Ergonômica,Móveis,4,1341.9,0.12,750.03,Cartão de crédito
2025-12-09,PED-2025-00667,Prime Serviços 069,SP,Campinas,Juliana Mendes,Notebook Pro 15,Informática,1,5058.98,0.1,3359.36,Pix
2025-12-09,PED-2025-00667,Prime Serviços 069,SP,Campinas,Juliana Mendes,Switch 24 Portas,Conectividade,7,1087.56,0.08,606.47,Pix
2025-12-09,PED-2025-00667,Prime Serviços 069,SP,Campinas,Juliana Mendes,Toner Preto,Impressão,4,338.0,0.1,142.02,Pix
2025-01-08,PED-2025-00668,Integra Varejo 166,PR,Maringá,Fernanda Alves,Mesa Ajustável,Móveis,1,1929.34,0.0,1023.51,Pix
2025-01-08,PED-2025-00668,Integra Varejo 166,PR,Maringá,Fernanda Alves,Switch 24 Portas,Conectividade,1,1135.6,0.08,615.08,Pix
2025-01-08,PED-2025-00668,Integra Varejo 166,PR,Maringá,Fernanda Alves,Toner Preto,Impressão,3,341.27,0.0,148.1,Pix
2025-12-07,PED-2025-00669,Vértice Distribuidora 220,SP,Ribeirão Preto,Camila Rocha,Webcam Full HD,Acessórios,2,282.16,0.08,128.42,Boleto
2025-12-07,PED-2025-00669,Vértice Distribuidora 220,SP,Ribeirão Preto,Camila Rocha,Notebook Essencial 14,Informática,3,2980.97,0.05,1970.03,Boleto
2025-10-19,PED-2025-00670,Nova Comercial 017,MG,Juiz de Fora,Bruno Costa,Teclado Mecânico,Acessórios,3,399.08,0.12,189.32,Cartão de débito
2025-08-03,PED-2025-00671,Prime Comercial 089,PR,Maringá,Camila Rocha,Mouse Sem Fio,Acessórios,3,157.32,0.1,68.28,Pix
2025-08-03,PED-2025-00671,Prime Comercial 089,PR,Maringá,Camila Rocha,Impressora Multifuncional,Impressão,4,1632.95,0.0,1011.26,Pix
2025-02-13,PED-2025-00672,Aurora Distribuidora 172,MG,Uberlândia,Diego Lima,Notebook Pro 15,Informática,2,5012.49,0.0,3553.07,Pix
2025-02-13,PED-2025-00672,Aurora Distribuidora 172,MG,Uberlândia,Diego Lima,Headset Corporativo,Acessórios,1,319.99,0.08,162.56,Pix
2025-02-13,PED-2025-00672,Aurora Distribuidora 172,MG,Uberlândia,Diego Lima,Toner Preto,Impressão,1,324.16,0.0,151.7,Pix
2025-05-15,PED-2025-00673,Nova Engenharia 167,PR,Londrina,Lucas Barros,Headset Corporativo,Acessórios,5,320.86,0.03,158.2,Cartão de débito
2025-05-15,PED-2025-00673,Nova Engenharia 167,PR,Londrina,Lucas Barros,Teclado Mecânico,Acessórios,1,387.41,0.05,195.93,Cartão de débito
2025-03-20,PED-2025-00674,Conecta Soluções 104,SP,Santos,Ana Martins,Headset Corporativo,Acessórios,1,326.17,0.1,158.89,Boleto
2025-01-08,PED-2025-00675,Nova Serviços 077,SP,São Paulo,Lucas Barros,Switch 24 Portas,Conectividade,5,1103.9,0.03,634.25,Pix
2025-01-08,PED-2025-00675,Nova Serviços 077,SP,São Paulo,Lucas Barros,Teclado Mecânico,Acessórios,1,"R$ 406,79",0.0,198.06,Pix
2025-03-18,PED-2025-00676,Prime Serviços 069,PR,Londrina,Juliana Mendes,Filtro de Linha Premium,Energia,5,121.82,0.05,51.38,Cartão de crédito
2025-12-18,PED-2025-00677,Horizonte Tecnologia 075,MG,Belo Horizonte,Fernanda Alves,Cadeira Ergonômica,Móveis,3,1454.76,0.08,746.97,Cartão de crédito
2025-08-20,PED-2025-00678,Prime Tecnologia 179,SC,Florianópolis,Diego Lima,Notebook Pro 15,Informática,2,5122.06,0.12,3433.29,Cartão de débito
2025-12-14,PED-2025-00679,Central Engenharia 063,SP,Ribeirão Preto,Fernanda Alves,Filtro de Linha Premium,Energia,1,120.77,0.12,50.58,Transferência
2025-05-18,PED-2025-00680,Aurora Soluções 152,SP,Ribeirão Preto,Gustavo Ribeiro,Kit Toner Colorido,Impressão,6,861.68,0.0,419.99,Cartão de crédito
2025-02-17,PED-2025-00681,Alfa Comercial 121, ba ,Feira de Santana,Gustavo Ribeiro,Cadeira Ergonômica,Móveis,3,1353.16,0.08,793.72,Cartão de débito
2025-04-21,PED-2025-00682,Alfa Engenharia 191,SP,Santos,Lucas Barros,Filtro de Linha Premium,Energia,3,123.81,0.08,50.49,Pix
2025-10-08,PED-2025-00683,Ponto Distribuidora 108,GO,Goiânia,Juliana Mendes,Teclado Mecânico,Acessórios,6,374.67,0.05,198.91,Boleto
2025-02-17,PED-2025-00684,Ponto Logística 098,MG,Uberlândia,Camila Rocha,Notebook Essencial 14, informática ,2,2852.96,0.0,2093.75,Pix
2025-09-01,PED-2025-00685,Vértice Soluções 200,RJ,Rio de Janeiro,Lucas Barros,Access Point Wi-Fi 6,Conectividade,3,913.31,0.08,475.78,Pix
2025-12-15,PED-2025-00686,Horizonte Serviços 085,SP,São Paulo,Juliana Mendes,Mesa Ajustável,Móveis,1,1785.35,0.05,1058.01,Boleto
2025-01-06,PED-2025-00687,Horizonte Comercial 065,PE,Olinda,Ana Martins,Headset Corporativo,Acessórios,1,326.14,0.1,154.88,Boleto
2025-01-01,PED-2025-00688,Central Comercial 113,RJ,Niterói,Fernanda Alves,Filtro de Linha Premium,Energia,2,124.68,0.0,50.26,Pix
2025-01-01,PED-2025-00688,Central Comercial 113,RJ,Niterói,Fernanda Alves,Switch 24 Portas,Conectividade,1,1149.02,0.0,619.92,Pix
2025-01-01,PED-2025-00688,Central Comercial 113,RJ,Niterói,Fernanda Alves,Monitor Ultrawide 29,Informática,1,1752.66,0.0,1128.82,Pix
2025-09-30,PED-2025-00689,Ponto Logística 218,PR,Curitiba,Camila Rocha,Filtro de Linha Premium,Energia,10,120.19,0.0,52.76,Pix
2025-05-24,PED-2025-00690,Vértice Distribuidora 220,SC,Florianópolis,Gustavo Ribeiro,Roteador Empresarial,Conectividade,5,757.36,0.05,362.26,Cartão de débito
2025-05-24,PED-2025-00690,Vértice Distribuidora 220,SC,Florianópolis,Gustavo Ribeiro,Webcam Full HD,Acessórios,2,268.94,0.05,128.07,Cartão de débito
2025-01-07,PED-2025-00691,Aurora Varejo 062,SC,Joinville,Fernanda Alves,Notebook Essencial 14,Informática,4,2961.07,0.08,2059.42,Cartão de crédito
2025-09-30,PED-2025-00692,Integra Logística 186,RS,Pelotas,Gustavo Ribeiro,Headset Corporativo,Acessórios,2,326.64,0.0,161.9,Pix
2025-09-07,PED-2025-00693,Integra Soluções 016,BA,Salvador,Bruno Costa,Teclado Mecânico,Acessórios,2,386.15,0.03,196.8,Boleto
2025-12-24,PED-2025-00694,Ponto Logística 178,RJ,Rio de Janeiro,Ana Martins,Filtro de Linha Premium,Energia,1,124.69,0.05,50.81,Transferência
2025-12-24,PED-2025-00694,Ponto Logística 178,RJ,Rio de Janeiro,Ana Martins,Teclado Mecânico,Acessórios,2,408.22,0.0,189.51,Transferência
2025-11-02,PED-2025-00695,Central Engenharia 023,RJ,Rio de Janeiro,Diego Lima,Mouse Sem Fio,Acessórios,1,148.68,0.0,66.6,Pix
2025-11-02,PED-2025-00695,Central Engenharia 023,RJ,Rio de Janeiro,Diego Lima,Toner Preto,Impressão,6,"R$ 317,21",0.15,148.48,Pix
2025-03-26,PED-2025-00696,Integra Distribuidora 156,MG,Juiz de Fora,Lucas Barros,Nobreak 1500VA,Energia,2,1155.87,0.03,690.38,Pix
2025-07-19,PED-2025-00697,Vértice Distribuidora 180,RJ,Petrópolis,Ana Martins,Webcam Full HD,Acessórios,1,283.14,0.08,133.11,Cartão de crédito
2025-07-19,PED-2025-00697,Vértice Distribuidora 180,RJ,Petrópolis,Ana Martins,Gaveteiro Executivo,Móveis,1,693.94,0.0,372.02,Cartão de crédito
2025-03-07,PED-2025-00698,Integra Soluções 096,SP,São Paulo,Diego Lima,Kit Toner Colorido,Impressão,3,876.86,0.1,407.76,Cartão de crédito
2025-03-07,PED-2025-00698,Integra Soluções 096,SP,São Paulo,Diego Lima,Access Point Wi-Fi 6,Conectividade,2,871.87,0.0,471.55,Cartão de crédito
2025-03-07,PED-2025-00698,Integra Soluções 096,SP,São Paulo,Diego Lima,Headset Corporativo,Acessórios,1,343.09,0.05,162.61,Cartão de crédito
2025-09-12,PED-2025-00699,Horizonte Comercial 105,SP,Santos,Bruno Costa,Filtro de Linha Premium,Energia,1,125.63,0.0,52.87,Transferência
2025-09-12,PED-2025-00699,Horizonte Comercial 105,SP,Santos,Bruno Costa,Teclado Mecânico,Acessórios,3,393.42,0.05,191.07,Transferência
2025-04-22,PED-2025-00700,Central Tecnologia 083,SP,Ribeirão Preto,Diego Lima,Cadeira Ergonômica,Móveis,9,1418.74,0.08,791.28,Cartão de crédito
2025-04-22,PED-2025-00700,Central Tecnologia 083,SP,Ribeirão Preto,Diego Lima,Toner Preto,Impressão,2,335.96,0.0,143.86,Cartão de crédito
2025-11-23,PED-2025-00701,Integra Varejo 006,MG,Juiz de Fora,Diego Lima,Notebook Pro 15,Informática,4,5013.88,0.1,3452.78,Transferência
2025-05-16,PED-2025-00702,Horizonte Serviços 125,MG,Belo Horizonte,Ana Martins,Notebook Pro 15,Informática,3,4974.03,0.08,3351.68,Cartão de crédito
2025-05-16,PED-2025-00702,Horizonte Serviços 125,MG,Belo Horizonte,Ana Martins,Switch 24 Portas,Conectividade,3,1169.3,0.05,615.95,Cartão de crédito
2025-09-04,PED-2025-00703,Conecta Distribuidora 044,MG,Uberlândia,Ana Martins,Switch 24 Portas,Conectividade,2,1096.36,0.0,625.09,Boleto
2025-09-04,PED-2025-00703,Conecta Distribuidora 044,MG,Uberlândia,Ana Martins,Filtro de Linha Premium,Energia,1,117.99,0.05,49.55,Boleto
2025-09-04,PED-2025-00703,Conecta Distribuidora 044,MG,Uberlândia,Ana Martins,Monitor Ultrawide 29,Informática,2,1768.29,0.15,1163.48,Boleto
2025-09-02,PED-2025-00704,Integra Distribuidora 076,SP,São Paulo,Gustavo Ribeiro,Webcam Full HD,Acessórios,2,280.94,0.0,135.29,Pix
2025-06-03,PED-2025-00705,Integra Logística 066,PR,Londrina,Ana Martins,Cadeira Ergonômica, móveis ,2,1363.28,0.12,796.38,Cartão de crédito
2025-12-12,PED-2025-00706,Vértice Soluções 120, rj ,Niterói,Diego Lima,Mesa Ajustável,Móveis,1,1783.82,0.0,1043.44,Transferência
2025-12-12,PED-2025-00706,Vértice Soluções 120,RJ,Niterói,Diego Lima,Notebook Pro 15,Informática,2,4781.38,0.03,3504.19,Transferência
2025-11-06,PED-2025-00707,Aurora Logística 202,SP,Santos,Diego Lima,Toner Preto,Impressão,1,321.75,0.05,144.23,Cartão de crédito
2025-11-06,PED-2025-00707,Aurora Logística 202,SP,Santos,Diego Lima,Notebook Pro 15,Informática,1,5032.11,0.1,3412.6,Cartão de crédito
2025-11-06,PED-2025-00707,Aurora Logística 202, sp ,Santos,Diego Lima,Teclado Mecânico,Acessórios,5,389.53,0.0,198.28,Cartão de crédito
2025-03-07,PED-2025-00708,Ponto Soluções 088,SP,Ribeirão Preto,Juliana Mendes,Impressora Multifuncional,Impressão,2,1668.57,0.08,997.6,Cartão de crédito
2025-09-12,PED-2025-00709,Horizonte Comercial 145,GO,Anápolis,Diego Lima,Headset Corporativo,Acessórios,3,327.57,0.0,155.15,Transferência
2025-09-12,PED-2025-00709,Horizonte Comercial 145,GO,Anápolis,Diego Lima,Toner Preto,Impressão,1,338.23,0.08,142.49,Transferência
2025-05-10,PED-2025-00710,Prime Comercial 009,RS,Porto Alegre,Fernanda Alves,Webcam Full HD,Acessórios,2,270.25,0.08,133.53,Cartão de débito
2025-06-15,PED-2025-00711,Ponto Logística 138,PE,Caruaru,Gustavo Ribeiro,Filtro de Linha Premium,Energia,1,122.14,0.0,51.29,Pix
2025-02-18,PED-2025-00712,Aurora Varejo 182,SP,Santos,Camila Rocha,Headset Corporativo,Acessórios,5,332.1,0.15,163.49,Cartão de crédito
2025-04-01,PED-2025-00713,Horizonte Serviços 205,SP,Campinas,Juliana Mendes,Gaveteiro Executivo,Móveis,2,719.83,0.0,377.76,Pix
2025-04-01,PED-2025-00713,Horizonte Serviços 205,SP,Campinas,Juliana Mendes,Headset Corporativo,Acessórios,3,344.01,0.05,154.07,Pix
2025-12-02,PED-2025-00714,Prime Tecnologia 099,BA,Vitória da Conquista,Camila Rocha,Mouse Sem Fio,Acessórios,2,155.12,0.03,70.41,Cartão de crédito
2025-12-02,PED-2025-00714,Prime Tecnologia 099,BA,Vitória da Conquista,Camila Rocha,Impressora Multifuncional,Impressão,6,1586.98,0.05,1037.53,Cartão de crédito
2025-07-22,PED-2025-00715,Nova Engenharia 087,RS,Pelotas,Diego Lima,Roteador Empresarial,Conectividade,3,750.68,0.05,374.58,Pix
2025-02-22,PED-2025-00716,Conecta Varejo 134,DF,Brasília,Gustavo Ribeiro,Switch 24 Portas,Conectividade,7,1156.07,0.05,601.43,Cartão de crédito
2025-02-20,PED-2025-00717,Integra Soluções 016,MG,Belo Horizonte,Camila Rocha,Nobreak 1500VA,Energia,5,1182.39,0.12,699.59,Cartão de crédito
2025-02-20,PED-2025-00717,Integra Soluções 016, mg ,Belo Horizonte,Camila Rocha,Switch 24 Portas,Conectividade,3,1094.8,0.12,597.76,Cartão de crédito
2025-11-24,PED-2025-00718,Conecta Distribuidora 084,PR,Curitiba,Bruno Costa,Roteador Empresarial,Conectividade,3,752.52,0.08,363.07,Cartão de crédito
2025-11-24,PED-2025-00718,Conecta Distribuidora 084,PR,Curitiba,Bruno Costa,Cadeira Ergonômica,Móveis,2,1410.37,0.0,762.96,Cartão de crédito
2025-11-24,PED-2025-00718,Conecta Distribuidora 084,PR,Curitiba,Bruno Costa,Webcam Full HD,Acessórios,1,284.73,0.0,136.99,Cartão de crédito
2025-04-21,PED-2025-00719,Alfa Comercial 121,PE,Caruaru,Lucas Barros,Roteador Empresarial,Conectividade,2,752.61,0.1,363.8,Cartão de crédito
2025-04-21,PED-2025-00719,Alfa Comercial 121,PE,Caruaru,Lucas Barros,Filtro de Linha Premium, energia ,1,119.9,0.1,49.98,Cartão de crédito
2025-04-23,PED-2025-00720,Prime Tecnologia 059,RJ,Petrópolis,Juliana Mendes,Cadeira Ergonômica,Móveis,2,1458.54,0.1,758.93,Cartão de crédito
2025-09-12,PED-2025-00721,Horizonte Comercial 065,PR,Londrina,Lucas Barros,Mouse Sem Fio,Acessórios,1,154.12,0.12,68.69,Pix
2025-01-12,PED-2025-00722,Integra Varejo 166,MG,Belo Horizonte,Fernanda Alves,Access Point Wi-Fi 6,Conectividade,1,910.3,0.05,491.36,Boleto
2025-02-05,PED-2025-00723,Integra Logística 106,PE,Caruaru,Camila Rocha,Notebook Essencial 14,Informática,4,2803.31,,2044.93,Cartão de débito
2025-12-26,PED-2025-00724,Nova Tecnologia 187,PE,Recife,Ana Martins,Toner Preto,Impressão,5,344.88,0.05,148.22,Boleto
2025-10-06,PED-2025-00725,Central Engenharia 183,SC,Florianópolis,Juliana Mendes,Impressora Multifuncional,Impressão,3,1636.09,0.0,1019.57,Cartão de crédito
2025-06-08,PED-2025-00726,Aurora Varejo 062,SP,Campinas,Gustavo Ribeiro,Filtro de Linha Premium,Energia,3,120.71,0.0,52.0,Pix
2025-06-08,PED-2025-00726,Aurora Varejo 062,SP,Campinas,Gustavo Ribeiro,Kit Toner Colorido,Impressão,8,"R$ 880,50",0.03,403.92,Pix
2025-06-08,PED-2025-00726,Aurora Varejo 062,SP,Campinas,Gustavo Ribeiro,Impressora Multifuncional,Impressão,4,1661.07,0.1,981.65,Pix
2025-01-13,PED-2025-00727,Alfa Tecnologia 171,BA,Vitória da Conquista,Lucas Barros,Webcam Full HD,Acessórios,1,285.86,0.0,134.0,Cartão de crédito
2025-01-13,PED-2025-00727,Alfa Tecnologia 171,BA,Vitória da Conquista,Lucas Barros,Monitor Ultrawide 29,Informática,5,1796.53,0.12,1198.32,Cartão de crédito
2025-07-08,PED-2025-00728,Alfa Engenharia 151,SP,Ribeirão Preto,Diego Lima,Teclado Mecânico,Acessórios,5,402.24,0.0,190.3,Cartão de débito
2025-07-08,PED-2025-00728,Alfa Engenharia 151,SP,Ribeirão Preto,Diego Lima,Mouse Sem Fio,Acessórios,3 unidades,145.92,0.03,70.18,Cartão de débito
2025-03-20,PED-2025-00729,Conecta Distribuidora 164,MG,Uberlândia,Bruno Costa,Teclado Mecânico,Acessórios,6,400.19,0.0,186.65,Boleto
2025-03-20,PED-2025-00729,Conecta Distribuidora 164,MG,Uberlândia,Bruno Costa,Mouse Sem Fio,Acessórios,1,154.92,0.05,70.57,Boleto
2025-06-26,PED-2025-00730,Conecta Distribuidora 124,SP,Campinas,Juliana Mendes,Nobreak 1500VA,Energia,1,1201.31,0.08,668.5,Boleto
2025-06-26,PED-2025-00730,Conecta Distribuidora 124,SP,Campinas,Juliana Mendes,Notebook Essencial 14,Informática,1,3017.77,0.05,2042.16,Boleto
2025-06-26,PED-2025-00730,Conecta Distribuidora 124,SP,Campinas,Juliana Mendes,Mouse Sem Fio,Acessórios,2,145.27,0.0,69.5,Boleto
2025-03-08,PED-2025-00731,Prime Tecnologia 059,RS,Porto Alegre,Gustavo Ribeiro,Mouse Sem Fio,Acessórios,1,152.66,0.08,68.47,Transferência
2025-05-10,PED-2025-00732,Integra Soluções 096,PR,Maringá,Ana Martins,Toner Preto,Impressão,1,326.06,0.08,142.87,Pix
2025-10-05,PED-2025-00733,Alfa Tecnologia 171,RS,Porto Alegre,Diego Lima,Mouse Sem Fio,Acessórios,1,154.69,0.05,68.11,Pix
2025-10-05,PED-2025-00733,Alfa Tecnologia 171,RS,Porto Alegre,Diego Lima,Filtro de Linha Premium,Energia,4,122.92,0.12,50.44,Pix
2025-08-20,PED-2025-00734,Alfa Engenharia 151,PR,Curitiba,Juliana Mendes,Roteador Empresarial,Conectividade,2,755.83,0.0,357.82,Cartão de crédito
2025-09-04,PED-2025-00735,Central Comercial 153,SP,São Paulo,Juliana Mendes,Switch 24 Portas,Conectividade,2,1131.98,0.0,612.88,Boleto
2025-12-22,PED-2025-00736,Aurora Distribuidora 172,RJ,Rio de Janeiro,Lucas Barros,Access Point Wi-Fi 6,Conectividade,1,922.48,0.03,465.68,Cartão de débito
2025-12-22,PED-2025-00736,Aurora Distribuidora 172,RJ,Rio de Janeiro,Lucas Barros,Filtro de Linha Premium,Energia,1,124.49,0.05,51.91,Cartão de débito
2025-02-08,PED-2025-00737,Prime Engenharia 079,DF,Brasília,Camila Rocha,Notebook Essencial 14,Informática,3,2879.22,0.05,1994.09,Cartão de crédito
22/03/2025,PED-2025-00738,Conecta Varejo 134,SC,Florianópolis,Ana Martins,Kit Toner Colorido,Impressão,3,920.13,0.05,410.34,Cartão de débito
2025-03-22,PED-2025-00738,Conecta Varejo 134,SC,Florianópolis,Ana Martins,Impressora Multifuncional,Impressão,2,1601.82,0.08,1030.41,Cartão de débito
2025-03-22,PED-2025-00738,Conecta Varejo 134,SC,Florianópolis,Ana Martins,Toner Preto,Impressão,5,321.23,0.05,151.02,Cartão de débito
2025-04-16,PED-2025-00739,Alfa Engenharia 031,RJ,Petrópolis,Camila Rocha,Cadeira Ergonômica,Móveis,8,1449.34,0.08,796.99,Cartão de débito
2025-04-16,PED-2025-00739,Alfa Engenharia 031,RJ,Petrópolis,Camila Rocha,Headset Corporativo,Acessórios,1,344.53,0.15,163.89,Cartão de débito
2025-08-12,PED-2025-00740,Nova Comercial 057,MG,Juiz de Fora,Bruno Costa,Headset Corporativo,Acessórios,7,333.18,0.05,164.18,Boleto
2025-08-12,PED-2025-00740,Nova Comercial 057,MG,Juiz de Fora,Bruno Costa,Roteador Empresarial,Conectividade,5,783.97,,370.78,Boleto
2025-08-12,PED-2025-00740,Nova Comercial 057,MG,Juiz de Fora,Bruno Costa,Filtro de Linha Premium,Energia,2,125.29,0.08,50.91,Boleto
2025-01-08,PED-2025-00741,Alfa Tecnologia 171,PE,Olinda,Lucas Barros,Teclado Mecânico,Acessórios,5,394.6,0.03,189.9,Boleto
2025-01-08,PED-2025-00741,Alfa Tecnologia 171,PE,Olinda,Lucas Barros,Webcam Full HD,Acessórios,3,286.63,0.0,129.13,Boleto
2025-06-09,PED-2025-00742,Ponto Soluções 088,SP,Ribeirão Preto,Lucas Barros,Gaveteiro Executivo,Móveis,1,684.12,0.1,367.92,Cartão de crédito
2025-06-09,PED-2025-00742,Ponto Soluções 088,SP,Ribeirão Preto,Lucas Barros,Mouse Sem Fio,Acessórios,3,144.46,0.12,70.57,Cartão de crédito
2025-10-19,PED-2025-00743,Horizonte Engenharia 095,SP,Santos,Juliana Mendes,Nobreak 1500VA,Energia,1,1214.17,0.0,700.82,Cartão de crédito
2025-03-27,PED-2025-00744,Conecta Varejo 214,MG,Uberlândia,Diego Lima,Webcam Full HD,Acessórios,2,274.81,0.08,128.23,Pix
2025-03-27,PED-2025-00744,Conecta Varejo 214,MG,Uberlândia,Diego Lima,Filtro de Linha Premium,Energia,4,125.21,0.03,50.41,Pix
2025-08-20,PED-2025-00745,Prime Serviços 029,MG,Juiz de Fora,Juliana Mendes,Webcam Full HD,Acessórios,3,293.0,0.03,134.86,Transferência
2025-01-27,PED-2025-00746,Central Tecnologia 123,PR,Curitiba,Juliana Mendes,Headset Corporativo,Acessórios,2,327.54,0.12,157.89,Transferência
2025-05-28,PED-2025-00747,Horizonte Tecnologia 035,RS,Porto Alegre,Bruno Costa,Notebook Essencial 14,Informática,1,2832.1,0.03,2086.45,Pix
2025-05-28,PED-2025-00747,Horizonte Tecnologia 035,RS,Porto Alegre,Bruno Costa,Webcam Full HD,Acessórios,3,278.44,0.15,129.12,Pix
2025-05-28,PED-2025-00747,Horizonte Tecnologia 035,RS,Porto Alegre,Bruno Costa,Gaveteiro Executivo,Móveis,1,721.8,0.03,356.17,Pix
2025-11-05,PED-2025-00748,Vértice Varejo 150,SP,Santos,Juliana Mendes,Mouse Sem Fio,Acessórios,2,155.6,0.08,68.59,Cartão de crédito
2025-11-05,PED-2025-00748,Vértice Varejo 150,SP,Santos,Juliana Mendes,Toner Preto, impressão ,2,317.38,0.08,143.22,Cartão de crédito
2025-12-02,PED-2025-00749,Alfa Comercial 121,BA,Feira de Santana,Ana Martins,Nobreak 1500VA,Energia,3,1188.31,0.03,672.97,Cartão de crédito
2025-12-02,PED-2025-00749,Alfa Comercial 121,BA,Feira de Santana,Ana Martins,Mouse Sem Fio,Acessórios,2,149.64,0.08,68.33,Cartão de crédito
2025-06-04,PED-2025-00750,Prime Comercial 009,RJ,Rio de Janeiro,Diego Lima,Mesa Ajustável,Móveis,1,1834.99,0.0,1014.96,Cartão de crédito
2025-06-04,PED-2025-00750,Prime Comercial 009,RJ,Rio de Janeiro,Diego Lima,Toner Preto,Impressão,2,324.21,0.0,151.58,Cartão de crédito
2025-06-04,PED-2025-00750,Prime Comercial 009,RJ,Rio de Janeiro,Diego Lima,Notebook Essencial 14,Informática,2,2998.53,0.12,2027.14,Cartão de crédito
2025-01-23,PED-2025-00751,Central Engenharia 023,RJ,Rio de Janeiro,Camila Rocha,Monitor Ultrawide 29,Informática,1,1726.18,0.0,1181.28,Cartão de crédito
2025-08-26,PED-2025-00752,Integra Distribuidora 076,SP,São Paulo,Bruno Costa,Notebook Pro 15,Informática,2,4775.74,0.0,3362.54,Cartão de crédito
2025-03-08,PED-2025-00753,Ponto Logística 178,SP,Santos,Lucas Barros,Notebook Pro 15,Informática,1,4726.01,0.08,3510.02,Cartão de débito
2025-03-08,PED-2025-00753,Ponto Logística 178,SP,Santos,Lucas Barros,Nobreak 1500VA,Energia,6,1196.81,0.05,687.89,Cartão de débito
2025-03-18,PED-2025-00754,Central Tecnologia 043,PR,Maringá,Bruno Costa,Nobreak 1500VA,Energia,3,1196.13,0.0,671.46,Pix
2025-03-18,PED-2025-00754,Central Tecnologia 043,PR,Maringá,Bruno Costa,Notebook Essencial 14,Informática,3,2946.27,0.08,2050.99,Pix
2025-02-26,PED-2025-00755,Integra Soluções 056,SP,Santos,Bruno Costa,Kit Toner Colorido,Impressão,9,857.95,0.0,397.46,Pix
2025-01-02,PED-2025-00756,Nova Engenharia 167,PR,Londrina,Juliana Mendes,Roteador Empresarial,Conectividade,5,725.21,,366.66,Pix
2025-01-02,PED-2025-00756,Nova Engenharia 167,PR,Londrina,Juliana Mendes,Teclado Mecânico,Acessórios,3,387.34,0.08,187.27,Pix
2025-10-08,PED-2025-00757,Horizonte Tecnologia 075,SP,Campinas,Bruno Costa,Toner Preto,Impressão,1,317.45,0.1,149.19,Pix
2025-10-08,PED-2025-00757,Horizonte Tecnologia 075,SP,Campinas,Bruno Costa,Roteador Empresarial,Conectividade,5,770.08,0.1,360.49,Pix
2025-02-11,PED-2025-00758,Ponto Soluções 128,SP,Ribeirão Preto,Fernanda Alves,Webcam Full HD,Acessórios,8,282.02,0.05,135.25,Cartão de crédito
2025-02-11,PED-2025-00758,Ponto Soluções 128,SP,Ribeirão Preto,Fernanda Alves,Mouse Sem Fio,Acessórios,7,150.3,0.0,67.05,Cartão de crédito
2025-11-14,PED-2025-00759,Central Serviços 013,MG,Uberlândia,Camila Rocha,Mesa Ajustável,Móveis,4,1869.44,0.08,1012.42,Cartão de crédito
2025-11-14,PED-2025-00759,Central Serviços 013,MG,Uberlândia,Camila Rocha,Teclado Mecânico,Acessórios,1,385.53,0.15,188.98,Cartão de crédito
2025-05-07,PED-2025-00760,Central Serviços 173,RJ,Rio de Janeiro,Bruno Costa,Teclado Mecânico,Acessórios,5,391.91,0.0,197.84,Pix
2025-10-07,PED-2025-00761,Central Engenharia 063,DF,Brasília,,Access Point Wi-Fi 6,Conectividade,1,898.58,0.05,492.1,Boleto
2025-12-07,PED-2025-00762,Central Comercial 193,RS,Pelotas,Lucas Barros,Filtro de Linha Premium,Energia,3,123.47,0.05,50.4,Cartão de crédito
2025-09-26,PED-2025-00763,Central Tecnologia 003,PE,Olinda,Bruno Costa,Gaveteiro Executivo,Móveis,5,684.05,0.0,371.74,Boleto
2025-09-26,PED-2025-00763,Central Tecnologia 003,PE,Olinda,Bruno Costa,Mouse Sem Fio,Acessórios,1,148.42,0.05,70.05,Boleto
2025-03-25,PED-2025-00764,Horizonte Tecnologia 075,SP,São Paulo,Ana Martins,Filtro de Linha Premium,Energia,3,119.58,0.0,49.6,Pix
2025-03-25,PED-2025-00764,Horizonte Tecnologia 075,SP,São Paulo,Ana Martins,Impressora Multifuncional,Impressão,3,1614.09,0.0,1002.76,Pix
2025-09-10,PED-2025-00765,Conecta Logística 154,SP,Campinas,Juliana Mendes,Webcam Full HD,Acessórios,5,279.24,0.0,129.4,Cartão de crédito
2025-07-08,PED-2025-00766,Horizonte Tecnologia 035,MG,Juiz de Fora, JULIANA MENDES ,Notebook Essencial 14,Informática,6,3003.97,0.03,2048.13,Transferência
09/07/2025,PED-2025-00767,Ponto Varejo 038,GO,Anápolis,Bruno Costa,Mouse Sem Fio,Acessórios,2,144.75,0.0,70.24,Cartão de crédito
2025-07-09,PED-2025-00767,Ponto Varejo 038,GO,Anápolis,Bruno Costa,Webcam Full HD,Acessórios,3,275.95,0.08,129.82,Cartão de crédito
2025-10-20,PED-2025-00768,Ponto Varejo 118,MG,Uberlândia,Camila Rocha,Toner Preto,Impressão,2,325.82,0.05,148.8,Pix
2025-05-02,PED-2025-00769,Aurora Soluções 192,RJ,Petrópolis,Fernanda Alves,Monitor Ultrawide 29,Informática,3,1745.02,0.0,1175.08,Cartão de débito
2025-05-02,PED-2025-00769,Aurora Soluções 192,RJ,Petrópolis,Fernanda Alves,Filtro de Linha Premium,Energia,1,119.12,0.05,50.14,Cartão de débito
2025-09-06,PED-2025-00770,,SP,São Paulo,,Roteador Empresarial,Conectividade,2,726.16,0.08,360.06,Cartão de crédito
2025-09-06,PED-2025-00770,Nova Comercial 017,SP,São Paulo,Ana Martins,Cadeira Ergonômica,Móveis,1,1438.83,0.0,750.9,Cartão de crédito
2025-09-06,PED-2025-00770,Nova Comercial 017,SP,São Paulo,Ana Martins,Access Point Wi-Fi 6,Conectividade,3,857.21,0.1,492.02,Cartão de crédito
2025-10-27,PED-2025-00771,Prime Engenharia 119,MG,Juiz de Fora,Diego Lima,Access Point Wi-Fi 6,Conectividade,2,858.45,0.0,464.52,Pix
2025-10-27,PED-2025-00771,Prime Engenharia 119, mg ,Juiz de Fora,Diego Lima,Teclado Mecânico,Acessórios,2,398.52,0.05,197.5,Pix
2025-05-03,PED-2025-00772,Aurora Distribuidora 172,DF,Brasília,Camila Rocha,Notebook Pro 15,Informática,2,4696.73,0.05,3418.91,Pix
2025-05-03,PED-2025-00772,Aurora Distribuidora 172,DF,Brasília,Camila Rocha,Mouse Sem Fio,Acessórios,3,155.69,0.1,68.02,Pix
2025-10-07,PED-2025-00773,Prime Serviços 069,BA,Feira de Santana,Juliana Mendes,Notebook Pro 15,Informática,4,4705.15,0.0,3522.6,Boleto
2025-09-11,PED-2025-00774,Central Tecnologia 123,BA,Vitória da Conquista,Fernanda Alves,Toner Preto,Impressão,1,344.11,0.12,144.0,Cartão de crédito
2025-01-05,PED-2025-00775,Alfa Engenharia 151,SP,Santos,Ana Martins,Toner Preto,Impressão,1,345.1,0.05,145.65,Pix
2025-10-08,PED-2025-00776,Vértice Distribuidora 220,MG,Uberlândia,Diego Lima,Teclado Mecânico,Acessórios,2,385.04,0.0,199.65,Cartão de crédito
2025-10-08,PED-2025-00776,Vértice Distribuidora 220,MG,Uberlândia,Diego Lima,Cadeira Ergonômica,Móveis,4,1367.62,0.03,800.05,Cartão de crédito
2025-08-05,PED-2025-00777,Central Tecnologia 123,SP,Campinas,Fernanda Alves,Access Point Wi-Fi 6,Conectividade,2,917.83,0.0,487.87,Boleto
2025-11-29,PED-2025-00778,Integra Distribuidora 116,PR,Maringá,Fernanda Alves,Kit Toner Colorido,Impressão,1,883.3,0.0,415.24,Pix
2025-08-22,PED-2025-00779,Conecta Soluções 144,BA,Vitória da Conquista,Ana Martins,Headset Corporativo,Acessórios,3,324.91,0.08,154.74,Boleto
2025-08-22,PED-2025-00779,Conecta Soluções 144,BA,Vitória da Conquista,Ana Martins,Toner Preto,Impressão,1,319.14,0.08,146.03,Boleto
2025-09-15,PED-2025-00780,Horizonte Serviços 045,DF,Brasília,,Mesa Ajustável,Móveis,3,1847.92,0.05,1062.19,Cartão de crédito
2025-09-15,PED-2025-00780,Horizonte Serviços 045,DF,Brasília,Camila Rocha,Webcam Full HD,Acessórios,4,289.68,0.15,131.02,Cartão de crédito
2025-09-20,PED-2025-00781,Ponto Logística 178,PE,Olinda,Juliana Mendes,Toner Preto,Impressão,3,338.45,0.03,145.53,Boleto
2025-01-25,PED-2025-00782,Conecta Varejo 214,PE,Recife,Fernanda Alves,Mouse Sem Fio,Acessórios,3,156.06,0.08,67.94,Pix
2025-10-11,PED-2025-00783,Conecta Distribuidora 084,SP,Ribeirão Preto,Camila Rocha,Access Point Wi-Fi 6,Conectividade,2,933.99,0.0,467.04,Cartão de crédito
2025-06-23,PED-2025-00784,Nova Engenharia 087,PR,Curitiba,Juliana Mendes,Mesa Ajustável,Móveis,3,1918.78,0.0,1033.34,Pix
2025-02-03,PED-2025-00785,Conecta Soluções 064,SP,Ribeirão Preto,Fernanda Alves,Cadeira Ergonômica,Móveis,4,1372.08,0.0,799.64,Cartão de débito
2025-03-29,PED-2025-00786,Ponto Distribuidora 148,RJ,Niterói,Fernanda Alves,Monitor Ultrawide 29,Informática,1,1842.99,0.08,1199.26,Cartão de crédito
2025-09-05,PED-2025-00787,Central Tecnologia 083,DF,Brasília,Gustavo Ribeiro,Impressora Multifuncional,Impressão,1,1609.82,0.03,1003.66,Pix
2025-05-28,PED-2025-00788,Horizonte Serviços 165,RJ,Petrópolis,Fernanda Alves,Mouse Sem Fio,Acessórios,5,145.87,0.15,69.63,Cartão de crédito
2025-05-28,PED-2025-00788,Horizonte Serviços 165,RJ,Petrópolis,Fernanda Alves,Impressora Multifuncional,Impressão,1,1581.89,0.1,1026.04,Cartão de crédito
2025-10-23,PED-2025-00789,Aurora Soluções 072,PE,Caruaru,Diego Lima,Toner Preto,Impressão,2,316.0,0.0,144.65,Cartão de crédito
2025-03-02,PED-2025-00790,Central Engenharia 183,MG,Juiz de Fora,Camila Rocha,Nobreak 1500VA,Energia,1,1232.54,0.0,667.45,Boleto
2025-04-22,PED-2025-00791,Prime Serviços 149,SC,Joinville,Bruno Costa,Teclado Mecânico,Acessórios,3,399.99,0.05,197.26,Cartão de crédito
2025-04-21,PED-2025-00792,Vértice Distribuidora 140,RJ,Petrópolis,Juliana Mendes,Monitor Ultrawide 29,Informática,3,1731.27,0.05,1178.12,Pix
2025-02-01,PED-2025-00793,Ponto Logística 218,SP,Santos,Ana Martins,Nobreak 1500VA,Energia,1,1247.72,0.0,680.64,Boleto
2025-02-01,PED-2025-00793,Ponto Logística 218,SP,Santos,Ana Martins,Teclado Mecânico,Acessórios,1,375.95,0.0,192.34,Boleto
2025-12-31,PED-2025-00794,Integra Logística 026,SC,Blumenau,Bruno Costa,Filtro de Linha Premium,Energia,1,124.91,0.1,52.36,Cartão de débito
2025-11-18,PED-2025-00795,Integra Soluções 016,SC,Joinville,Fernanda Alves,Teclado Mecânico,Acessórios,2,385.18,0.1,197.8,Boleto
2025-11-18,PED-2025-00795,Integra Soluções 016,SC,Joinville,Fernanda Alves,Webcam Full HD,Acessórios,5,282.99,0.08,134.24,Boleto
2025-11-18,PED-2025-00795,Integra Soluções 016,SC,Joinville,Fernanda Alves,Filtro de Linha Premium,Energia,1,118.34,0.08,51.0,Boleto
2025-12-03,PED-2025-00796,Prime Engenharia 199,SP,Campinas,Bruno Costa,Gaveteiro Executivo,Móveis,2,676.23,0.03,367.0,Transferência
2025-06-11,PED-2025-00797,Ponto Distribuidora 108,PR,Londrina,Bruno Costa,Headset Corporativo,Acessórios,4,318.03,,159.65,Pix
2025-01-04,PED-2025-00798,Ponto Varejo 078,PR,Maringá,Ana Martins,Roteador Empresarial,Conectividade,3,761.2,0.08,361.49,Cartão de crédito
2025-01-21,PED-2025-00799,Integra Distribuidora 076,RS,Pelotas,Diego Lima,Teclado Mecânico,Acessórios,3,398.96,0.1,195.3,Boleto
2025-04-26,PED-2025-00800,Central Engenharia 023,PR,Maringá,Fernanda Alves,Filtro de Linha Premium,Energia,5,122.05,0.0,49.64,Pix
2025-04-26,PED-2025-00800,Central Engenharia 023,PR,Maringá,Fernanda Alves,Cadeira Ergonômica,Móveis,1,1375.07,0.1,782.19,Pix
2025-01-27,PED-2025-00801,Conecta Logística 194,SP,Santos,Diego Lima,Notebook Essencial 14,Informática,2,2925.32,0.05,1997.15,Pix
2025-08-09,PED-2025-00802,Nova Serviços 197,MG,Juiz de Fora,Lucas Barros,Filtro de Linha Premium,Energia,4,120.87,0.05,51.19,Cartão de crédito
2025-10-29,PED-2025-00803,Ponto Soluções 048,MG,Juiz de Fora,Bruno Costa,Mouse Sem Fio,Acessórios,1,147.13,0.03,67.02,Pix
2025-05-27,PED-2025-00804,Integra Soluções 176,PR,Londrina,Fernanda Alves,Access Point Wi-Fi 6,Conectividade,5,917.23,0.0,470.91,Transferência
2025-05-27,PED-2025-00804,Integra Soluções 176,PR,Londrina,Fernanda Alves,Switch 24 Portas,Conectividade,1,1144.6,0.0,613.51,Transferência
2025-05-27,PED-2025-00804,Integra Soluções 176,PR,Londrina,Fernanda Alves,Headset Corporativo,Acessórios,2,317.86,0.0,160.12,Transferência
2025-06-18,PED-2025-00805,Integra Soluções 096,BA,Feira de Santana,Fernanda Alves,Headset Corporativo,Acessórios,8,340.34,0.0,158.64,Transferência
2025-02-16,PED-2025-00806,Vértice Soluções 120,PR,Curitiba,Juliana Mendes,Headset Corporativo,Acessórios,2,344.97,0.0,157.94,Pix
2025-05-04,PED-2025-00807,Ponto Logística 218,SP,Campinas,Camila Rocha,Switch 24 Portas,Conectividade,1,1161.01,0.12,603.19,Cartão de crédito
2025-05-04,PED-2025-00807,Ponto Logística 218, sp ,Campinas,Camila Rocha,Webcam Full HD,Acessórios,1,288.73,0.08,137.13,Cartão de crédito
2025-07-30,PED-2025-00808,Nova Comercial 217,RS,Caxias do Sul,Gustavo Ribeiro,Mouse Sem Fio,Acessórios,2,153.57,0.1,69.71,Cartão de crédito
2025-07-30,PED-2025-00808,Nova Comercial 217,RS,Caxias do Sul,Gustavo Ribeiro,Headset Corporativo,Acessórios,1,335.57,0.12,160.37,Cartão de crédito
2025-03-05,PED-2025-00809,Ponto Varejo 198,DF,Brasília,Diego Lima,Webcam Full HD,Acessórios,9,273.36,0.08,129.35,Cartão de crédito
2025-05-12,PED-2025-00810,Integra Distribuidora 116,MG,Uberlândia,Fernanda Alves,Notebook Essencial 14,Informática,2,2807.74,0.1,1988.78,Cartão de débito
2025-06-09,PED-2025-00811,Vértice Soluções 040,MG,Uberlândia,Ana Martins,Monitor Ultrawide 29,Informática,2,1801.89,0.03,1188.11,Pix
2025-10-03,PED-2025-00812,Nova Engenharia 207,SP,Santos,Ana Martins,Notebook Essencial 14,Informática,4,3004.86,0.05,1992.4,Pix
2025-04-28,PED-2025-00813,Conecta Distribuidora 044,MG,Belo Horizonte,Diego Lima,Mouse Sem Fio,Acessórios,1,156.33,0.0,70.04,Boleto
2025-03-07,PED-2025-00814,Aurora Soluções 032,RJ,Rio de Janeiro,Diego Lima,Switch 24 Portas,Conectividade,1,1110.85,0.0,634.01,Pix
2025-10-21,PED-2025-00815,Nova Comercial 057,SP,Campinas,Fernanda Alves,Webcam Full HD,Acessórios,1,270.23,0.05,128.54,Transferência
2025-10-21,PED-2025-00815,Nova Comercial 057,SP,Campinas,Fernanda Alves,Filtro de Linha Premium,Energia,5,118.09,0.05,50.62,Transferência
2025-03-28,PED-2025-00816,Horizonte Comercial 145,SP,Santos,Fernanda Alves,Headset Corporativo,Acessórios,3,335.28,0.1,154.96,Transferência
2025-08-12,PED-2025-00817,Alfa Engenharia 191,RJ,Petrópolis,Diego Lima,Gaveteiro Executivo,Móveis,5,665.71,0.0,371.99,Cartão de crédito
2025-08-12,PED-2025-00817,Alfa Engenharia 191,RJ,Petrópolis,Diego Lima,Notebook Essencial 14,Informática,1,2914.66,0.08,2030.73,Cartão de crédito
2025-07-04,PED-2025-00818,Vértice Distribuidora 020,SP,São Paulo,Bruno Costa,Headset Corporativo,Acessórios,2,320.16,0.1,161.01,Transferência
2025-07-04,PED-2025-00818,Vértice Distribuidora 020,SP,São Paulo,Bruno Costa,Filtro de Linha Premium,Energia,4,119.81,0.0,52.91,Transferência
2025-06-10,PED-2025-00819,Central Engenharia 143,SP,Ribeirão Preto,Lucas Barros,Notebook Pro 15,Informática,2,4883.59,0.15,3347.62,Pix
2025-09-15,PED-2025-00820,Prime Engenharia 199,RJ,Niterói,Camila Rocha,Nobreak 1500VA,Energia,2,1150.22,0.08,678.39,Boleto
2025-09-15,PED-2025-00820,Prime Engenharia 199,RJ,Niterói,Camila Rocha,Roteador Empresarial,Conectividade,11,745.47,0.05,367.01,Boleto
2025-11-16,PED-2025-00821,Integra Logística 026,RJ,Niterói,Bruno Costa,Webcam Full HD,Acessórios,2,284.04,0.08,134.49,Cartão de crédito
2025-11-12,PED-2025-00822,Ponto Distribuidora 068,SP,Campinas,Ana Martins,Kit Toner Colorido,Impressão,4,868.1,0.05,413.24,Boleto
2025-01-07,PED-2025-00823,Integra Distribuidora 076,SP,Santos,Fernanda Alves,Filtro de Linha Premium,Energia,1,118.34,0.08,49.77,Cartão de crédito
2025-05-23,PED-2025-00824,Conecta Logística 114,PE,Recife,Ana Martins,Nobreak 1500VA,Energia,1,1230.88,0.1,672.91,Boleto
2025-05-23,PED-2025-00824,Conecta Logística 114,PE,Recife,Ana Martins,Mesa Ajustável,Móveis,3,1801.27,0.05,1012.92,Boleto
2025-03-06,PED-2025-00825,Vértice Logística 170,RJ,Petrópolis,Lucas Barros,Filtro de Linha Premium,Energia,4,122.72,0.0,52.49,Cartão de crédito
2025-03-13,PED-2025-00826,Nova Tecnologia 027,SC,Joinville,Ana Martins,Mouse Sem Fio,Acessórios,6,150.19,0.15,67.28,Pix
2025-03-13,PED-2025-00826,Nova Tecnologia 027,SC,Joinville,Ana Martins,Kit Toner Colorido,Impressão,1,910.46,0.0,408.58,Pix
2025-12-24,PED-2025-00827,Conecta Logística 074,GO,Aparecida de Goiânia,Diego Lima,Headset Corporativo,Acessórios,5,344.33,0.08,160.16,Transferência
2025-06-10,PED-2025-00828,Central Tecnologia 003,RJ,Rio de Janeiro,Diego Lima,Toner Preto,Impressão,2,327.17,0.0,143.11,Pix
2025-03-05,PED-2025-00829,Nova Comercial 057,SP,Santos,Fernanda Alves,Roteador Empresarial,Conectividade,1,761.73,0.05,365.39,Cartão de crédito
2025-03-05,PED-2025-00829,Nova Comercial 057,SP,Santos,Fernanda Alves,Impressora Multifuncional,Impressão,2,1534.32,,1040.82,Cartão de crédito
2025-07-15,PED-2025-00830,Integra Soluções 016,MG,Belo Horizonte,Juliana Mendes,Toner Preto,Impressão,6,317.8,0.0,141.75,Boleto
2025-07-15,PED-2025-00830,Integra Soluções 016,MG,Belo Horizonte,Juliana Mendes,Kit Toner Colorido,Impressão,2,892.06,0.05,419.1,Boleto
2025-07-15,PED-2025-00830,Integra Soluções 016,MG,Belo Horizonte,Juliana Mendes,Cadeira Ergonômica,Móveis,4,1449.15,0.12,783.71,Boleto
2025-06-06,PED-2025-00831,Conecta Varejo 214, sp ,Ribeirão Preto,Ana Martins,Cadeira Ergonômica,Móveis,2,1404.63,0.05,784.51,Cartão de crédito
2025-10-07,PED-2025-00832,Aurora Distribuidora 092,MG,Uberlândia,Fernanda Alves,Notebook Pro 15,Informática,3,4696.25,0.03,3500.14,Pix
2025-10-07,PED-2025-00832,Aurora Distribuidora 092,MG,Uberlândia,Fernanda Alves,Notebook Essencial 14,Informática,4,2893.73,0.0,2061.4,Pix
2025-02-01,PED-2025-00833,Aurora Soluções 112,SP,São Paulo,Gustavo Ribeiro,Nobreak 1500VA,Energia,1,1157.19,0.1,675.8,Pix
2025-03-04,PED-2025-00834,Nova Tecnologia 147,GO,Aparecida de Goiânia,Diego Lima,Filtro de Linha Premium,Energia,1,121.88,0.0,"R$ 51,42",Cartão de crédito
2025-07-13,PED-2025-00835,Nova Engenharia 207,RS,Porto Alegre,Gustavo Ribeiro,Mouse Sem Fio,Acessórios,3,157.39,0.0,66.92,Cartão de crédito
2025-07-13,PED-2025-00835,Nova Engenharia 207,RS,Porto Alegre,Gustavo Ribeiro,Impressora Multifuncional,Impressão,2,1591.4,0.12,1011.42,Cartão de crédito
04/05/2025,PED-2025-00836,Central Tecnologia 083,SC,Florianópolis,Lucas Barros,Headset Corporativo,Acessórios,12,336.74,0.03,162.59,Cartao de débito
2025-05-04,PED-2025-00836,Central Tecnologia 083,SC,Florianópolis,Lucas Barros,Filtro de Linha Premium,Energia,3,124.37,0.05,50.95,Cartão de débito
2025-04-27,PED-2025-00837,Vértice Soluções 080,SP,Ribeirão Preto,Juliana Mendes,Monitor Ultrawide 29,Informática,1,1821.45,0.08,1149.66,Pix
2025-04-27,PED-2025-00837,Vértice Soluções 080,SP,Ribeirão Preto,Juliana Mendes,Mouse Sem Fio,Acessórios,3,150.86,0.1,68.91,Pix
2025-05-25,PED-2025-00838,Prime Comercial 209,MG,Juiz de Fora,Fernanda Alves,Webcam Full HD,Acessórios,2,274.59,0.12,132.69,Transferência
2025-05-25,PED-2025-00838,Prime Comercial 209,MG,Juiz de Fora,Fernanda Alves,Monitor Ultrawide 29,Informática,1,1753.04,0.05,1201.4,Transferência
2025-02-07,PED-2025-00839,Central Tecnologia 203,SP,Ribeirão Preto,Camila Rocha,Mouse Sem Fio,Acessórios,3,146.78,0.05,67.08,Pix
2025-12-29,PED-2025-00840,Central Tecnologia 043,PE,Caruaru,Gustavo Ribeiro,Mouse Sem Fio,Acessórios,1,154.43,0.0,69.69,Pix
2025-02-26,PED-2025-00841,Alfa Tecnologia 171,RJ,Rio de Janeiro,Lucas Barros,Mouse Sem Fio,Acessórios,1,154.06,0.03,68.43,Cartão de crédito
2025-04-28,PED-2025-00842,Aurora Distribuidora 012,RS,Porto Alegre,Diego Lima,Headset Corporativo,Acessórios,3,336.65,0.1,160.45,Boleto
2025-01-27,PED-2025-00843,Integra Varejo 206,RJ,Petrópolis,Lucas Barros,Toner Preto,Impressão,3,338.97,0.12,151.32,Cartão de crédito
2025-09-23,PED-2025-00844,Central Serviços 213,PR,Maringá,Fernanda Alves,Mouse Sem Fio,Acessórios,3,144.05,0.0,66.1,Pix
2025-09-23,PED-2025-00844,Central Serviços 213,PR,Maringá,Fernanda Alves,Teclado Mecânico,Acessórios,4,409.32,0.05,189.74,Pix
2025-11-29,PED-2025-00845,Horizonte Comercial 025,BA,Salvador,Ana Martins,Notebook Essencial 14,Informática,3,2882.04,0.1,2050.22,Cartão de crédito
2025-12-22,PED-2025-00846,Vértice Logística 050,MG,Juiz de Fora,Ana Martins,Impressora Multifuncional,Impressão,1,1646.09,0.08,1029.66,Pix
2025-12-22,PED-2025-00846,Vértice Logística 050,MG,Juiz de Fora,Ana Martins,Switch 24 Portas,Conectividade,2,1098.16,0.05,625.7,Pix
2025-06-25,PED-2025-00847,Ponto Logística 178,SP,São Paulo,Juliana Mendes,Access Point Wi-Fi 6,Conectividade,3,863.72,0.0,470.79,Pix
2025-05-09,PED-2025-00848,Ponto Soluções 048,RS,Caxias do Sul,Gustavo Ribeiro,Toner Preto,Impressão,3,341.31,0.08,142.48,Pix
2025-05-09,PED-2025-00848,Ponto Soluções 048,RS,Caxias do Sul,Gustavo Ribeiro,Mesa Ajustável,Móveis,4,1884.81,0.0,1040.65,Pix
2025-03-20,PED-2025-00849,Ponto Soluções 048,PE,Caruaru,Diego Lima,Switch 24 Portas,Conectividade,2,1121.12,0.05,601.58,Pix
2025-01-01,PED-2025-00850,Aurora Logística 162,SP,Ribeirão Preto,Diego Lima,Gaveteiro Executivo,Móveis,2,715.47,0.08,354.16,Pix
2025-01-01,PED-2025-00850,Aurora Logística 162,SP,Ribeirão Preto,Diego Lima,Notebook Essencial 14,Informática,5,2957.05,0.05,2065.09,Pix
2025-01-30,PED-2025-00851,Central Comercial 073,MG,Belo Horizonte,Diego Lima,Mesa Ajustável,Móveis,5,1886.9,0.0,1060.76,Pix
2025-02-07,PED-2025-00852,Horizonte Comercial 145,SP,Santos,Gustavo Ribeiro,Headset Corporativo,Acessórios,2,325.33,0.05,162.71,Pix
2025-02-07,PED-2025-00852,Horizonte Comercial 145,SP,Santos,Gustavo Ribeiro,Cadeira Ergonômica,Móveis,1,1403.51,0.0,776.31,Pix
2025-03-01,PED-2025-00853,Nova Engenharia 167,MG,Uberlândia,Diego Lima,Headset Corporativo,Acessórios,4,335.37,0.05,163.62,Pix
2025-11-06,PED-2025-00854,Prime Tecnologia 019,RJ,Petrópolis,Camila Rocha,Teclado Mecânico,Acessórios,6,407.29,0.03,188.87,Cartão de crédito
2025-04-21,PED-2025-00855,Ponto Varejo 078,RJ,Petrópolis,Diego Lima,Filtro de Linha Premium,Energia,7,119.44,0.05,52.97,Boleto
2025-04-21,PED-2025-00855,Ponto Varejo 078,RJ,Petrópolis,Diego Lima,Impressora Multifuncional,Impressão,2,1549.28,0.0,1022.37,Boleto
2025-12-28,PED-2025-00856,Alfa Serviços 141,RS,Caxias do Sul,Ana Martins,Cadeira Ergonômica,Móveis,3,1443.39,0.1,766.62,PIX
2025-05-01,PED-2025-00857,Horizonte Serviços 165,PR,Maringá,Juliana Mendes,Headset Corporativo,Acessórios,3,321.37,0.0,161.61,Boleto
2025-05-01,PED-2025-00857,Horizonte Serviços 165,PR,Maringá,Juliana Mendes,Kit Toner Colorido,Impressão,2,868.66,0.1,412.24,Boleto
2025-12-16,PED-2025-00858,Ponto Distribuidora 028,SP,Ribeirão Preto,Juliana Mendes,Gaveteiro Executivo,Móveis,3,707.25,0.1,373.69,Pix
2025-12-16,PED-2025-00858,Ponto Distribuidora 028,SP,Ribeirão Preto,Juliana Mendes,Cadeira Ergonômica,Móveis,4,1407.44,0.05,761.65,Pix
2025-09-14,PED-2025-00859,Central Tecnologia 163,SP,São Paulo,Gustavo Ribeiro,Webcam Full HD,Acessórios,3,281.95,0.05,133.3,Cartão de crédito
2025-09-14,PED-2025-00859,Central Tecnologia 163,SP,São Paulo,Gustavo Ribeiro,Notebook Essencial 14,Informática,2,2847.62,0.05,2085.94,Cartão de crédito
2025-09-14,PED-2025-00859,Central Tecnologia 163,SP,São Paulo,Gustavo Ribeiro,Toner Preto,Impressão,3,321.53,0.05,142.98,Cartão de crédito
2025-05-03,PED-2025-00860,Central Engenharia 023,RS,Caxias do Sul,Camila Rocha,Mouse Sem Fio,Acessórios,2,146.9,0.15,67.51,Pix
2025-08-31,PED-2025-00861,Horizonte Tecnologia 155,MG,Belo Horizonte,Ana Martins,Toner Preto,Impressão,4,323.95,0.12,143.06,Boleto
2025-03-14,PED-2025-00862,Ponto Distribuidora 068,PR,Maringá,Ana Martins,Mouse Sem Fio,Acessórios,1,144.38,0.0,66.53,Pix
2025-03-14,PED-2025-00862,Ponto Distribuidora 068,PR,Maringá,Ana Martins,Gaveteiro Executivo,Móveis,1,680.81,0.0,370.42,Pix
2025-03-08,PED-2025-00863,Nova Engenharia 127,RJ,Petrópolis,Bruno Costa,Switch 24 Portas,Conectividade,5,1153.07,0.05,614.59,Pix
2025-12-07,PED-2025-00864,Conecta Logística 154,SC,Florianópolis,Diego Lima,Mouse Sem Fio,Acessórios,7,152.85,0.0,69.08,Boleto
2025-12-07,PED-2025-00864,Conecta Logística 154,SC,Florianópolis,Diego Lima,Monitor Ultrawide 29,Informática,3,1760.03,0.05,1184.73,Boleto
2025-09-02,PED-2025-00865,Aurora Distribuidora 052,RJ,Niterói,Juliana Mendes,Filtro de Linha Premium,Energia,1,124.5,0.08,51.03,Pix
2025-04-18,PED-2025-00866,Integra Varejo 206,PR,Curitiba,Fernanda Alves,Roteador Empresarial,Conectividade,4,742.21,0.08,379.7,Pix
2025-04-18,PED-2025-00866,Integra Varejo 206,PR,Curitiba,Fernanda Alves,Filtro de Linha Premium,Energia,3,121.37,0.1,49.75,Pix
2025-02-06,PED-2025-00867,,BA,Vitória da Conquista,Juliana Mendes,Monitor Ultrawide 29,Informática,3,1766.37,0.05,1158.12,Boleto
2025-02-06,PED-2025-00867,Integra Distribuidora 076,BA,Vitória da Conquista,Juliana Mendes,Gaveteiro Executivo,Móveis,1,688.98,0.08,365.75,Boleto
2025-02-06,PED-2025-00867,Integra Distribuidora 076,BA,Vitória da Conquista,Juliana Mendes,Filtro de Linha Premium,Energia,2,118.62,0.08,49.95,Boleto
2025-05-29,PED-2025-00868,Vértice Distribuidora 060,MG,Belo Horizonte,Bruno Costa,Notebook Essencial 14,Informática,4,2896.41,0.1,1973.57,Pix
2025-09-11,PED-2025-00869,Prime Comercial 129,RS,Caxias do Sul,Fernanda Alves,Kit Toner Colorido,Impressão,3,865.16,0.08,397.05,Cartão de crédito
2025-07-04,PED-2025-00870,Alfa Comercial 001,MG,Juiz de Fora,Lucas Barros,Notebook Essencial 14,Informática,2,2944.8,0.0,1980.15,Cartão de crédito
2025-07-04,PED-2025-00870,Alfa Comercial 001,MG,Juiz de Fora,Lucas Barros,Gaveteiro Executivo,Móveis,3,720.05,0.12,378.29,Cartão de crédito
2025-03-12,PED-2025-00871,Ponto Varejo 158,SP,Santos,Ana Martins,Mouse Sem Fio,Acessórios,1,151.05,0.0,67.28,Pix
2025-08-31,PED-2025-00872,Aurora Varejo 142,SP,Santos,Fernanda Alves,Monitor Ultrawide 29,Informática,3,1801.45,0.0,1137.93,Cartão de débito
2025-08-31,PED-2025-00872,Aurora Varejo 142,SP,Santos,Fernanda Alves,Kit Toner Colorido,Impressão,3,917.74,0.0,407.06,Cartão de débito
2025-08-28,PED-2025-00873,Nova Engenharia 207,DF,Brasília,Fernanda Alves,Mouse Sem Fio,Acessórios,1,152.24,0.08,70.59,Boleto
2025-08-28,PED-2025-00873,Nova Engenharia 207,DF,Brasília,Fernanda Alves,Mesa Ajustável,Móveis,2,1931.25,0.08,1011.57,Boleto
2025-08-28,PED-2025-00873,Nova Engenharia 207,DF,Brasília,Fernanda Alves,Cadeira Ergonômica,Móveis,1,1405.39,0.05,794.32,Boleto
2025-11-01,PED-2025-00874,Ponto Distribuidora 028,SP,São Paulo,Fernanda Alves,Toner Preto,Impressão,3,342.53,0.0,141.87,Transferência
2025-12-25,PED-2025-00875,Integra Varejo 086,RJ,Petrópolis,Diego Lima,Toner Preto,Impressão,6,336.2,0.03,150.48,Cartão de débito
2025-08-09,PED-2025-00876,Vértice Logística 010,BA,Vitória da Conquista,Camila Rocha,Webcam Full HD,Acessórios,2,284.44,0.08,130.54,Pix
2025-08-09,PED-2025-00876,Vértice Logística 010,BA,Vitória da Conquista,Camila Rocha,Toner Preto,Impressão,1,326.2,0.0,149.03,Pix
2025-08-09,PED-2025-00876,Vértice Logística 010,BA,Vitória da Conquista,Camila Rocha,Switch 24 Portas,Conectividade,3,1090.08,0.12,624.37,Pix
2025-08-18,PED-2025-00877,Central Tecnologia 123,RJ,Petrópolis,Ana Martins,Teclado Mecânico,Acessórios,2,391.98,0.1,190.05,Cartão de crédito
2025-07-03,PED-2025-00878,Nova Tecnologia 027,MG,Uberlândia,Lucas Barros,Filtro de Linha Premium,Energia,7,115.76,0.0,51.6,Pix
2025-07-07,PED-2025-00879,Alfa Comercial 081,PR,Londrina,Diego Lima,Teclado Mecânico,Acessórios,2,395.63,0.1,193.15,Cartão de crédito
2025-07-07,PED-2025-00879,Alfa Comercial 081,PR,Londrina,Diego Lima,Roteador Empresarial,Conectividade,1,753.82,0.0,378.69,Cartão de crédito
2025-07-07,PED-2025-00879,Alfa Comercial 081,PR,Londrina,Diego Lima,Headset Corporativo,Acessórios,3,323.83,0.05,163.39,Cartão de crédito
2025-10-25,PED-2025-00880,Central Tecnologia 083,SP,Campinas,,Monitor Ultrawide 29,Informática,3,1797.15,0.1,1172.59,Transferência
2025-10-25,PED-2025-00880,Central Tecnologia 083,SP,Campinas,Diego Lima,Impressora Multifuncional,Impressão,9,1579.28,0.0,1007.63,Transferência
2025-02-01,PED-2025-00881,Nova Comercial 177,BA,Vitória da Conquista,Ana Martins,Cadeira Ergonômica,Móveis,1,1344.18,0.1,779.68,Pix
2025-02-01,PED-2025-00881,Nova Comercial 177,BA,Vitória da Conquista,Ana Martins,Monitor Ultrawide 29,Informática,2,1865.22,0.0,1176.17,Pix
2025-09-27,PED-2025-00882,Prime Serviços 149,MG,Belo Horizonte,Diego Lima,Switch 24 Portas,Conectividade,2,1110.95,0.1,614.95,Boleto
2025-03-27,PED-2025-00883,Central Tecnologia 203,SC,Joinville,Juliana Mendes,Gaveteiro Executivo,Móveis,4,709.45,0.05,365.62,Cartão de crédito
2025-12-14,PED-2025-00884,Conecta Varejo 134,DF,Brasília,Camila Rocha,Toner Preto,Impressão,1,321.88,0.12,146.15,Pix
2025-04-06,PED-2025-00885,Horizonte Comercial 025,PR,Londrina,Fernanda Alves,Cadeira Ergonômica,Móveis,7,1335.18,0.03,753.32,Pix
2025-02-09,PED-2025-00886,Alfa Comercial 001,SP,Santos,,Notebook Essencial 14,Informática,5,2802.46,0.1,2095.35,Transferência
2025-02-09,PED-2025-00886,Alfa Comercial 001,SP,Santos,,Filtro de Linha Premium,Energia,2,121.7,0.15,49.73,Transferência
2025-09-12,PED-2025-00887,Central Engenharia 183,SP,Campinas,Bruno Costa,Mouse Sem Fio,Acessórios,1,149.32,0.05,67.41,Boleto
2025-02-22,PED-2025-00888,Alfa Tecnologia 131,GO,Goiânia,Fernanda Alves,Roteador Empresarial,Conectividade,1,761.2,0.08,360.71,Boleto
2025-12-17,PED-2025-00889,Conecta Varejo 054,MG,Juiz de Fora,Bruno Costa,Roteador Empresarial,Conectividade,2,738.03,0.08,369.48,Cartão de débito
2025-01-07,PED-2025-00890,Prime Engenharia 079,RS,Caxias do Sul,Ana Martins,Headset Corporativo,Acessórios,6,328.29,0.05,153.9,Cartão de débito
2025-01-07,PED-2025-00890,Prime Engenharia 079,RS,Caxias do Sul,Ana Martins,Toner Preto,Impressão,1,327.14,0.0,143.33,Cartão de débito
2025-02-17,PED-2025-00891,Ponto Varejo 158,RJ,Rio de Janeiro,Bruno Costa,Headset Corporativo,Acessórios,2,319.6,0.0,153.97,Cartão de crédito
2025-02-17,PED-2025-00891,Ponto Varejo 158,RJ,Rio de Janeiro,Bruno Costa,Switch 24 Portas,Conectividade,4,1130.0,0.12,614.67,Cartão de crédito
2025-05-13,PED-2025-00892,Alfa Comercial 041,PR,Maringá,Diego Lima,Filtro de Linha Premium,Energia,2,116.45,0.08,52.32,Boleto
2025-05-13,PED-2025-00892,Alfa Comercial 041,PR,Maringá,Diego Lima,Mouse Sem Fio,Acessórios,1,145.47,0.12,66.48,Boleto
2025-05-13,PED-2025-00892,Alfa Comercial 041,PR,Maringá,Diego Lima,Impressora Multifuncional,Impressão,4,1644.57,0.08,980.2,Boleto
2025-07-17,PED-2025-00893,Integra Varejo 166,SP,Santos,Juliana Mendes,Monitor Ultrawide 29,Informática,5,1782.39,0.08,1199.02,Pix
2025-07-17,PED-2025-00893,Integra Varejo 166,SP,Santos,Juliana Mendes,Cadeira Ergonômica,Móveis,5,1389.63,0.12,748.75,Pix
2025-07-17,PED-2025-00893,Integra Varejo 166,SP,Santos,Juliana Mendes,Mouse Sem Fio,Acessórios,3,155.07,0.0,67.32,Pix
2025-05-28,PED-2025-00894,Alfa Comercial 041,PR,Maringá,Fernanda Alves,Filtro de Linha Premium,Energia,1,120.18,0.0,49.89,Boleto
2025-04-21,PED-2025-00895,Ponto Varejo 078,MG,Juiz de Fora,Camila Rocha,Filtro de Linha Premium,Energia,1,121.54,0.0,50.13,Transferência
2025-03-27,PED-2025-00896,Nova Comercial 017,SP,Santos,Gustavo Ribeiro,Mouse Sem Fio,Acessórios,7,144.04,0.05,69.9,Pix
2025-03-27,PED-2025-00896,Nova Comercial 017,SP,Santos,Gustavo Ribeiro,Headset Corporativo,Acessórios,3,"R$ 324,41",0.05,157.91,Pix
2025-03-27,PED-2025-00896,Nova Comercial 017,SP,Santos,Gustavo Ribeiro,Gaveteiro Executivo,Móveis,2,695.71,0.12,372.62,Pix
2025-10-02,PED-2025-00897,Prime Serviços 109,RJ,Petrópolis,Gustavo Ribeiro,Filtro de Linha Premium,Energia,1,120.68,0.05,51.85,Cartão de débito
2025-05-23,PED-2025-00898,Ponto Soluções 048,SC,Florianópolis,Juliana Mendes,Mesa Ajustável,Móveis,5,1884.7,0.1,1023.85,Boleto
2025-05-23,PED-2025-00898,Ponto Soluções 048,SC,Florianópolis,Juliana Mendes,Mouse Sem Fio,Acessórios,5,147.09,0.0,66.58,Boleto
2025-08-01,PED-2025-00899,Prime Tecnologia 219,RJ,Petrópolis,Ana Martins,Filtro de Linha Premium,Energia,2,115.24,0.05,50.35,Pix
2025-08-01,PED-2025-00899,Prime Tecnologia 219,RJ,Petrópolis,Ana Martins,Mouse Sem Fio,Acessórios,5,150.18,0.08,66.18,Pix
2025-08-01,PED-2025-00899,Prime Tecnologia 219,RJ,Petrópolis,Ana Martins,Nobreak 1500VA,Energia,2,1160.1,0.0,670.76,Pix
2025-02-27,PED-2025-00900,Central Comercial 113,SP,São Paulo,Juliana Mendes,Roteador Empresarial,Conectividade,3,779.23,0.0,372.93,Boleto
2025-08-20,PED-2025-00901,Nova Serviços 117,GO,Anápolis,Juliana Mendes,Teclado Mecânico,Acessórios,1,408.45,0.08,198.39,Boleto
2025-08-20,PED-2025-00901,Nova Serviços 117,GO,Anápolis,Juliana Mendes,Notebook Pro 15,Informática,1,5134.36,0.1,3442.8,Boleto
2025-12-23,PED-2025-00902,Central Tecnologia 043,SC,Florianópolis,Camila Rocha,Mouse Sem Fio,Acessórios,3,152.75,0.12,70.56,Pix
2025-01-05,PED-2025-00903,Nova Comercial 137,PE,Recife,Gustavo Ribeiro,Monitor Ultrawide 29, informática ,2,1828.19,0.0,1188.38,Transferência
2025-03-17,PED-2025-00904,Integra Logística 066,SP,São Paulo,Juliana Mendes,Notebook Pro 15,Informática,3,5127.34,0.08,3458.68,Boleto
2025-03-17,PED-2025-00904,Integra Logística 066,SP,São Paulo,Juliana Mendes,Mouse Sem Fio,Acessórios,2,144.8,0.05,67.2,Boleto
2025-04-28,PED-2025-00905,Alfa Serviços 101,MG,Uberlândia,Camila Rocha,Monitor Ultrawide 29,Informática,9,1725.05,0.0,1133.04,Cartão de crédito
2025-04-27,PED-2025-00906,,SP,Ribeirão Preto,Juliana Mendes,Roteador Empresarial,Conectividade,1,778.99,0.1,375.93,Cartão de débito
2025-04-27,PED-2025-00906,Central Serviços 013,SP,Ribeirão Preto,Juliana Mendes,Impressora Multifuncional,Impressão,6,1556.88,0.0,1009.33,Cartão de débito
2025-02-27,PED-2025-00907,Ponto Varejo 038,SP,Santos,Juliana Mendes,Headset Corporativo,Acessórios,1,335.54,0.0,158.92,Boleto
2025-02-27,PED-2025-00907,Ponto Varejo 038,SP,Santos,Juliana Mendes,Mouse Sem Fio,Acessórios,3,156.53,0.12,66.94,Boleto
2025-02-27,PED-2025-00907,Ponto Varejo 038,SP,Santos,Juliana Mendes,Webcam Full HD,Acessórios,1,290.48,0.0,132.21,Boleto
2025-01-09,PED-2025-00908,Integra Varejo 006,SP,Santos,Camila Rocha,Access Point Wi-Fi 6,Conectividade,2,916.34,0.0,465.84,Boleto
2025-08-29,PED-2025-00909,Alfa Engenharia 031,GO,Goiânia,Diego Lima,Mouse Sem Fio,Acessórios,6,153.03,0.0,68.29,Cartão de crédito
2025-05-23,PED-2025-00910,Conecta Varejo 134,SP,Campinas,Diego Lima,Mouse Sem Fio,Acessórios,2,147.94,0.12,67.85,Pix
2025-05-23,PED-2025-00910,Conecta Varejo 134,SP,Campinas,Diego Lima,Kit Toner Colorido,Impressão,1,874.35,0.1,420.93,Pix
2025-02-12,PED-2025-00911,Vértice Distribuidora 100,MG,Uberlândia,Bruno Costa,Mouse Sem Fio,Acessórios,6,149.78,0.03,69.2,Transferência
2025-05-06,PED-2025-00912,Vértice Varejo 110,BA,Salvador,Gustavo Ribeiro,Monitor Ultrawide 29,Informática,2,1782.57,0.1,1158.01,Boleto
2025-05-01,PED-2025-00913,Prime Comercial 209,SP,São Paulo,,Webcam Full HD,Acessórios,2,282.17,0.0,133.3,Transferência
2025-02-16,PED-2025-00914,Integra Soluções 176,SP,São Paulo,Lucas Barros,Cadeira Ergonômica,Móveis,5,1419.17,0.0,758.15,Cartão de crédito
2025-08-02,PED-2025-00915,Central Comercial 033,RS,Caxias do Sul,Juliana Mendes,Notebook Essencial 14,Informática,4,2892.43,0.08,2066.3,Cartão de crédito
2025-08-02,PED-2025-00915,Central Comercial 033,RS,Caxias do Sul,Juliana Mendes,Monitor Ultrawide 29,Informática,5,1744.68,0.0,1137.23,Cartão de crédito
2025-03-31,PED-2025-00916,Aurora Soluções 192,RJ,Niterói,Bruno Costa,Filtro de Linha Premium,Energia,5,123.99,0.05,51.68,Pix
2025-05-07,PED-2025-00917,Ponto Logística 058,MG,Belo Horizonte,Fernanda Alves,Access Point Wi-Fi 6,Conectividade,1,864.61,0.08,468.15,Pix
2025-05-07,PED-2025-00917,Ponto Logística 058,MG,Belo Horizonte,Fernanda Alves,Teclado Mecânico, acessórios ,4,403.03,0.03,191.2,Pix
2025-06-05,PED-2025-00918,Central Comercial 113,RS,Porto Alegre,Gustavo Ribeiro,Notebook Essencial 14,Informática,4,2933.03,0.1,2035.95,Cartão de débito
2025-03-15,PED-2025-00919,Ponto Logística 058,SP,Ribeirão Preto,Juliana Mendes,Impressora Multifuncional,Impressão,1,1537.08,0.0,1044.01,Cartão de crédito
2025-02-06,PED-2025-00920,Alfa Serviços 101,PR,Curitiba,Bruno Costa,Filtro de Linha Premium,Energia,4,116.15,0.1,52.98,Transferência
2025-09-30,PED-2025-00921,Aurora Soluções 072,SP,São Paulo,Camila Rocha,Notebook Essencial 14,Informática,3,2912.13,0.15,2079.96,Pix
2025-09-30,PED-2025-00921,Aurora Soluções 072,SP,São Paulo,Camila Rocha,Filtro de Linha Premium,Energia,1,115.84,0.1,50.81,Pix
2025-04-12,PED-2025-00922,Central Tecnologia 163,SC,Blumenau,Camila Rocha,Nobreak 1500VA,Energia,4,1245.12,0.08,680.31,Pix
2025-06-04,PED-2025-00923,Alfa Tecnologia 091,BA,Vitória da Conquista,Ana Martins,Headset Corporativo,Acessórios,2,335.69,0.05,163.94,Cartão de débito
2025-12-26,PED-2025-00924,Central Serviços 173,MG,Belo Horizonte,Lucas Barros,Toner Preto,Impressão,3,339.41,0.05,144.93,Cartão de crédito
2025-08-29,PED-2025-00925,Integra Distribuidora 076,BA,Feira de Santana,Fernanda Alves,Webcam Full HD,Acessórios,1,285.2,0.0,136.99,Cartão de crédito
2025-08-15,PED-2025-00926,Integra Logística 066,RJ,Niterói,Lucas Barros,Toner Preto,Impressão,2,345.26,0.0,148.86,Cartão de crédito
2025-08-15,PED-2025-00926,Integra Logística 066,RJ,Niterói,Lucas Barros,Nobreak 1500VA,Energia,1,1226.56,0.15,656.97,Cartão de crédito
2025-12-02,PED-2025-00927,Ponto Varejo 158,PR,Maringá,Fernanda Alves,Mouse Sem Fio,Acessórios,5,145.25,0.1,66.98,Transferência
2025-04-22,PED-2025-00928,Ponto Logística 058,SP,São Paulo,Camila Rocha,Kit Toner Colorido,Impressão,2,862.04,0.1,410.52,Pix
2025-11-09,PED-2025-00929,Aurora Varejo 022,RS,Pelotas,Lucas Barros,Mouse Sem Fio,Acessórios,3,146.41,0.15,68.26,Cartão de débito
2025-06-17,PED-2025-00930,Nova Tecnologia 027,PR,Londrina,Lucas Barros,Webcam Full HD,Acessórios,1,284.45,0.08,136.13,Cartão de crédito
2025-06-17,PED-2025-00930,Nova Tecnologia 027,PR,Londrina,Lucas Barros,Roteador Empresarial,Conectividade,1,732.24,0.05,382.6,Cartão de crédito
2025-06-17,PED-2025-00930,Nova Tecnologia 027,PR,Londrina,Lucas Barros,Teclado Mecânico,Acessórios,1,393.16,0.0,"R$ 188,62",Cartão de crédito
2025-08-11,PED-2025-00931,Nova Engenharia 007,SP,São Paulo,Camila Rocha,Cadeira Ergonômica,Móveis,1,1373.87,0.0,784.0,Boleto
2025-09-21,PED-2025-00932,Prime Comercial 049,SP,Santos,Lucas Barros,Headset Corporativo,Acessórios,1,342.55,0.03,154.31,Boleto
2025-03-11,PED-2025-00933,Ponto Distribuidora 028,MG,Juiz de Fora,Ana Martins,Filtro de Linha Premium,Energia,2,121.58,0.15,50.85,Pix
2025-10-10,PED-2025-00934,Conecta Logística 034,PR,Curitiba,Ana Martins,Notebook Essencial 14,Informática,1,2968.87,0.1,2099.72,Pix
2025-10-10,PED-2025-00934,Conecta Logística 034,PR,Curitiba,Ana Martins,Mesa Ajustável,Móveis,1,1779.07,0.12,1053.63,Pix
2025-08-23,PED-2025-00935,Integra Soluções 096,RJ,Niterói,Gustavo Ribeiro,Cadeira Ergonômica,Móveis,1,1402.41,0.08,780.85,Cartão de débito
2025-08-23,PED-2025-00935,Integra Soluções 096,RJ,Niterói,Gustavo Ribeiro,Headset Corporativo,Acessórios,10,342.69,0.1,158.15,Cartão de débito
2025-10-04,PED-2025-00936,Nova Engenharia 127,SP,Santos,Lucas Barros,Notebook Essencial 14,Informática,3,2824.51,0.05,2023.9,Cartão de crédito
2025-10-04,PED-2025-00936,Nova Engenharia 127,SP,Santos,Lucas Barros,Teclado Mecânico,Acessórios,3,385.27,0.08,194.6,Cartão de crédito
2025-10-04,PED-2025-00936,Nova Engenharia 127,SP,Santos,Lucas Barros,Nobreak 1500VA,Energia,3,1178.43,0.03,699.69,Cartão de crédito
2025-08-15,PED-2025-00937,Conecta Varejo 134,RJ,Rio de Janeiro,Juliana Mendes,Webcam Full HD,Acessórios,5,283.67,0.05,137.15,Cartão de débito
2025-07-10,PED-2025-00938,Central Tecnologia 003,RS,Caxias do Sul,Camila Rocha,Mouse Sem Fio,Acessórios,2,155.53,0.0,68.99,Cartão de crédito
2025-07-10,PED-2025-00938,Central Tecnologia 003,RS,Caxias do Sul,Camila Rocha,Monitor Ultrawide 29,Informática,1,1726.19,0.05,1139.22,Cartão de crédito
2025-11-03,PED-2025-00939,Vértice Varejo 070,PR,Curitiba,Gustavo Ribeiro,Impressora Multifuncional,Impressão,4,1613.56,0.15,986.12,Pix
2025-11-03,PED-2025-00939,Vértice Varejo 070,PR,Curitiba,Gustavo Ribeiro,Notebook Pro 15,Informática,1,4989.04,0.05,3548.86,Pix
2025-10-09,PED-2025-00940,Horizonte Comercial 185,MG,Uberlândia,Juliana Mendes,Filtro de Linha Premium,Energia,3,118.8,0.08,50.94,Cartão de débito
2025-10-09,PED-2025-00940,Horizonte Comercial 185,MG,Uberlândia,Juliana Mendes,Teclado Mecânico,Acessórios,2,375.79,0.05,197.53,Cartão de débito
2025-10-09,PED-2025-00940,Horizonte Comercial 185,MG,Uberlândia,Juliana Mendes,Access Point Wi-Fi 6,Conectividade,4,919.06,0.03,480.59,Cartão de débito
2025-04-06,PED-2025-00941,Horizonte Comercial 025,MG,Juiz de Fora,Lucas Barros,Roteador Empresarial,Conectividade,2,778.15,0.0,369.63,Cartão de crédito
2025-04-06,PED-2025-00941,Horizonte Comercial 025,MG,Juiz de Fora,Lucas Barros,Monitor Ultrawide 29,Informática,1,1776.67,0.0,1171.49,Cartão de crédito
2025-08-07,PED-2025-00942,Vértice Varejo 070,GO,Aparecida de Goiânia,Camila Rocha,Access Point Wi-Fi 6,Conectividade,4,866.99,0.0,484.12,Cartão de débito
2025-07-05,PED-2025-00943,Vértice Varejo 030,BA,Vitória da Conquista,Juliana Mendes,Filtro de Linha Premium,Energia,2,118.09,0.0,50.44,Boleto
2025-11-29,PED-2025-00944,Aurora Soluções 072,RS,Porto Alegre,Bruno Costa,Headset Corporativo,Acessórios,3,346.13,0.12,160.96,Pix
2025-09-11,PED-2025-00945,Central Tecnologia 203,SP,Santos,Fernanda Alves,Mouse Sem Fio,Acessórios,2,148.55,0.05,68.62,Transferência
2025-11-22,PED-2025-00946,Aurora Soluções 152,RJ,Rio de Janeiro,Fernanda Alves,Filtro de Linha Premium,Energia,2,120.03,0.03,51.88,Cartão de crédito
2025-08-25,PED-2025-00947,Central Comercial 193,SP,São Paulo,Camila Rocha,Notebook Essencial 14,Informática,1,2970.9,0.05,2020.17,Transferência
2025-08-25,PED-2025-00947,Central Comercial 193,SP,São Paulo,Camila Rocha,Gaveteiro Executivo,Móveis,8,694.32,0.05,362.34,Transferência
2025-02-07,PED-2025-00948,Vértice Logística 130,SC,Florianópolis,Fernanda Alves,Cadeira Ergonômica,Móveis,2,1375.31,0.08,795.03,Cartão de crédito
2025-02-07,PED-2025-00948,Vértice Logística 130,SC,Florianópolis,Fernanda Alves,Roteador Empresarial,Conectividade,2,766.65,0.0,358.46,Cartão de crédito
2025-11-06,PED-2025-00949,Ponto Logística 178,BA,Vitória da Conquista,Gustavo Ribeiro,Filtro de Linha Premium,Energia,4,124.1,0.15,51.72,Transferência
2025-01-09,PED-2025-00950,Integra Varejo 086,SP,São Paulo,Camila Rocha,Mouse Sem Fio,Acessórios,2,149.6,0.08,67.04,Pix
2025-01-09,PED-2025-00950,Integra Varejo 086,SP,São Paulo,Camila Rocha,Nobreak 1500VA,Energia,1,1174.02,0.0,675.12,Pix
2025-01-09,PED-2025-00950,Integra Varejo 086,SP,São Paulo,Camila Rocha,Cadeira Ergonômica,Móveis,2,1367.06,0.12,799.28,Pix
2025-10-02,PED-2025-00951,Aurora Distribuidora 132,PE,Caruaru,Bruno Costa,Filtro de Linha Premium,Energia,2,115.11,0.05,50.77,Cartão de débito
2025-10-02,PED-2025-00951,Aurora Distribuidora 132,PE,Caruaru,Bruno Costa,Headset Corporativo,Acessórios,3,324.86,0.05,156.0,Cartão de débito
2025-04-08,PED-2025-00952,Ponto Soluções 128,MG,Belo Horizonte,Lucas Barros,Notebook Pro 15,Informática,9,5125.21,0.15,3469.14,Cartão de crédito
2025-09-17,PED-2025-00953,Prime Tecnologia 099,PE,Recife,Fernanda Alves,Webcam Full HD,Acessórios,3,289.38,0.08,130.35,Transferência
2025-09-17,PED-2025-00953,Prime Tecnologia 099,PE,Recife,Fernanda Alves,Headset Corporativo,Acessórios,3,333.26,0.03,159.03,Transferência
2025-10-15,PED-2025-00954,Alfa Comercial 161,RS,Caxias do Sul,Ana Martins,Mouse Sem Fio,Acessórios,1,156.21,0.03,69.98,Boleto
2025-10-15,PED-2025-00954,Alfa Comercial 161,RS,Caxias do Sul,Ana Martins,Cadeira Ergonômica,Móveis,1,1438.0,0.1,793.41,Boleto
2025-10-02,PED-2025-00955,Alfa Serviços 061,BA,Feira de Santana,Ana Martins,Notebook Essencial 14,Informática,4,3021.72,0.1,2015.5,Transferência
2025-12-29,PED-2025-00956,Conecta Logística 114,SP,Ribeirão Preto,Camila Rocha,Monitor Ultrawide 29,Informática,5,1779.89,0.05,1173.79,Pix
2025-05-18,PED-2025-00957,Aurora Varejo 102,DF,Brasília,Juliana Mendes,Kit Toner Colorido,Impressão,7,880.35,0.05,400.53,Cartão de crédito
2025-05-18,PED-2025-00957,Aurora Varejo 102,DF,Brasília,Juliana Mendes,Toner Preto,Impressão,8,333.0,0.05,142.72,Cartão de crédito
2025-09-10,PED-2025-00958,Ponto Distribuidora 188,RJ,Niterói,Gustavo Ribeiro,Notebook Essencial 14,Informática,5,2903.05,0.05,2091.39,BOLETO
2025-12-29,PED-2025-00959,Nova Comercial 137,SP,Santos,Diego Lima,Filtro de Linha Premium,Energia,2,117.71,0.12,53.01,Cartão de débito
2025-07-04,PED-2025-00960,Alfa Serviços 061,RJ,Petrópolis,Juliana Mendes,Toner Preto,Impressão,5,330.52,0.0,145.74,Pix
2025-02-03,PED-2025-00961,Prime Engenharia 119,BA,Salvador,Ana Martins,Cadeira Ergonômica,Móveis,2,1402.8,0.08,797.58,Cartão de crédito
2025-10-30,PED-2025-00962,Horizonte Tecnologia 075,PR,Curitiba,Lucas Barros,Filtro de Linha Premium,Energia,5,120.3,0.08,52.95,Pix
2025-10-30,PED-2025-00962,Horizonte Tecnologia 075,PR,Curitiba,Lucas Barros,Access Point Wi-Fi 6,Conectividade,2,894.95,0.0,485.19,Pix
2025-01-15,PED-2025-00963,Prime Serviços 189,PR,Maringá,Juliana Mendes,Toner Preto,Impressão,5,317.35,0.05,149.59,Boleto
2025-01-15,PED-2025-00963,Prime Serviços 189,PR,Maringá,Juliana Mendes,Switch 24 Portas,Conectividade,1,1149.73,0.12,612.98,Boleto
2025-01-15,PED-2025-00963,Prime Serviços 189,PR,Maringá,Juliana Mendes,Teclado Mecânico,Acessórios,1,393.69,0.1,193.55,Boleto
2025-10-10,PED-2025-00964,Integra Distribuidora 036,BA,Vitória da Conquista,Camila Rocha,Mouse Sem Fio,Acessórios,2,150.12,0.0,68.28,Cartão de crédito
2025-10-10,PED-2025-00964,Integra Distribuidora 036,BA,Vitória da Conquista,Camila Rocha,Cadeira Ergonômica,Móveis,1,1374.29,0.12,755.29,Cartão de crédito
2025-04-02,PED-2025-00965,Prime Tecnologia 179,MG,Belo Horizonte,Gustavo Ribeiro,Switch 24 Portas,Conectividade,3,1165.96,0.1,599.82,Cartão de débito
2025-03-27,PED-2025-00966,Nova Engenharia 047,GO,Goiânia,Fernanda Alves,Nobreak 1500VA,Energia,3,1147.65,0.0,692.27,Cartão de crédito
2025-03-27,PED-2025-00966,Nova Engenharia 047,GO,Goiânia,Fernanda Alves,Kit Toner Colorido,Impressão,2,865.04,0.03,401.95,Cartão de crédito
2025-03-27,PED-2025-00966,Nova Engenharia 047,GO,Goiânia,Fernanda Alves,Notebook Essencial 14,Informática,3,2965.55,0.0,2019.85,Cartão de crédito
2025-07-15,PED-2025-00967,Aurora Distribuidora 052,BA,Salvador,Lucas Barros,Notebook Pro 15,Informática,4,4783.17,0.0,3424.11,Boleto
2025-07-15,PED-2025-00967,Aurora Distribuidora 052,BA,Salvador,Lucas Barros,Teclado Mecânico,Acessórios,5,396.59,0.0,187.0,Boleto
2025-07-15,PED-2025-00967,Aurora Distribuidora 052,BA,Salvador,Lucas Barros,Roteador Empresarial,Conectividade,3,735.01,0.03,372.67,Boleto
2025-09-05,PED-2025-00968,Central Engenharia 063,RJ,Niterói,Ana Martins,Mouse Sem Fio,Acessórios,3,156.72,0.0,68.14,Boleto
2025-09-05,PED-2025-00968,Central Engenharia 063,RJ,Niterói,Ana Martins,Toner Preto,Impressão,1,331.85,0.08,143.69,Boleto
2025-09-22,PED-2025-00969,Central Tecnologia 203,SC,Florianópolis,Fernanda Alves,Impressora Multifuncional,Impressão,3,1652.68,0.15,1008.23,Cartão de débito
2025-09-22,PED-2025-00969,Central Tecnologia 203,SC,Florianópolis,,Mesa Ajustável,Móveis,4,1804.99,0.08,1039.96,Cartão de débito
2025-12-14,PED-2025-00970,Conecta Logística 154,SP,Campinas,Gustavo Ribeiro,Monitor Ultrawide 29,Informática,4,1773.07,0.03,1196.93,Cartão de crédito
2025-06-29,PED-2025-00971,Alfa Serviços 061,PR,Londrina,Juliana Mendes,Monitor Ultrawide 29,Informática,9,1872.62,0.08,1176.04,Boleto
2025-06-29,PED-2025-00971,Alfa Serviços 061,PR,Londrina,Juliana Mendes,Headset Corporativo,Acessórios,2,330.7,0.0,164.18,Boleto
2025-10-21,PED-2025-00972,Prime Serviços 149,RJ,Niterói,Ana Martins,Cadeira Ergonômica,Móveis,1,1424.47,0.08,775.46,Pix
2025-10-21,PED-2025-00972,Prime Serviços 149,RJ,Niterói,Ana Martins,Filtro de Linha Premium,Energia,2,"R$ 124,42",0.03,51.11,Pix
2025-09-25,PED-2025-00973,Aurora Soluções 072,RJ,Niterói,Bruno Costa,Mouse Sem Fio,Acessórios,10,144.36,0.0,66.55,Transferência
2025-05-31,PED-2025-00974,Vértice Distribuidora 220,BA,Feira de Santana,Camila Rocha,Teclado Mecânico,Acessórios,3,387.93,0.0,198.15,Boleto
2025-05-31,PED-2025-00974,Vértice Distribuidora 220,BA,Feira de Santana,Camila Rocha,Webcam Full HD,Acessórios,5,268.85,0.1,133.34,Boleto
2025-11-18,PED-2025-00975,Conecta Varejo 134,GO,Goiânia,Juliana Mendes,Monitor Ultrawide 29,Informática,5,1760.15,0.1,1196.27,Pix
2025-11-18,PED-2025-00975,Conecta Varejo 134,GO,Goiânia,Juliana Mendes,Webcam Full HD,Acessórios,3,291.52,8%,"R$ 131,20",Pix
2025-11-18,PED-2025-00975,Conecta Varejo 134,GO,Goiânia,Juliana Mendes,Mouse Sem Fio,Acessórios,1,146.18,0.05,67.31,Pix
2025-03-02,PED-2025-00976,Ponto Logística 018,PE,Olinda,Diego Lima,Toner Preto,Impressão,1,334.83,0.05,145.78,Cartão de crédito
2025-12-23,PED-2025-00977,Integra Logística 146,SP,Campinas,Gustavo Ribeiro,Filtro de Linha Premium,Energia,1,122.2,0.0,50.16,Boleto
2025-05-30,PED-2025-00978,Prime Serviços 149,SP,Santos,Camila Rocha,Filtro de Linha Premium,Energia,4,119.19,0.08,50.71,Transferência
2025-05-30,PED-2025-00978,Prime Serviços 149,SP,Santos,Camila Rocha,Nobreak 1500VA,Energia,2,1224.98,0.0,683.07,Transferência
2025-10-17,PED-2025-00979,Central Engenharia 143,RS,Pelotas,Diego Lima,Gaveteiro Executivo,Móveis,1,669.15,0.0,364.23,Pix
2025-10-17,PED-2025-00979,Central Engenharia 143,RS,Pelotas,Diego Lima,Webcam Full HD,Acessórios,5,286.08,0.1,136.15,Pix
2025-10-17,PED-2025-00979,Central Engenharia 143,RS,Pelotas,Diego Lima,Filtro de Linha Premium,Energia,2,116.69,0.08,50.8,Pix
2025-12-05,PED-2025-00980,Prime Engenharia 199,SP,Santos,Gustavo Ribeiro,Impressora Multifuncional,Impressão,1,1624.45,0.08,1031.35,Pix
2025-10-17,PED-2025-00981,Integra Soluções 096,GO,Aparecida de Goiânia,Ana Martins,Mouse Sem Fio,Acessórios,2,148.84,0.08,68.86,Cartão de crédito
2025-10-17,PED-2025-00981,Integra Soluções 096,GO,Aparecida de Goiânia,Ana Martins,Teclado Mecânico,Acessórios,1,401.23,0.08,188.0,Cartão de crédito
2025-08-24,PED-2025-00982,Alfa Engenharia 191,RJ,Rio de Janeiro,Lucas Barros,Monitor Ultrawide 29,Informática,3,1846.82,0.05,1193.33,Boleto
2025-11-05,PED-2025-00983,Central Serviços 173,MG,Belo Horizonte,Juliana Mendes,Teclado Mecânico,Acessórios,1,402.93,0.03,187.49,Cartão de crédito
2025-11-05,PED-2025-00983,Central Serviços 173,MG,Belo Horizonte,Juliana Mendes,Cadeira Ergonômica, móveis ,3,1444.95,0.12,761.91,Cartão de crédito
2025-06-07,PED-2025-00984,Aurora Varejo 142,DF,Brasília,Bruno Costa,Notebook Essencial 14,Informática,2,2949.04,0.1,1968.89,Boleto
2025-06-07,PED-2025-00984,Aurora Varejo 142,DF,Brasília,Bruno Costa,Filtro de Linha Premium,Energia,3,125.42,0.15,51.78,Boleto
2025-06-07,PED-2025-00984,Aurora Varejo 142,DF,Brasília,Bruno Costa,Cadeira Ergonômica,Móveis,2,1410.4,0.08,749.19,Boleto
2025-03-30,PED-2025-00985,Nova Comercial 137,SP,Campinas,Lucas Barros,Switch 24 Portas,Conectividade,1,1170.5,0.12,601.01,Boleto
2025-04-25,PED-2025-00986,Nova Engenharia 047,SP,São Paulo,Camila Rocha,Filtro de Linha Premium,Energia,7,125.73,0.15,52.25,Cartão de crédito
2025-02-05,PED-2025-00987,Horizonte Engenharia 215,BA,Salvador,Lucas Barros,Mesa Ajustável,Móveis,2,1790.48,0.0,1030.2,Transferência
2025-08-08,PED-2025-00988,Conecta Varejo 094,SP,São Paulo,Juliana Mendes,Notebook Pro 15,Informática,2,4921.84,0.12,3556.36,Cartão de crédito
2025-08-08,PED-2025-00988,Conecta Varejo 094,SP,São Paulo,Juliana Mendes,Access Point Wi-Fi 6,Conectividade,3,896.67,0.08,468.49,Cartão de crédito
2025-10-24,PED-2025-00989,Nova Comercial 217,SP,Ribeirão Preto,Ana Martins,Mouse Sem Fio,Acessórios,1,152.65,0.0,66.45,Boleto
2025-12-24,PED-2025-00990,Aurora Distribuidora 172,SP,Ribeirão Preto,Camila Rocha,Roteador Empresarial,Conectividade,1,762.48,0.05,380.83,Boleto
2025-12-24,PED-2025-00990,Aurora Distribuidora 172,SP,Ribeirão Preto,Camila Rocha,Teclado Mecânico,Acessórios,7,406.43,0.0,195.04,Boleto
2025-04-29,PED-2025-00991,Alfa Serviços 061,SP,Ribeirão Preto,Fernanda Alves,Nobreak 1500VA,Energia,1,1233.33,0.0,679.86,Cartão de crédito
2025-04-29,PED-2025-00991,Alfa Serviços 061,SP,Ribeirão Preto,Fernanda Alves,Gaveteiro Executivo,Móveis,2,683.66,0.0,374.94,Cartão de crédito
2025-07-10,PED-2025-00992,Vértice Soluções 080, sp ,Campinas,Fernanda Alves,Impressora Multifuncional,Impressão,2,1633.51,0.15,992.88,Boleto
2025-09-17,PED-2025-00993,Aurora Logística 122,RS,Pelotas,Bruno Costa,Notebook Essencial 14,Informática,1,2816.68,0.08,2063.72,Boleto
2025-09-18,PED-2025-00994,Vértice Varejo 070,MG,Belo Horizonte,Diego Lima,Toner Preto,Impressão,3,324.3,0.1,150.75,Cartão de crédito
2025-09-18,PED-2025-00994,Vértice Varejo 070,MG,Belo Horizonte,Diego Lima,Kit Toner Colorido,Impressão,3,852.47,0.05,410.19,Cartão de crédito
2025-11-18,PED-2025-00995,Horizonte Comercial 025,SP,São Paulo,Juliana Mendes,Mouse Sem Fio,Acessórios,2,154.57,0.05,66.03,Boleto
2025-12-29,PED-2025-00996,Central Serviços 013,MG,Belo Horizonte,Lucas Barros,Webcam Full HD,Acessórios,4,280.31,0.15,128.86,Pix
2025-10-29,PED-2025-00997,Prime Engenharia 159,PR,Londrina,Lucas Barros,Roteador Empresarial,Conectividade,4,781.09,0.0,372.0,Cartão de crédito
2025-10-29,PED-2025-00997,Prime Engenharia 159,PR,Londrina,Lucas Barros,Filtro de Linha Premium,Energia,3,124.99,0.0,52.06,Cartão de crédito
2025-02-16,PED-2025-00998,Aurora Distribuidora 172,SP,Ribeirão Preto,Camila Rocha,Webcam Full HD,Acessórios,4,283.53,0.0,129.88,Pix
2025-02-16,PED-2025-00998,Aurora Distribuidora 172,SP,Ribeirão Preto,Camila Rocha,Mesa Ajustável,Móveis,2,1833.36,0.05,1059.02,Pix
2025-09-13,PED-2025-00999,Central Serviços 133,SP,Ribeirão Preto,Camila Rocha,Notebook Essencial 14,Informática,1,2861.19,0.12,1991.28,Pix
2025-09-13,PED-2025-00999,Central Serviços 133,SP,Ribeirão Preto,Camila Rocha,Mesa Ajustável,Móveis,1,1803.25,0.1,1047.54,Pix
2025-12-01,PED-2025-01000,Prime Comercial 209,SP,Ribeirão Preto,Ana Martins,Monitor Ultrawide 29,Informática,1,1762.56,0.1,1166.21,Cartão de crédito
2025-06-29,PED-2025-01001,Conecta Varejo 174,RJ,Niterói,Diego Lima,Mesa Ajustável,Móveis,4,1853.41,0.15,1073.97,Cartão de crédito
2025-06-29,PED-2025-01001,Conecta Varejo 174,RJ,Niterói,Diego Lima,Filtro de Linha Premium,Energia,1,119.04,0.12,52.78,Cartão de crédito
2025-08-14,PED-2025-01002,Alfa Serviços 061,BA,Salvador,Lucas Barros,Headset Corporativo,Acessórios,2,322.78,0.1,154.1,Pix
2025-11-20,PED-2025-01003,Central Tecnologia 043,MG,Juiz de Fora,Juliana Mendes,Webcam Full HD,Acessórios,5,288.01,0.0,136.52,Pix
2025-11-20,PED-2025-01003,Central Tecnologia 043,MG,Juiz de Fora,Juliana Mendes,Teclado Mecânico,Acessórios,2,396.14,0.05,197.19,Pix
2025-04-27,PED-2025-01004,Aurora Distribuidora 092,SP,São Paulo,Diego Lima,Gaveteiro Executivo,Móveis,2,717.55,0.1,364.64,Transferência
2025-11-12,PED-2025-01005,Nova Tecnologia 107,PR,Maringá,Diego Lima,Notebook Essencial 14,Informática,1,2932.17,0.1,2032.54,Cartão de débito
2025-11-12,PED-2025-01005,Nova Tecnologia 107,PR,Maringá,Diego Lima,Toner Preto,Impressão,3,316.04,0.12,144.35,Cartao de débito
2025-02-13,PED-2025-01006,Central Tecnologia 003,PE,Olinda,Bruno Costa,Filtro de Linha Premium,Energia,1 unidades,121.4,0.05,52.72,Boleto
2025-02-13,PED-2025-01006,Central Tecnologia 003,PE,Olinda,Bruno Costa,Mesa Ajustável,Móveis,7,1917.23,0.0,1040.89,Boleto
2025-02-05,PED-2025-01007,Conecta Varejo 094,PE,Caruaru,Juliana Mendes,Filtro de Linha Premium,Energia,2,118.64,0.05,49.65,Cartão de débito
2025-07-26,PED-2025-01008,Aurora Distribuidora 092,SP,Campinas,Lucas Barros,Mouse Sem Fio,Acessórios,6,147.23,0.0,68.8,Cartão de crédito
2025-05-03,PED-2025-01009,Alfa Engenharia 151,RS,Pelotas, JULIANA MENDES ,Impressora Multifuncional,Impressão,1,1560.43,0.08,1001.51,Cartão de débito
2025-05-03,PED-2025-01009,Alfa Engenharia 151,RS,Pelotas,Juliana Mendes,Mouse Sem Fio,Acessórios,3,145.62,0.05,65.97,Cartão de débito
2025-04-11,PED-2025-01010,Integra Logística 066,MG,Belo Horizonte,Gustavo Ribeiro,Gaveteiro Executivo,Móveis,1,692.8,0.0,373.62,Transferência
2025-04-11,PED-2025-01010,Integra Logística 066,MG,Belo Horizonte,Gustavo Ribeiro,Webcam Full HD,Acessórios,2,270.84,0.0,135.26,Transferência
2025-07-21,PED-2025-01011,Conecta Distribuidora 124,SC,Florianópolis,Camila Rocha,Filtro de Linha Premium,Energia,5,124.23,0.05,52.59,Cartão de débito
2025-10-27,PED-2025-01012,Horizonte Comercial 025,SP,São Paulo,Lucas Barros,Webcam Full HD,Acessórios,1,284.91,0.08,128.99,Cartao de crédito
2025-10-27,PED-2025-01012,Horizonte Comercial 025,SP,São Paulo,Lucas Barros,Notebook Essencial 14,Informática,2,2841.73,0.05,2046.18,Cartão de crédito
2025-01-15,PED-2025-01013,Nova Engenharia 007,RJ,Niterói,Lucas Barros,Switch 24 Portas,Conectividade,1,1152.87,0.05,601.88,Cartão de crédito
2025-03-23,PED-2025-01014,Ponto Distribuidora 148,SP,São Paulo,Diego Lima,Webcam Full HD,Acessórios,4,289.62,0.0,136.38,Cartão de débito
2025-06-21,PED-2025-01015,Horizonte Tecnologia 115,SP,São Paulo,Juliana Mendes,Gaveteiro Executivo,Móveis,5,673.47,0.1,365.33,Cartão de crédito
2025-01-22,PED-2025-01016,Ponto Distribuidora 108,SP,Campinas,Camila Rocha,Toner Preto,Impressão,1,326.76,0.0,144.9,Boleto
2025-01-22,PED-2025-01016,Ponto Distribuidora 108,SP,Campinas,Camila Rocha,Webcam Full HD,Acessórios,2,274.62,0.0,128.55,Boleto
2025-10-24,PED-2025-01017,Conecta Logística 074,DF,Brasília,Fernanda Alves,Headset Corporativo,Acessórios,5,337.84,0.05,162.57,Cartão de crédito
2025-10-24,PED-2025-01017,Conecta Logística 074,DF,Brasília,Fernanda Alves,Switch 24 Portas,Conectividade,1,1111.69,0.05,629.83,Cartão de crédito
2025-06-12,PED-2025-01018,Vértice Distribuidora 100,SP,Santos,Gustavo Ribeiro,Access Point Wi-Fi 6,Conectividade,10,892.38,0.1,494.12,Transferência
2025-06-12,PED-2025-01018,Vértice Distribuidora 100,SP,Santos,Gustavo Ribeiro,Switch 24 Portas,Conectividade,3,1110.16,0.1,629.06,Transferência
2025-02-26,PED-2025-01019,Conecta Distribuidora 204,SP,Santos,Camila Rocha,Notebook Essencial 14,Informática,3,2902.75,0.0,2003.61,Cartão de débito
2025-04-11,PED-2025-01020,Central Comercial 073,MG,Juiz de Fora,Diego Lima,Switch 24 Portas,Conectividade,2,1165.28,0.05,628.61,Pix
2025-06-11,PED-2025-01021,Integra Varejo 206,RJ,Rio de Janeiro,Juliana Mendes,Toner Preto,Impressão,9,329.65,0.08,147.63,Transferência
2025-06-11,PED-2025-01021,Integra Varejo 206,RJ,Rio de Janeiro,Juliana Mendes,Switch 24 Portas,Conectividade,3,1093.14,0.0,627.83,Transferência
2025-03-07,PED-2025-01022,Ponto Varejo 158,PE,Recife,Ana Martins,Webcam Full HD,Acessórios,5,283.38,0.12,128.91,Boleto
2025-03-07,PED-2025-01022,Ponto Varejo 158,PE,Recife,Ana Martins,Switch 24 Portas,Conectividade,2,1173.98,0.1,627.85,Boleto
2025-12-10,PED-2025-01023,Nova Comercial 017,PR,Londrina,Juliana Mendes,Switch 24 Portas,Conectividade,5,1173.59,0.05,599.24,Cartão de débito
2025-12-10,PED-2025-01023,Nova Comercial 017,PR,Londrina,Juliana Mendes,Nobreak 1500VA,Energia,3,1231.1,0.1,657.08,Cartão de débito
2025-12-19,PED-2025-01024,Integra Distribuidora 196,SP,Campinas,Lucas Barros,Gaveteiro Executivo,Móveis,1,701.28,0.0,363.42,Pix
2025-12-19,PED-2025-01024,Integra Distribuidora 196,SP,Campinas,Lucas Barros,Impressora Multifuncional,Impressão,5,1635.2,0.03,1038.29,Pix
2025-11-02,PED-2025-01025,Nova Tecnologia 027,RS,Porto Alegre,Bruno Costa,Toner Preto, impressão ,7,332.82,0.15,148.89,Cartão de crédito
2025-11-26,PED-2025-01026,Prime Comercial 009,BA,Feira de Santana,Bruno Costa,Kit Toner Colorido,Impressão,3,895.4,0.05,399.6,Cartão de crédito
2025-11-20,PED-2025-01027,Conecta Soluções 184,BA,Feira de Santana,Bruno Costa,Filtro de Linha Premium,Energia,2,119.87,0.05,50.44,Boleto
2025-11-20,PED-2025-01027,Conecta Soluções 184,BA,Feira de Santana,Bruno Costa,Notebook Pro 15,Informática,6,5046.02,0.05,3453.01,Boleto
2025-11-20,PED-2025-01027,Conecta Soluções 184,BA,Feira de Santana,Bruno Costa,Mesa Ajustável,Móveis,4,1805.17,0.05,1066.03,Boleto
2025-09-11,PED-2025-01028,Aurora Logística 162,BA,Salvador,Fernanda Alves,Notebook Essencial 14,Informática,2,2920.19,0.12,1965.94,Cartão de crédito
2025-09-11,PED-2025-01028,Aurora Logística 162,BA,Salvador,Fernanda Alves,Mouse Sem Fio,Acessórios,3,145.34,0.15,70.54,Cartão de crédito
2025-05-03,PED-2025-01029,Conecta Distribuidora 124,GO,Goiânia,Ana Martins,Mouse Sem Fio,Acessórios,2,148.68,0.08,66.66,Transferência
2025-05-03,PED-2025-01029,Conecta Distribuidora 124,GO,Goiânia,Ana Martins,Impressora Multifuncional,Impressão,1,1599.0,0.0,993.42,Transferência
2025-01-21,PED-2025-01030,Central Comercial 073,SP,Santos,Gustavo Ribeiro,Headset Corporativo,Acessórios,4,324.68,0.0,159.48,Boleto
2025-01-21,PED-2025-01030,Central Comercial 073,SP,Santos,Gustavo Ribeiro,Access Point Wi-Fi 6,Conectividade,1 unidades,918.67,0.1,483.75,Boleto
2025-05-13,PED-2025-01031,Aurora Distribuidora 092, mg ,Juiz de Fora,Ana Martins,Mouse Sem Fio,Acessórios,6,148.3,0.03,68.78,Cartão de débito
2025-10-30,PED-2025-01032,Integra Logística 026,GO,Aparecida de Goiânia,Ana Martins,Notebook Essencial 14,Informática,6,2942.39,0.1,2003.76,Pix
2025-10-30,PED-2025-01032,Integra Logística 026,GO,Aparecida de Goiânia,Ana Martins,Headset Corporativo,Acessórios,2,323.81,0.08,160.73,Pix
2025-04-22,PED-2025-01033,Nova Serviços 197,MG,Belo Horizonte,Diego Lima,Cadeira Ergonômica,Móveis,4,1419.51,0.05,776.12,Cartão de crédito
2025-05-01,PED-2025-01034,Horizonte Serviços 165,RJ,Rio de Janeiro,Gustavo Ribeiro,Toner Preto,Impressão,2 unidades,316.99,0.12,148.52,Pix
2025-05-01,PED-2025-01034,Horizonte Serviços 165,RJ,Rio de Janeiro,Gustavo Ribeiro,Nobreak 1500VA,Energia,7,1172.85,0.08,692.59,Pix
2025-01-06,PED-2025-01035,Horizonte Comercial 105,GO,Goiânia,Lucas Barros,Teclado Mecânico,Acessórios,1,379.7,0.1,189.47,Transferência
2025-01-06,PED-2025-01035,Horizonte Comercial 105,GO,Goiânia,Lucas Barros,Gaveteiro Executivo,Móveis,4,706.58,0.0,359.1,Transferência
2025-11-01,PED-2025-01036,Horizonte Serviços 045,RJ,Rio de Janeiro,Lucas Barros,Mouse Sem Fio,Acessórios,2,145.39,0.0,66.45,Cartão de crédito
2025-12-23,PED-2025-01037,Aurora Distribuidora 012,RS,Porto Alegre,Ana Martins,Nobreak 1500VA,Energia,2,1246.98,0.1,660.6,Cartão de crédito
2025-12-23,PED-2025-01037,Aurora Distribuidora 012,RS,Porto Alegre,Ana Martins,Mouse Sem Fio,Acessórios,3,146.77,0.0,70.42,Cartão de crédito
2025-02-27,PED-2025-01038,Aurora Varejo 102,RS,Porto Alegre,Diego Lima,Kit Toner Colorido,Impressão,2,858.74,0%,398.41,Cartão de crédito
2025-08-10,PED-2025-01039,Ponto Logística 018,DF,Brasília,Diego Lima,Mouse Sem Fio,Acessórios,2,152.51,0.0,68.81,Pix
2025-08-10,PED-2025-01039,Ponto Logística 018,DF,Brasília,Diego Lima,Toner Preto,Impressão,1,337.65,0.05,147.17,Pix
2025-02-14,PED-2025-01040,Conecta Varejo 014,RS,Porto Alegre,Juliana Mendes,Impressora Multifuncional,Impressão,1,1571.48,0.0,986.84,Pix
2025-02-14,PED-2025-01040,Conecta Varejo 014,RS,Porto Alegre,Juliana Mendes,Teclado Mecânico,Acessórios,4,403.88,0.08,186.29,Pix
2025-06-16,PED-2025-01041,Aurora Distribuidora 052,PR,Curitiba,Lucas Barros,Filtro de Linha Premium,Energia,1,125.67,0.05,50.06,Cartão de crédito
2025-01-06,PED-2025-01042,Aurora Distribuidora 212,MG,Uberlândia,Ana Martins,Teclado Mecânico,Acessórios,3,405.68,0.1,187.53,Boleto
2025-06-04,PED-2025-01043,Aurora Logística 002,RJ,Petrópolis,Fernanda Alves,Access Point Wi-Fi 6,Conectividade,8,925.2,0.08,493.68,Cartão de crédito
2025-04-23,PED-2025-01044,Horizonte Serviços 125,BA,Vitória da Conquista,Juliana Mendes,Notebook Essencial 14,Informática,1,2860.24,0.15,1964.56,Pix
2025-04-23,PED-2025-01044,Horizonte Serviços 125,BA,Vitória da Conquista,Juliana Mendes,Filtro de Linha Premium,Energia,3,124.8,0.1,49.85,Pix
2025-04-19,PED-2025-01045,,PR,Curitiba,Camila Rocha,Cadeira Ergonômica,Móveis,2,1403.77,0.0,796.84,Cartão de crédito
2025-03-20,PED-2025-01046,Prime Tecnologia 059,BA,Salvador,Juliana Mendes,Headset Corporativo,Acessórios,2,333.25,0.12,155.92,Pix
2025-12-17,PED-2025-01047,Prime Engenharia 079,SP,São Paulo, CAMILA ROCHA ,Switch 24 Portas,Conectividade,7,1118.49,0.1,605.81,Transferência
2025-12-17,PED-2025-01047,Prime Engenharia 079,SP,São Paulo,Camila Rocha,Roteador Empresarial,Conectividade,3,732.53,0.05,357.34,Transferência
2025-02-23,PED-2025-01048,Nova Engenharia 087,MG,Juiz de Fora,Ana Martins,Roteador Empresarial,Conectividade,2,781.68,0.1,362.6,Cartão de crédito
2025-11-18,PED-2025-01049,Nova Serviços 077,RJ,Niterói,Ana Martins,Teclado Mecânico,Acessórios,5,406.11,0.03,193.18,Transferência
2025-11-18,PED-2025-01049,Nova Serviços 077,RJ,Niterói,Ana Martins,Filtro de Linha Premium,Energia,1 unidades,117.97,0.03,51.83,Transferência
2025-07-04,PED-2025-01050,Integra Logística 026,PE,Recife,Gustavo Ribeiro,Headset Corporativo,Acessórios,1,339.75,0.0,162.32,Transferência
2025-07-04,PED-2025-01050,Integra Logística 026,PE,Recife,Gustavo Ribeiro,Cadeira Ergonômica,Móveis,1,1339.81,0.0,756.61,Transferência
2025-03-18,PED-2025-01051,Prime Comercial 089,SP,Santos,Gustavo Ribeiro,Mesa Ajustável,Móveis,3,1794.4,0.03,1015.86,Transferência
2025-08-28,PED-2025-01052,Vértice Logística 130,SP,São Paulo,Lucas Barros,Monitor Ultrawide 29,Informática,5,1832.39,0.0,1197.91,Pix
2025-08-28,PED-2025-01052,Vértice Logística 130,SP,São Paulo,Lucas Barros,Impressora Multifuncional,Impressão,3,1622.68,0.08,1001.14,Pix
2025-02-15,PED-2025-01053,Horizonte Tecnologia 035,RJ,Petrópolis,Lucas Barros,Filtro de Linha Premium,Energia,2,125.12,0.08,49.86,Transferência
2025-08-05,PED-2025-01054,Prime Tecnologia 019,RJ,Petrópolis,Juliana Mendes,Monitor Ultrawide 29,Informática,2,1810.06,0.0,1186.16,Transferência
2025-08-08,PED-2025-01055,Ponto Logística 138,SP,Santos,Gustavo Ribeiro,Toner Preto,Impressão,3,324.3,0.15,151.27,Pix
2025-08-08,PED-2025-01055,Ponto Logística 138,SP,Santos,Gustavo Ribeiro,Webcam Full HD,Acessórios,1,288.24,0.0,132.84,Pix
2025-06-05,PED-2025-01056,Vértice Logística 130,SP,São Paulo,Juliana Mendes,Mouse Sem Fio,Acessórios,2,146.81,0.05,67.65,Boleto
2025-12-07,PED-2025-01057,Horizonte Tecnologia 155,RS,Caxias do Sul,Juliana Mendes,Toner Preto,Impressão,1,317.49,0.15,142.24,Boleto
2025-12-07,PED-2025-01057,Horizonte Tecnologia 155,RS,Caxias do Sul,Juliana Mendes,Mesa Ajustável,Móveis,4,1928.97,0.05,1068.57,Boleto
2025-09-13,PED-2025-01058,Integra Distribuidora 116,RS,Pelotas,Gustavo Ribeiro,Filtro de Linha Premium,Energia,3,120.59,0.03,53.01,Pix
2025-05-13,PED-2025-01059,Prime Comercial 129,SP,São Paulo,Camila Rocha,Toner Preto,Impressão,1,334.35,0.0,144.55,Pix
2025-06-18,PED-2025-01060,Integra Soluções 176,SP,Santos,Ana Martins,Cadeira Ergonômica,Móveis,2,1378.11,0.08,782.83,Pix
2025-06-18,PED-2025-01060,Integra Soluções 176,SP,Santos,Ana Martins,Toner Preto,Impressão,2,336.07,0.0,147.31,Pix
2025-07-14,PED-2025-01061,Central Serviços 053,RJ,Petrópolis,Juliana Mendes,Monitor Ultrawide 29,Informática,3,1816.79,0.1,1202.83,Pix
2025-07-14,PED-2025-01061,Central Serviços 053,RJ,Petrópolis,Juliana Mendes,Webcam Full HD,Acessórios,5,276.38,0.12,131.8,Pix
2025-07-09,PED-2025-01062,Conecta Distribuidora 164,RJ,Niterói,Camila Rocha,Impressora Multifuncional,Impressão,1,1617.47,0.05,989.17,Cartão de crédito
2025-01-14,PED-2025-01063,Nova Engenharia 167,PE,Caruaru,Gustavo Ribeiro,Webcam Full HD,Acessórios,2,279.05,0.03,128.08,Cartão de crédito
2025-12-03,PED-2025-01064,Aurora Soluções 032, ba ,Salvador,Juliana Mendes,Mouse Sem Fio,Acessórios,2,148.2,0.0,68.85,Cartão de débito
2025-12-03,PED-2025-01064,Aurora Soluções 032,BA,Salvador,Juliana Mendes,Impressora Multifuncional,Impressão,4,1664.85,0.08,1043.63,Cartão de débito
2025-07-02,PED-2025-01065,Vértice Soluções 040,PR,Curitiba,Diego Lima,Mouse Sem Fio,Acessórios,2,151.13,0.0,66.75,Cartão de crédito
2025-07-02,PED-2025-01065,Vértice Soluções 040,PR,Curitiba,Diego Lima,Headset Corporativo,Acessórios,1,338.88,0.1,160.45,Cartão de crédito
2025-07-02,PED-2025-01065,Vértice Soluções 040,PR,Curitiba,Diego Lima,Switch 24 Portas,Conectividade,4,1156.02,0.0,603.69,Cartão de crédito
2025-10-19,PED-2025-01066,Nova Tecnologia 067,GO,Aparecida de Goiânia,Lucas Barros,Monitor Ultrawide 29,Informática,1,1860.87,0.1,1204.47,Transferência
2025-04-04,PED-2025-01067,Nova Comercial 137,SP,Campinas,Ana Martins,Teclado Mecânico,Acessórios,6,408.55,0.03,186.26,Transferência
2025-04-04,PED-2025-01067,Nova Comercial 137,SP,Campinas,Ana Martins,Access Point Wi-Fi 6,Conectividade,5,888.92,0.08,483.88,Transferência
2025-04-04,PED-2025-01067,Nova Comercial 137,SP,Campinas,Ana Martins,Impressora Multifuncional,Impressão,1,1644.8,0.05,1027.24,Transferência
2025-02-12,PED-2025-01068,Conecta Distribuidora 004,PE,Olinda,Bruno Costa,Mouse Sem Fio,Acessórios,3,146.2,0.08,69.95,Cartão de crédito
2025-02-12,PED-2025-01068,Conecta Distribuidora 004,PE,Olinda,Bruno Costa,Teclado Mecânico,Acessórios,1,408.11,0.0,192.88,Cartão de crédito
2025-02-12,PED-2025-01068,Conecta Distribuidora 004, pe ,Olinda,Bruno Costa,Toner Preto,Impressão,4,338.28,0.08,142.41,Cartão de crédito
2025-11-10,PED-2025-01069,Ponto Varejo 118,SP,Campinas,Ana Martins,Notebook Essencial 14,Informática,5,2914.54,0.05,1996.92,Cartão de crédito
2025-09-11,PED-2025-01070,Conecta Varejo 014,SP,Santos,Camila Rocha,Filtro de Linha Premium,Energia,3,119.27,0.0,49.49,Pix
2025-09-16,PED-2025-01071,Horizonte Comercial 105,BA,Vitória da Conquista,Bruno Costa,Toner Preto,Impressão,5,340.91,0.0,151.73,Transferência
2025-09-20,PED-2025-01072,Nova Engenharia 087,PR,Curitiba,Fernanda Alves,Mouse Sem Fio,Acessórios,1,157.39,0.03,68.25,Cartão de crédito
2025-01-08,PED-2025-01073,Nova Serviços 157,RS,Porto Alegre,Diego Lima,Headset Corporativo,Acessórios,4 unidades,337.99,0.0,163.37,Transferência
2025-11-21,PED-2025-01074,Horizonte Serviços 125,SC,Joinville,Camila Rocha,Switch 24 Portas,Conectividade,2,1141.25,0.08,605.58,Transferência
2025-11-21,PED-2025-01074,Horizonte Serviços 125,SC,Joinville,Camila Rocha,Notebook Pro 15,Informática,7,5036.23,0.05,3417.67,Transferência
2025-06-06,PED-2025-01075,Alfa Comercial 161,SP,Ribeirão Preto,Bruno Costa,Impressora Multifuncional,Impressão,1,1588.52,0.12,1030.5,Boleto
2025-10-09,PED-2025-01076,Integra Soluções 176,SP,Santos,Ana Martins,Notebook Pro 15,Informática,2,5111.76,0.08,3444.97,Transferência
2025-10-09,PED-2025-01076,Integra Soluções 176,SP,Santos,Ana Martins,Kit Toner Colorido,Impressão,1,850.45,0.12,402.18,Transferência
2025-05-04,PED-2025-01077,Central Tecnologia 043,RJ,Rio de Janeiro,Ana Martins,Teclado Mecânico,Acessórios,1,408.26,0.12,196.45,Transferência
2025-12-29,PED-2025-01078,Horizonte Tecnologia 155,SP,São Paulo,Diego Lima,Webcam Full HD,Acessórios,3,280.77,0.0,131.69,Boleto
2025-12-29,PED-2025-01078,Horizonte Tecnologia 155,SP,São Paulo,Diego Lima,Filtro de Linha Premium,Energia,4,125.36,0.0,51.84,Boleto
2025-12-27,PED-2025-01079,Horizonte Serviços 165,DF,Brasília,Gustavo Ribeiro,Toner Preto,Impressão,3,340.24,0.08,147.9,Transferência
2025-12-27,PED-2025-01079,Horizonte Serviços 165,DF,Brasília,Gustavo Ribeiro,Roteador Empresarial,Conectividade,4,783.34,0.0,365.9,Transferência
2025-12-27,PED-2025-01079,Horizonte Serviços 165,DF,Brasília,Gustavo Ribeiro,Notebook Pro 15,Informática,2,4994.78,0.1,3515.74,Transferência
2025-02-16,PED-2025-01080,Nova Comercial 017,SP,São Paulo,Ana Martins,Teclado Mecânico,Acessórios,1,403.15,0.0,193.87,Cartão de crédito
2025-01-14,PED-2025-01081,Ponto Logística 098,RJ,Rio de Janeiro,Diego Lima,Teclado Mecânico,Acessórios,3,402.94,0.0,188.3,Transferência
2025-01-14,PED-2025-01081,Ponto Logística 098,RJ,Rio de Janeiro,Diego Lima,Toner Preto,Impressão,3,337.78,0.0,147.94,Transferência
2025-08-29,PED-2025-01082,Ponto Logística 018,PE,Olinda,Juliana Mendes,Mouse Sem Fio,Acessórios,2,144.96,0.15,67.46,Cartão de crédito
2025-08-19,PED-2025-01083,Ponto Varejo 038,PE,Recife,Fernanda Alves,Webcam Full HD,Acessórios,3,"R$ 286,38",0.0,129.97,Cartão de crédito
2025-09-11,PED-2025-01084,Ponto Distribuidora 108,SP,São Paulo,Bruno Costa,Mouse Sem Fio,Acessórios,1,155.89,0.08,69.06,Cartão de crédito
2025-09-11,PED-2025-01084,Ponto Distribuidora 108,SP,São Paulo,Bruno Costa,Gaveteiro Executivo,Móveis,2,709.16,5%,369.96,Cartão de crédito
2025-08-18,PED-2025-01085,Central Engenharia 063,RJ,Petrópolis,Juliana Mendes,Notebook Essencial 14,Informática,1,2955.29,0.08,2023.8,Cartão de crédito
2025-06-30,PED-2025-01086,Alfa Comercial 081,PR,Londrina,Diego Lima,Filtro de Linha Premium,Energia,2,122.75,0.0,50.41,Cartão de débito
2025-11-11,PED-2025-01087,Central Serviços 053,RS,Porto Alegre,Fernanda Alves,Mouse Sem Fio,Acessórios,1,151.97,0.05,68.71,Pix
2025-08-22,PED-2025-01088,Central Engenharia 063,RJ,Petrópolis,Gustavo Ribeiro,Headset Corporativo,Acessórios,2,340.11,0.0,159.11,Boleto
2025-08-22,PED-2025-01088,Central Engenharia 063,RJ,Petrópolis,Gustavo Ribeiro,Mouse Sem Fio,Acessórios,5,149.84,0.08,67.04,Boleto
2025-01-18,PED-2025-01089,Nova Serviços 157,SP,Santos,Ana Martins,Filtro de Linha Premium,Energia,6,122.06,0.15,53.02,Cartão de crédito
2025-01-18,PED-2025-01089,Nova Serviços 157,SP,Santos,Ana Martins,Mouse Sem Fio,Acessórios,2,152.35,0.05,70.33,Cartão de crédito
2025-05-19,PED-2025-01090,Ponto Soluções 168,SP,Ribeirão Preto,Camila Rocha,Mouse Sem Fio,Acessórios,2,156.87,0.05,66.87,Pix
2025-05-19,PED-2025-01090,Ponto Soluções 168,SP,Ribeirão Preto,Camila Rocha,Teclado Mecânico,Acessórios,2,396.55,0.05,190.7,Pix
2025-02-21,PED-2025-01091,Aurora Varejo 062,RS,Pelotas,Gustavo Ribeiro,Kit Toner Colorido,Impressão,4,904.52,0.05,407.23,Boleto
2025-02-21,PED-2025-01091,Aurora Varejo 062,RS,Pelotas,Gustavo Ribeiro,Webcam Full HD,Acessórios,1,278.02,0.03,136.8,Boleto
2025-02-21,PED-2025-01091,Aurora Varejo 062,RS,Pelotas,Gustavo Ribeiro,Filtro de Linha Premium,Energia,3,118.14,0.0,49.61,Boleto
2025-11-01,PED-2025-01092,Prime Engenharia 039,MG,Uberlândia,Camila Rocha,Notebook Essencial 14,Informática,6,2790.76,0.0,2058.46,Cartão de crédito
2025-05-10,PED-2025-01093,Prime Serviços 069,PE,Caruaru,Juliana Mendes,Notebook Pro 15,Informática,3,4804.47,0.15,3359.11,Cartão de crédito
2025-11-28,PED-2025-01094,Vértice Logística 130,GO,Goiânia,Camila Rocha,Webcam Full HD,Acessórios,6,280.64,0.03,131.42,Boleto
2025-06-22,PED-2025-01095,Nova Serviços 157,SP,Santos,Bruno Costa,Filtro de Linha Premium,Energia,4,125.1,0.0,50.94,Cartão de crédito
2025-06-22,PED-2025-01095,Nova Serviços 157,SP,Santos,Bruno Costa,Access Point Wi-Fi 6,Conectividade,2,878.1,0.15,464.64,Cartão de crédito
2025-11-04,PED-2025-01096,Integra Soluções 176,PR,Curitiba,Juliana Mendes,Headset Corporativo,Acessórios,1,342.36,0.03,155.46,Transferência
2025-08-20,PED-2025-01097,Nova Comercial 017,SC,Joinville,Juliana Mendes,Filtro de Linha Premium,Energia,2,117.25,0.15,52.04,Pix
2025-11-25,PED-2025-01098,Conecta Distribuidora 004,SP,São Paulo,Bruno Costa,Mouse Sem Fio,Acessórios,6,150.46,0.05,69.91,Pix
2025-08-23,PED-2025-01099,Conecta Logística 074,PE,Recife,Lucas Barros,Mouse Sem Fio,Acessórios,1,145.06,0.0,68.85,Transferência
2025-09-27,PED-2025-01100,Alfa Comercial 201,SP,Ribeirão Preto,Lucas Barros,Webcam Full HD,Acessórios,5,287.42,0.08,134.35,Cartão de débito
2025-01-13,PED-2025-01101,Integra Varejo 126,GO,Goiânia,Lucas Barros,Notebook Essencial 14,Informática,3,2929.36,,2093.51,Cartão de crédito
2025-06-14,PED-2025-01102,,SP,São Paulo,Ana Martins,Cadeira Ergonômica,Móveis,5,1357.59,0.0,760.22,Transferência
2025-06-14,PED-2025-01102,Central Serviços 133,SP,São Paulo,Ana Martins,Gaveteiro Executivo,Móveis,2,707.67,0.05,367.65,Transferência
2025-07-15,PED-2025-01103,Horizonte Serviços 165,RJ,Petrópolis,Gustavo Ribeiro,Cadeira Ergonômica,Móveis,2,1417.3,0.08,770.48,Pix
2025-07-15,PED-2025-01103,Horizonte Serviços 165,RJ,Petrópolis,Gustavo Ribeiro,Mouse Sem Fio,Acessórios,2,147.13,0.05,68.41,Pix
2025-03-14,PED-2025-01104,Conecta Logística 194,MG,Juiz de Fora,Diego Lima,Mouse Sem Fio,Acessórios,1,149.65,0.15,66.42,Transferência
2025-03-14,PED-2025-01104,Conecta Logística 194,MG,Juiz de Fora,Diego Lima,Filtro de Linha Premium,Energia,1,116.3,0.15,51.43,Transferência
2025-03-14,PED-2025-01104,Conecta Logística 194,MG,Juiz de Fora,Diego Lima,Monitor Ultrawide 29,Informática,3,1720.76,0.0,1152.56,Transferência
2025-05-29,PED-2025-01105,Aurora Logística 122,SP,Santos, DIEGO LIMA ,Toner Preto,Impressão,6,321.09,0.0,147.95,Cartão de débito
2025-05-06,PED-2025-01106,Nova Engenharia 087,BA,Salvador,Juliana Mendes,Filtro de Linha Premium,Energia,5,122.28,0.0,52.39,Pix
2025-05-06,PED-2025-01106,Nova Engenharia 087,BA,Salvador,Juliana Mendes,Notebook Pro 15,Informática,12,4983.97,0.0,3347.46,Pix
2025-03-06,PED-2025-01107,Prime Tecnologia 139,GO,Goiânia,Gustavo Ribeiro,Switch 24 Portas,Conectividade,9,1121.88,0.05,593.54,Pix
2025-03-06,PED-2025-01107,Prime Tecnologia 139,GO,Goiânia,Gustavo Ribeiro,Teclado Mecânico,Acessórios,3,384.31,0.0,194.96,Pix
2025-03-06,PED-2025-01107,Prime Tecnologia 139,GO,Goiânia,Gustavo Ribeiro,Cadeira Ergonômica,Móveis,1,1354.31,0.15,758.97,Pix
2025-12-15,PED-2025-01108,Horizonte Engenharia 095,SP,Campinas,Gustavo Ribeiro,Nobreak 1500VA,Energia,2,1192.59,0.15,699.94,Boleto
2025-11-05,PED-2025-01109,Prime Comercial 129,RS,Pelotas,Lucas Barros,Filtro de Linha Premium,Energia,2,118.73,0.1,51.81,Transferência
2025-03-24,PED-2025-01110,Conecta Distribuidora 044,PR,Curitiba,Bruno Costa,Impressora Multifuncional,Impressão,6,1613.27,0.12,1034.78,Cartão de crédito
2025-03-24,PED-2025-01110,Conecta Distribuidora 044,PR,Curitiba,Bruno Costa,Monitor Ultrawide 29,Informática,5,1736.4,0.12,1165.87,Cartão de crédito
2025-05-05,PED-2025-01111,Prime Tecnologia 139,MG,Belo Horizonte,Gustavo Ribeiro,Impressora Multifuncional,Impressão,2,1644.43,0.15,1005.88,Boleto
2025-02-01,PED-2025-01112,Integra Logística 146,MG,Belo Horizonte,Camila Rocha,Webcam Full HD, acessórios ,1,291.95,0.0,130.93,Transferência
2025-02-01,PED-2025-01112,Integra Logística 146,MG,Belo Horizonte,Camila Rocha,Roteador Empresarial,Conectividade,3,740.47,0.0,367.75,Transferência
2025-09-02,PED-2025-01113,Conecta Distribuidora 004,RJ,Niterói,Camila Rocha,Filtro de Linha Premium,Energia,3,116.89,0.03,49.65,Boleto
2025-09-02,PED-2025-01113,Conecta Distribuidora 004,RJ,Niterói,Camila Rocha,Toner Preto,Impressão,1,318.38,0.05,145.21,Boleto
2025-01-05,PED-2025-01114,Ponto Distribuidora 028,RJ,Rio de Janeiro,Gustavo Ribeiro,Filtro de Linha Premium,Energia,1,118.09,0.05,51.55,Cartão de crédito
2025-01-05,PED-2025-01114,Ponto Distribuidora 028,RJ,Rio de Janeiro,Gustavo Ribeiro,Cadeira Ergonômica,Móveis,3,1446.52,0.0,790.93,Cartão de crédito
2025-02-16,PED-2025-01115,Vértice Logística 010,MG,Uberlândia,Camila Rocha,Roteador Empresarial,Conectividade,4,770.26,0.08,381.41,Boleto
2025-07-01,PED-2025-01116,Prime Serviços 109,SC,Joinville,Diego Lima,Monitor Ultrawide 29,Informática,10,1816.45,0.05,1182.97,Cartão de crédito
2025-07-11,PED-2025-01117,Prime Engenharia 079,RJ,Rio de Janeiro,Ana Martins,Roteador Empresarial,Conectividade,1,780.01,0.0,375.22,Pix
2025-01-10,PED-2025-01118,Vértice Distribuidora 220,GO,Anápolis,Diego Lima,Filtro de Linha Premium,Energia,1,117.2,0.08,51.08,Boleto
2025-01-28,PED-2025-01119,Alfa Tecnologia 091,SP,São Paulo,Camila Rocha,Mouse Sem Fio,Acessórios,1,154.61,0.12,70.18,Cartão de crédito
2025-01-28,PED-2025-01119,Alfa Tecnologia 091,SP,São Paulo,Camila Rocha,Cadeira Ergonômica,Móveis,1,1446.56,0.0,750.1,Cartão de crédito
2025-08-13,PED-2025-01120,Conecta Distribuidora 044,RS,Porto Alegre,Gustavo Ribeiro,Teclado Mecânico,Acessórios,2,381.82,0.12,193.13,Transferência
2025-11-17,PED-2025-01121,Integra Soluções 176,BA,Vitória da Conquista, DIEGO LIMA ,Switch 24 Portas,Conectividade,4,1097.19,0.15,632.14,Cartão de crédito
2025-05-11,PED-2025-01122,Nova Comercial 137,DF,Brasília,Fernanda Alves,Notebook Essencial 14,Informática,6,2802.89,0.0,2061.38,Boleto
2025-07-03,PED-2025-01123,Nova Comercial 217,BA,Salvador,Diego Lima,Monitor Ultrawide 29,Informática,9,1846.3,0.0,1142.51,Cartão de débito
2025-04-03,PED-2025-01124,Integra Logística 026,MG,Uberlândia,Lucas Barros,Roteador Empresarial,Conectividade,1,758.46,0.05,369.43,Pix
2025-04-12,PED-2025-01125,Ponto Distribuidora 188,SC,Joinville,Diego Lima,Cadeira Ergonômica, móveis ,2,1345.62,0.0,748.91,Cartão de débito
2025-03-01,PED-2025-01126,Horizonte Tecnologia 035,PR,Maringá,Lucas Barros,Mouse Sem Fio,Acessórios,4,149.3,0.0,70.65,Transferência
2025-10-23,PED-2025-01127,Integra Distribuidora 076,MG,Juiz de Fora,Diego Lima,Teclado Mecânico,Acessórios,1,391.09,0.0,194.6,Transferência
2025-11-23,PED-2025-01128,Conecta Varejo 214,RS,Caxias do Sul,Bruno Costa,Mesa Ajustável,Móveis,3,1901.67,0.03,1013.61,Pix
2025-11-04,PED-2025-01129,Horizonte Engenharia 215,MG,Uberlândia,Fernanda Alves,Filtro de Linha Premium,Energia,5,122.89,0.08,50.01,Pix
2025-09-05,PED-2025-01130,Alfa Engenharia 071,PE,Olinda,Camila Rocha,Notebook Pro 15,Informática,2,4700.29,0.1,3552.3,Pix
2025-01-19,PED-2025-01131,Vértice Soluções 160,SP,Campinas,Ana Martins,Nobreak 1500VA,Energia,1,1166.42,0.05,672.37,Cartão de débito
2025-12-31,PED-2025-01132,Vértice Soluções 040,RJ,Petrópolis,Diego Lima,Mouse Sem Fio,Acessórios,2,152.34,0.0,70.53,Cartão de crédito
2025-11-05,PED-2025-01133,Integra Varejo 006,SP,Campinas,Bruno Costa,Monitor Ultrawide 29,Informática,2,1850.98,0.08,1196.65,Boleto
2025-11-09,PED-2025-01134,Aurora Distribuidora 172,PR,Curitiba,Ana Martins,Toner Preto,Impressão,7,331.88,0.0,141.86,Boleto
2025-11-09,PED-2025-01134,Aurora Distribuidora 172,PR,Curitiba,Ana Martins,Notebook Pro 15,Informática,2,4703.15,0.0,3451.27,Boleto
2025-01-16,PED-2025-00448,Horizonte Comercial 065,SP,Santos,Juliana Mendes,Monitor Ultrawide 29,Informática,2,1737.43,0.12,1160.78,Pix
2025-05-13,PED-2025-00892,Alfa Comercial 041,PR,Maringá,Diego Lima,Impressora Multifuncional,Impressão,4,1644.57,0.08,980.2,Boleto
2025-12-27,PED-2025-01079,Horizonte Serviços 165,DF,Brasília,Gustavo Ribeiro,Notebook Pro 15,Informática,2,4994.78,0.1,3515.74,Transferência
2025-11-05,PED-2025-00748,Vértice Varejo 150,SP,Santos,Juliana Mendes,Toner Preto, impressão ,2,317.38,0.08,143.22,Cartão de crédito
2025-05-23,PED-2025-00824,Conecta Logística 114,PE,Recife,Ana Martins,Mesa Ajustável,Móveis,3,1801.27,0.05,1012.92,Boleto
2025-06-09,PED-2025-00742,Ponto Soluções 088,SP,Ribeirão Preto,Lucas Barros,Gaveteiro Executivo,Móveis,1,684.12,0.1,367.92,Cartão de crédito
2025-07-20,PED-2025-00509,Prime Tecnologia 059,DF,Brasília,Juliana Mendes,Headset Corporativo,Acessórios,1,338.54,0.15,162.64,Pix
2025-04-06,PED-2025-00405,Central Engenharia 103,BA,Vitória da Conquista,Camila Rocha,Monitor Ultrawide 29,Informática,6,"R$ 1.843,60",0.1,1148.98,Cartão de crédito
2025-04-02,PED-2025-00125,Horizonte Tecnologia 035,MG,Juiz de Fora,Juliana Mendes,Headset Corporativo,Acessórios,2,324.69,0.03,159.31,Cartão de débito
2025-12-02,PED-2025-00324,Nova Engenharia 007,MG,Belo Horizonte,Camila Rocha,Filtro de Linha Premium,Energia,5,122.05,0.05,49.49,Cartão de crédito
2025-03-08,PED-2025-00753,Ponto Logística 178,SP,Santos,Lucas Barros,Notebook Pro 15,Informática,1,4726.01,0.08,3510.02,Cartão de débito
2025-12-14,PED-2025-00970,Conecta Logística 154,SP,Campinas,Gustavo Ribeiro,Monitor Ultrawide 29,Informática,4,1773.07,0.03,1196.93,Cartão de crédito
2025-01-06,PED-2025-00595,Prime Comercial 089,PR,Curitiba,Bruno Costa,Kit Toner Colorido,Impressão,7,895.99,0.03,416.06,Transferência
2025-09-26,PED-2025-00763,Central Tecnologia 003,PE,Olinda,Bruno Costa,Gaveteiro Executivo,Móveis,5,684.05,0.0,371.74,Boleto
2025-01-09,PED-2025-00280,Ponto Distribuidora 148,SP,Santos,Bruno Costa,Access Point Wi-Fi 6,Conectividade,3,901.75,0.08,486.64,Pix
2025-02-08,PED-2025-00184,Alfa Engenharia 111,PR,Curitiba,Ana Martins,Switch 24 Portas,Conectividade,6,1100.92,0.05,632.21,Cartão de débito
2025-01-25,PED-2025-00438,Aurora Varejo 102,BA,Vitória da Conquista,Bruno Costa,Mouse Sem Fio,Acessórios,1,146.76,0.0,69.57,Cartão de crédito
2025-07-23,PED-2025-00108,Prime Engenharia 039,SP,Santos,Bruno Costa,Toner Preto,Impressão,1,338.81,0.1,145.49,Pix
2025-07-08,PED-2025-00766,Horizonte Tecnologia 035,MG,Juiz de Fora, JULIANA MENDES ,Notebook Essencial 14,Informática,6,3003.97,0.03,2048.13,Transferência
2025-05-29,PED-2025-00868,Vértice Distribuidora 060,MG,Belo Horizonte,Bruno Costa,Notebook Essencial 14,Informática,4,2896.41,0.1,1973.57,Pix
2025-10-28,PED-2025-00289,Nova Serviços 157,PE,Recife,Fernanda Alves,Teclado Mecânico,Acessórios,1,401.43,0.0,188.55,Pix
2025-06-29,PED-2025-00971,Alfa Serviços 061,PR,Londrina,Juliana Mendes,Headset Corporativo,Acessórios,2,330.7,0.0,164.18,Boleto
2025-08-08,PED-2025-00988,Conecta Varejo 094,SP,São Paulo,Juliana Mendes,Access Point Wi-Fi 6,Conectividade,3,896.67,0.08,468.49,Cartão de crédito
2025-03-07,PED-2025-01022,Ponto Varejo 158,PE,Recife,Ana Martins,Switch 24 Portas,Conectividade,2,1173.98,0.1,627.85,Boleto
