data,numero_pedido,cliente,estado,cidade,vendedor,produto,categoria,quantidade,preco_unitario,desconto,custo_unitario,forma_pagamento,faturamento_bruto,valor_desconto,faturamento_liquido,custo,lucro_bruto,margem_percentual
2025-01-01,PED-2025-00634,Integra Soluções 216,BA,Feira de Santana,Gustavo Ribeiro,Cadeira Ergonômica,Móveis,1,1373.25,0.15,781.87,Pix,1373.25,205.99,1167.26,781.87,385.39,0.330168
2025-01-01,PED-2025-00634,Integra Soluções 216,BA,Feira de Santana,Gustavo Ribeiro,Headset Corporativo,Acessórios,5,325.0,0.05,160.23,Pix,1625.0,81.25,1543.75,801.15,742.6,0.481036
2025-01-01,PED-2025-00688,Central Comercial 113,RJ,Niterói,Fernanda Alves,Filtro de Linha Premium,Energia,2,124.68,0.0,50.26,Pix,249.36,0.0,249.36,100.52,148.84,0.596888
2025-01-01,PED-2025-00688,Central Comercial 113,RJ,Niterói,Fernanda Alves,Monitor Ultrawide 29,Informática,1,1752.66,0.0,1128.82,Pix,1752.66,0.0,1752.66,1128.82,623.84,0.355939
2025-01-01,PED-2025-00688,Central Comercial 113,RJ,Niterói,Fernanda Alves,Switch 24 Portas,Conectividade,1,1149.02,0.0,619.92,Pix,1149.02,0.0,1149.02,619.92,529.1,0.460479
2025-01-01,PED-2025-00850,Aurora Logística 162,SP,Ribeirão Preto,Diego Lima,Gaveteiro Executivo,Móveis,2,715.47,0.08,354.16,Pix,1430.94,114.48,1316.46,708.32,608.14,0.461953
2025-01-01,PED-2025-00850,Aurora Logística 162,SP,Ribeirão Preto,Diego Lima,Notebook Essencial 14,Informática,5,2957.05,0.05,2065.09,Pix,14785.25,739.26,14045.99,10325.45,3720.54,0.264883
2025-01-02,PED-2025-00015,Ponto Soluções 008,SP,Ribeirão Preto,Ana Martins,Mouse Sem Fio,Acessórios,6,146.55,0.03,69.66,Cartão de débito,879.3,26.38,852.92,417.96,434.96,0.509966
2025-01-02,PED-2025-00420,Aurora Logística 042,GO,Anápolis,Juliana Mendes,Monitor Ultrawide 29,Informática,7,1817.01,0.08,1187.99,Boleto,12719.07,1017.53,11701.54,8315.93,3385.61,0.289331
2025-01-02,PED-2025-00585,Prime Comercial 049,DF,Brasília,Ana Martins,Headset Corporativo,Acessórios,1,330.37,0.08,156.82,Boleto,330.37,26.43,303.94,156.82,147.12,0.484044
2025-01-02,PED-2025-00756,Nova Engenharia 167,PR,Londrina,Juliana Mendes,Roteador Empresarial,Conectividade,5,725.21,0.0,366.66,Pix,3626.05,0.0,3626.05,1833.3,1792.75,0.494409
2025-01-02,PED-2025-00756,Nova Engenharia 167,PR,Londrina,Juliana Mendes,Teclado Mecânico,Acessórios,3,387.34,0.08,187.27,Pix,1162.02,92.96,1069.06,561.81,507.25,0.474481
2025-01-03,PED-2025-00308,Horizonte Engenharia 175,RJ,Rio de Janeiro,Diego Lima,Gaveteiro Executivo,Móveis,4,709.79,0.0,356.22,Pix,2839.16,0.0,2839.16,1424.88,1414.28,0.498133
2025-01-03,PED-2025-00308,Horizonte Engenharia 175,RJ,Rio de Janeiro,Diego Lima,Teclado Mecânico,Acessórios,3,378.59,0.0,190.28,Pix,1135.77,0.0,1135.77,570.84,564.93,0.497398
2025-01-03,PED-2025-00331,Nova Tecnologia 027,SP,Campinas,Gustavo Ribeiro,Kit Toner Colorido,Impressão,2,865.89,0.05,417.97,Pix,1731.78,86.59,1645.19,835.94,809.25,0.491889
2025-01-03,PED-2025-00331,Nova Tecnologia 027,SP,Campinas,Gustavo Ribeiro,Mouse Sem Fio,Acessórios,2,145.07,0.12,68.16,Pix,290.14,34.82,255.32,136.32,119.0,0.466088
2025-01-03,PED-2025-00415,Conecta Logística 074,RJ,Petrópolis,Lucas Barros,Teclado Mecânico,Acessórios,2,376.07,0.0,188.7,Cartão de crédito,752.14,0.0,752.14,377.4,374.74,0.498232
2025-01-04,PED-2025-00012,Nova Tecnologia 067,SP,Ribeirão Preto,Fernanda Alves,Teclado Mecânico,Acessórios,7,378.08,0.12,189.33,Pix,2646.56,317.59,2328.97,1325.31,1003.66,0.430947
2025-01-04,PED-2025-00012,Nova Tecnologia 067,SP,Ribeirão Preto,Fernanda Alves,Toner Preto,Impressão,1,326.82,0.1,149.88,Pix,326.82,32.68,294.14,149.88,144.26,0.490443
2025-01-04,PED-2025-00413,Cliente não informado,PE,Caruaru,Gustavo Ribeiro,Filtro de Linha Premium,Energia,5,124.95,0.0,50.26,Cartão de débito,624.75,0.0,624.75,251.3,373.45,0.597759
2025-01-04,PED-2025-00413,Vértice Varejo 030,PE,Caruaru,Gustavo Ribeiro,Monitor Ultrawide 29,Informática,2,1791.86,0.0,1126.88,Cartão de débito,3583.72,0.0,3583.72,2253.76,1329.96,0.371112
2025-01-04,PED-2025-00563,Central Engenharia 103,SP,Santos,Juliana Mendes,Headset Corporativo,Acessórios,4,343.98,0.12,156.64,Pix,1375.92,165.11,1210.81,626.56,584.25,0.482528
2025-01-04,PED-2025-00563,Central Engenharia 103,SP,Santos,Juliana Mendes,Toner Preto,Impressão,1,325.2,0.0,144.77,Pix,325.2,0.0,325.2,144.77,180.43,0.554828
2025-01-04,PED-2025-00798,Ponto Varejo 078,PR,Maringá,Ana Martins,Roteador Empresarial,Conectividade,3,761.2,0.08,361.49,Cartão de crédito,2283.6,182.69,2100.91,1084.47,1016.44,0.48381
2025-01-05,PED-2025-00775,Alfa Engenharia 151,SP,Santos,Ana Martins,Toner Preto,Impressão,1,345.1,0.05,145.65,Pix,345.1,17.26,327.84,145.65,182.2,0.555735
2025-01-05,PED-2025-00903,Nova Comercial 137,PE,Recife,Gustavo Ribeiro,Monitor Ultrawide 29,Informática,2,1828.19,0.0,1188.38,Transferência,3656.38,0.0,3656.38,2376.76,1279.62,0.349969
2025-01-05,PED-2025-01114,Ponto Distribuidora 028,RJ,Rio de Janeiro,Gustavo Ribeiro,Cadeira Ergonômica,Móveis,3,1446.52,0.0,790.93,Cartão de crédito,4339.56,0.0,4339.56,2372.79,1966.77,0.453219
2025-01-05,PED-2025-01114,Ponto Distribuidora 028,RJ,Rio de Janeiro,Gustavo Ribeiro,Filtro de Linha Premium,Energia,1,118.09,0.05,51.55,Cartão de crédito,118.09,5.9,112.19,51.55,60.64,0.540493
2025-01-06,PED-2025-00214,Central Engenharia 103,SP,Campinas,Lucas Barros,Kit Toner Colorido,Impressão,1,858.57,0.03,394.84,Pix,858.57,25.76,832.81,394.84,437.97,0.525896
2025-01-06,PED-2025-00214,Central Engenharia 103,SP,Campinas,Lucas Barros,Toner Preto,Impressão,4,321.28,0.0,147.74,Pix,1285.12,0.0,1285.12,590.96,694.16,0.540152
2025-01-06,PED-2025-00595,Prime Comercial 089,PR,Curitiba,Bruno Costa,Kit Toner Colorido,Impressão,7,895.99,0.03,416.06,Transferência,6271.93,188.16,6083.77,2912.42,3171.35,0.521281
2025-01-06,PED-2025-00652,Prime Tecnologia 099,GO,Anápolis,Gustavo Ribeiro,Mouse Sem Fio,Acessórios,2,154.81,0.08,67.37,Cartão de débito,309.62,24.77,284.85,134.74,150.11,0.52698
2025-01-06,PED-2025-00652,Prime Tecnologia 099,GO,Anápolis,Gustavo Ribeiro,Teclado Mecânico,Acessórios,1,405.7,0.0,197.85,Cartão de débito,405.7,0.0,405.7,197.85,207.85,0.512324
2025-01-06,PED-2025-00652,Prime Tecnologia 099,GO,Anápolis,Gustavo Ribeiro,Toner Preto,Impressão,8,330.66,0.0,146.3,Cartão de débito,2645.28,0.0,2645.28,1170.4,1474.88,0.557552
2025-01-06,PED-2025-00687,Horizonte Comercial 065,PE,Olinda,Ana Martins,Headset Corporativo,Acessórios,1,326.14,0.1,154.88,Boleto,326.14,32.61,293.53,154.88,138.65,0.472347
2025-01-06,PED-2025-01035,Horizonte Comercial 105,GO,Goiânia,Lucas Barros,Gaveteiro Executivo,Móveis,4,706.58,0.0,359.1,Transferência,2826.32,0.0,2826.32,1436.4,1389.92,0.491777
2025-01-06,PED-2025-01035,Horizonte Comercial 105,GO,Goiânia,Lucas Barros,Teclado Mecânico,Acessórios,1,379.7,0.1,189.47,Transferência,379.7,37.97,341.73,189.47,152.26,0.445556
2025-01-06,PED-2025-01042,Aurora Distribuidora 212,MG,Uberlândia,Ana Martins,Teclado Mecânico,Acessórios,3,405.68,0.1,187.53,Boleto,1217.04,121.7,1095.34,562.59,532.75,0.486377
2025-01-07,PED-2025-00175,Vértice Varejo 110,MG,Belo Horizonte,Ana Martins,Toner Preto,Impressão,3,329.57,0.0,147.93,Transferência,988.71,0.0,988.71,443.79,544.92,0.551142
2025-01-07,PED-2025-00325,Conecta Varejo 174,SP,Campinas,Ana Martins,Teclado Mecânico,Acessórios,4,409.31,0.12,194.11,Boleto,1637.24,196.47,1440.77,776.44,664.33,0.461094
2025-01-07,PED-2025-00383,Horizonte Comercial 065,PR,Curitiba,Fernanda Alves,Switch 24 Portas,Conectividade,3,1132.64,0.08,630.78,Cartão de crédito,3397.92,271.83,3126.09,1892.34,1233.75,0.394662
2025-01-07,PED-2025-00553,Ponto Logística 178,BA,Vitória da Conquista,Camila Rocha,Notebook Pro 15,Informática,1,4808.51,0.0,3398.32,Boleto,4808.51,0.0,4808.51,3398.32,1410.19,0.29327
2025-01-07,PED-2025-00553,Ponto Logística 178,BA,Vitória da Conquista,Camila Rocha,Roteador Empresarial,Conectividade,1,736.28,0.0,378.25,Boleto,736.28,0.0,736.28,378.25,358.03,0.486269
2025-01-07,PED-2025-00578,Prime Tecnologia 179,SP,Santos,Ana Martins,Teclado Mecânico,Acessórios,5,385.33,0.15,190.84,Transferência,1926.65,289.0,1637.65,954.2,683.45,0.417337
2025-01-07,PED-2025-00691,Aurora Varejo 062,SC,Joinville,Fernanda Alves,Notebook Essencial 14,Informática,4,2961.07,0.08,2059.42,Cartão de crédito,11844.28,947.54,10896.74,8237.68,2659.06,0.244023
2025-01-07,PED-2025-00823,Integra Distribuidora 076,SP,Santos,Fernanda Alves,Filtro de Linha Premium,Energia,1,118.34,0.08,49.77,Cartão de crédito,118.34,9.47,108.87,49.77,59.1,0.542861
2025-01-07,PED-2025-00890,Prime Engenharia 079,RS,Caxias do Sul,Ana Martins,Headset Corporativo,Acessórios,6,328.29,0.05,153.9,Cartão de débito,1969.74,98.49,1871.25,923.4,947.85,0.506534
2025-01-07,PED-2025-00890,Prime Engenharia 079,RS,Caxias do Sul,Ana Martins,Toner Preto,Impressão,1,327.14,0.0,143.33,Cartão de débito,327.14,0.0,327.14,143.33,183.81,0.56187
2025-01-08,PED-2025-00668,Integra Varejo 166,PR,Maringá,Fernanda Alves,Mesa Ajustável,Móveis,1,1929.34,0.0,1023.51,Pix,1929.34,0.0,1929.34,1023.51,905.83,0.469503
2025-01-08,PED-2025-00668,Integra Varejo 166,PR,Maringá,Fernanda Alves,Switch 24 Portas,Conectividade,1,1135.6,0.08,615.08,Pix,1135.6,90.85,1044.75,615.08,429.67,0.411267
2025-01-08,PED-2025-00668,Integra Varejo 166,PR,Maringá,Fernanda Alves,Toner Preto,Impressão,3,341.27,0.0,148.1,Pix,1023.81,0.0,1023.81,444.3,579.51,0.566033
2025-01-08,PED-2025-00675,Nova Serviços 077,SP,São Paulo,Lucas Barros,Switch 24 Portas,Conectividade,5,1103.9,0.03,634.25,Pix,5519.5,165.58,5353.92,3171.25,2182.66,0.407676
2025-01-08,PED-2025-00675,Nova Serviços 077,SP,São Paulo,Lucas Barros,Teclado Mecânico,Acessórios,1,406.79,0.0,198.06,Pix,406.79,0.0,406.79,198.06,208.73,0.513115
2025-01-08,PED-2025-00741,Alfa Tecnologia 171,PE,Olinda,Lucas Barros,Teclado Mecânico,Acessórios,5,394.6,0.03,189.9,Boleto,1973.0,59.19,1913.81,949.5,964.31,0.503869
2025-01-08,PED-2025-00741,Alfa Tecnologia 171,PE,Olinda,Lucas Barros,Webcam Full HD,Acessórios,3,286.63,0.0,129.13,Boleto,859.89,0.0,859.89,387.39,472.5,0.549489
2025-01-08,PED-2025-01073,Nova Serviços 157,RS,Porto Alegre,Diego Lima,Headset Corporativo,Acessórios,4,337.99,0.0,163.37,Transferência,1351.96,0.0,1351.96,653.48,698.48,0.516643
2025-01-09,PED-2025-00062,Central Serviços 133,RJ,Rio de Janeiro,Fernanda Alves,Headset Corporativo,Acessórios,3,321.54,0.08,157.01,Boleto,964.62,77.17,887.45,471.03,416.42,0.469232
2025-01-09,PED-2025-00280,Ponto Distribuidora 148,SP,Santos,Bruno Costa,Access Point Wi-Fi 6,Conectividade,3,901.75,0.08,486.64,Pix,2705.25,216.42,2488.83,1459.92,1028.91,0.413411
2025-01-09,PED-2025-00280,Ponto Distribuidora 148,SP,Santos,Bruno Costa,Mouse Sem Fio,Acessórios,2,152.79,0.05,67.42,Pix,305.58,15.28,290.3,134.84,155.46,0.535517
2025-01-09,PED-2025-00428,Nova Serviços 037,SP,São Paulo,Juliana Mendes,Filtro de Linha Premium,Energia,1,119.19,0.1,50.2,Pix,119.19,11.92,107.27,50.2,57.07,0.532026
2025-01-09,PED-2025-00546,Horizonte Tecnologia 195,BA,Feira de Santana,Diego Lima,Kit Toner Colorido,Impressão,1,898.6,0.05,414.15,Transferência,898.6,44.93,853.67,414.15,439.52,0.514859
2025-01-09,PED-2025-00908,Integra Varejo 006,SP,Santos,Camila Rocha,Access Point Wi-Fi 6,Conectividade,2,916.34,0.0,465.84,Boleto,1832.68,0.0,1832.68,931.68,901.0,0.49163
2025-01-09,PED-2025-00950,Integra Varejo 086,SP,São Paulo,Camila Rocha,Cadeira Ergonômica,Móveis,2,1367.06,0.12,799.28,Pix,2734.12,328.09,2406.03,1598.56,807.47,0.335601
2025-01-09,PED-2025-00950,Integra Varejo 086,SP,São Paulo,Camila Rocha,Mouse Sem Fio,Acessórios,2,149.6,0.08,67.04,Pix,299.2,23.94,275.26,134.08,141.18,0.512904
2025-01-09,PED-2025-00950,Integra Varejo 086,SP,São Paulo,Camila Rocha,Nobreak 1500VA,Energia,1,1174.02,0.0,675.12,Pix,1174.02,0.0,1174.02,675.12,498.9,0.42495
2025-01-10,PED-2025-00085,Aurora Distribuidora 092,SP,São Paulo,Bruno Costa,Monitor Ultrawide 29,Informática,1,1776.52,0.0,1154.22,Boleto,1776.52,0.0,1776.52,1154.22,622.3,0.350292
2025-01-10,PED-2025-00241,Prime Tecnologia 139,SP,Campinas,Gustavo Ribeiro,Impressora Multifuncional,Impressão,3,1653.59,0.05,1042.33,Cartão de débito,4960.77,248.04,4712.73,3126.99,1585.74,0.33648
2025-01-10,PED-2025-00253,Ponto Distribuidora 188,RS,Pelotas,Lucas Barros,Cadeira Ergonômica,Móveis,3,1365.54,0.08,787.7,Cartão de crédito,4096.62,327.73,3768.89,2363.1,1405.79,0.372998
2025-01-10,PED-2025-00253,Ponto Distribuidora 188,RS,Pelotas,Lucas Barros,Filtro de Linha Premium,Energia,2,124.29,0.05,52.4,Cartão de crédito,248.58,12.43,236.15,104.8,131.35,0.556216
2025-01-10,PED-2025-00470,Cliente não informado,SP,Ribeirão Preto,Bruno Costa,Filtro de Linha Premium,Energia,1,122.3,0.1,52.15,Pix,122.3,12.23,110.07,52.15,57.92,0.526211
2025-01-10,PED-2025-00470,Nova Engenharia 047,SP,Ribeirão Preto,Bruno Costa,Impressora Multifuncional,Impressão,4,1642.09,0.15,1005.88,Pix,6568.36,985.25,5583.11,4023.52,1559.59,0.27934
2025-01-10,PED-2025-00470,Nova Engenharia 047,SP,Ribeirão Preto,Bruno Costa,Notebook Pro 15,Informática,4,5000.61,0.03,3431.75,Pix,20002.44,600.07,19402.37,13727.0,5675.37,0.292509
2025-01-10,PED-2025-00597,Horizonte Serviços 205,PE,Caruaru,Lucas Barros,Filtro de Linha Premium,Energia,2,123.07,0.12,52.6,Cartão de débito,246.14,29.54,216.6,105.2,111.4,0.514319
2025-01-10,PED-2025-00597,Horizonte Serviços 205,PE,Caruaru,Lucas Barros,Gaveteiro Executivo,Móveis,9,710.58,0.12,363.87,Cartão de débito,6395.22,767.43,5627.79,3274.83,2352.96,0.418097
2025-01-10,PED-2025-00597,Horizonte Serviços 205,PE,Caruaru,Lucas Barros,Teclado Mecânico,Acessórios,5,380.57,0.15,187.1,Cartão de débito,1902.85,285.43,1617.42,935.5,681.92,0.421611
2025-01-10,PED-2025-01118,Vértice Distribuidora 220,GO,Anápolis,Diego Lima,Filtro de Linha Premium,Energia,1,117.2,0.08,51.08,Boleto,117.2,9.38,107.82,51.08,56.74,0.526265
2025-01-12,PED-2025-00056,Central Serviços 133,MG,Juiz de Fora,Lucas Barros,Switch 24 Portas,Conectividade,3,1077.12,0.0,622.67,Boleto,3231.36,0.0,3231.36,1868.01,1363.35,0.421912
2025-01-12,PED-2025-00056,Central Serviços 133,MG,Juiz de Fora,Lucas Barros,Teclado Mecânico,Acessórios,3,388.83,0.03,187.29,Boleto,1166.49,34.99,1131.5,561.87,569.63,0.503427
2025-01-12,PED-2025-00146,Nova Engenharia 167,SP,Campinas,Fernanda Alves,Mesa Ajustável,Móveis,1,1903.33,0.1,1073.99,Transferência,1903.33,190.33,1713.0,1073.99,639.01,0.373035
2025-01-12,PED-2025-00224,Prime Comercial 009,RJ,Niterói,Ana Martins,Kit Toner Colorido,Impressão,5,882.37,0.15,414.29,Boleto,4411.85,661.78,3750.07,2071.45,1678.62,0.447624
2025-01-12,PED-2025-00722,Integra Varejo 166,MG,Belo Horizonte,Fernanda Alves,Access Point Wi-Fi 6,Conectividade,1,910.3,0.05,491.36,Boleto,910.3,45.52,864.78,491.36,373.42,0.431813
2025-01-13,PED-2025-00573,Aurora Logística 122,SC,Blumenau,Gustavo Ribeiro,Cadeira Ergonômica,Móveis,2,1379.54,0.05,790.12,Cartão de débito,2759.08,137.95,2621.13,1580.24,1040.89,0.397114
2025-01-13,PED-2025-00573,Aurora Logística 122,SC,Blumenau,Gustavo Ribeiro,Headset Corporativo,Acessórios,4,325.11,0.0,162.04,Cartão de débito,1300.44,0.0,1300.44,648.16,652.28,0.501584
2025-01-13,PED-2025-00727,Alfa Tecnologia 171,BA,Vitória da Conquista,Lucas Barros,Monitor Ultrawide 29,Informática,5,1796.53,0.12,1198.32,Cartão de crédito,8982.65,1077.92,7904.73,5991.6,1913.13,0.242024
2025-01-13,PED-2025-00727,Alfa Tecnologia 171,BA,Vitória da Conquista,Lucas Barros,Webcam Full HD,Acessórios,1,285.86,0.0,134.0,Cartão de crédito,285.86,0.0,285.86,134.0,151.86,0.531239
2025-01-13,PED-2025-01101,Integra Varejo 126,GO,Goiânia,Lucas Barros,Notebook Essencial 14,Informática,3,2929.36,0.0,2093.51,Cartão de crédito,8788.08,0.0,8788.08,6280.53,2507.55,0.285335
2025-01-14,PED-2025-00156,Alfa Serviços 021,SP,Santos,Diego Lima,Teclado Mecânico,Acessórios,5,395.73,0.03,190.26,Cartão de crédito,1978.65,59.36,1919.29,951.3,967.99,0.504348
2025-01-14,PED-2025-00198,Integra Distribuidora 036,SP,São Paulo,Bruno Costa,Mesa Ajustável,Móveis,1,1932.74,0.0,1018.04,Cartão de crédito,1932.74,0.0,1932.74,1018.04,914.7,0.473266
2025-01-14,PED-2025-00284,Alfa Tecnologia 051,MG,Belo Horizonte,Bruno Costa,Access Point Wi-Fi 6,Conectividade,2,874.34,0.0,477.18,Cartão de crédito,1748.68,0.0,1748.68,954.36,794.32,0.45424
2025-01-14,PED-2025-00663,Conecta Varejo 174,RS,Caxias do Sul,Camila Rocha,Filtro de Linha Premium,Energia,7,120.86,0.05,50.85,Boleto,846.02,42.3,803.72,355.95,447.77,0.557121
2025-01-14,PED-2025-00663,Conecta Varejo 174,RS,Caxias do Sul,Camila Rocha,Notebook Essencial 14,Informática,1,2775.78,0.05,2084.43,Boleto,2775.78,138.79,2636.99,2084.43,552.56,0.209542
2025-01-14,PED-2025-01063,Nova Engenharia 167,PE,Caruaru,Gustavo Ribeiro,Webcam Full HD,Acessórios,2,279.05,0.03,128.08,Cartão de crédito,558.1,16.74,541.36,256.16,285.2,0.526819
2025-01-14,PED-2025-01081,Ponto Logística 098,RJ,Rio de Janeiro,Diego Lima,Teclado Mecânico,Acessórios,3,402.94,0.0,188.3,Transferência,1208.82,0.0,1208.82,564.9,643.92,0.532685
2025-01-14,PED-2025-01081,Ponto Logística 098,RJ,Rio de Janeiro,Diego Lima,Toner Preto,Impressão,3,337.78,0.0,147.94,Transferência,1013.34,0.0,1013.34,443.82,569.52,0.562023
2025-01-15,PED-2025-00544,Prime Comercial 089,SP,Ribeirão Preto,Ana Martins,Mesa Ajustável,Móveis,1,1936.83,0.08,1058.08,Cartão de crédito,1936.83,154.95,1781.88,1058.08,723.8,0.406201
2025-01-15,PED-2025-00544,Prime Comercial 089,SP,Ribeirão Preto,Ana Martins,Switch 24 Portas,Conectividade,6,1099.49,0.1,622.01,Cartão de crédito,6596.94,659.69,5937.25,3732.06,2205.19,0.371416
2025-01-15,PED-2025-00963,Prime Serviços 189,PR,Maringá,Juliana Mendes,Switch 24 Portas,Conectividade,1,1149.73,0.12,612.98,Boleto,1149.73,137.97,1011.76,612.98,398.78,0.394146
2025-01-15,PED-2025-00963,Prime Serviços 189,PR,Maringá,Juliana Mendes,Teclado Mecânico,Acessórios,1,393.69,0.1,193.55,Boleto,393.69,39.37,354.32,193.55,160.77,0.453744
2025-01-15,PED-2025-00963,Prime Serviços 189,PR,Maringá,Juliana Mendes,Toner Preto,Impressão,5,317.35,0.05,149.59,Boleto,1586.75,79.34,1507.41,747.95,759.46,0.503819
2025-01-15,PED-2025-01013,Nova Engenharia 007,RJ,Niterói,Lucas Barros,Switch 24 Portas,Conectividade,1,1152.87,0.05,601.88,Cartão de crédito,1152.87,57.64,1095.23,601.88,493.35,0.450452
2025-01-16,PED-2025-00158,Cliente não informado,RJ,Rio de Janeiro,Juliana Mendes,Roteador Empresarial,Conectividade,3,746.22,0.0,363.73,Pix,2238.66,0.0,2238.66,1091.19,1147.47,0.51257
2025-01-16,PED-2025-00295,Vértice Distribuidora 180,SP,Santos,Bruno Costa,Kit Toner Colorido,Impressão,1,851.89,0.12,394.77,Cartão de crédito,851.89,102.23,749.66,394.77,354.89,0.473404
2025-01-16,PED-2025-00346,Conecta Varejo 054,SP,Campinas,Fernanda Alves,Webcam Full HD,Acessórios,2,274.33,0.05,129.42,Pix,548.66,27.43,521.23,258.84,262.39,0.503403
2025-01-16,PED-2025-00448,Horizonte Comercial 065,SP,Santos,Juliana Mendes,Monitor Ultrawide 29,Informática,2,1737.43,0.12,1160.78,Pix,3474.86,416.98,3057.88,2321.56,736.32,0.240793
2025-01-16,PED-2025-00448,Horizonte Comercial 065,SP,Santos,Juliana Mendes,Notebook Essencial 14,Informática,2,2812.01,0.12,1991.88,Pix,5624.02,674.88,4949.14,3983.76,965.38,0.19506
2025-01-16,PED-2025-00524,Conecta Distribuidora 204,MG,Uberlândia,Gustavo Ribeiro,Mouse Sem Fio,Acessórios,1,152.89,0.05,69.67,Boleto,152.89,7.64,145.25,69.67,75.58,0.520329
2025-01-16,PED-2025-00619,Nova Tecnologia 027,RJ,Petrópolis,Fernanda Alves,Cadeira Ergonômica,Móveis,2,1388.87,0.12,759.18,Pix,2777.74,333.33,2444.41,1518.36,926.05,0.378844
2025-01-16,PED-2025-00619,Nova Tecnologia 027,RJ,Petrópolis,Fernanda Alves,Impressora Multifuncional,Impressão,1,1629.16,0.0,1011.62,Pix,1629.16,0.0,1629.16,1011.62,617.54,0.379054
2025-01-17,PED-2025-00165,Aurora Logística 042,SP,Campinas,Fernanda Alves,Roteador Empresarial,Conectividade,5,765.01,0.15,367.7,Cartão de crédito,3825.05,573.76,3251.29,1838.5,1412.79,0.434533
2025-01-17,PED-2025-00165,Aurora Logística 042,SP,Campinas,Fernanda Alves,Switch 24 Portas,Conectividade,3,1100.12,0.05,604.4,Cartão de crédito,3300.36,165.02,3135.34,1813.2,1322.14,0.42169
2025-01-17,PED-2025-00613,Integra Logística 146,DF,Brasília,Diego Lima,Filtro de Linha Premium,Energia,6,121.97,0.15,49.59,Pix,731.82,109.77,622.05,297.54,324.51,0.521676
2025-01-17,PED-2025-00613,Integra Logística 146,DF,Brasília,Diego Lima,Roteador Empresarial,Conectividade,6,780.83,0.05,377.25,Pix,4684.98,234.25,4450.73,2263.5,2187.23,0.491432
2025-01-18,PED-2025-00191,Ponto Varejo 078,PR,Curitiba,Camila Rocha,Filtro de Linha Premium,Energia,7,121.87,0.03,51.9,Cartão de crédito,853.09,25.59,827.5,363.3,464.2,0.560965
2025-01-18,PED-2025-00191,Ponto Varejo 078,PR,Curitiba,Camila Rocha,Mesa Ajustável,Móveis,2,1788.51,0.1,1080.76,Cartão de crédito,3577.02,357.7,3219.32,2161.52,1057.8,0.328578
2025-01-18,PED-2025-00386,Ponto Logística 098,SP,Santos,Camila Rocha,Impressora Multifuncional,Impressão,1,1536.58,0.0,1026.98,Cartão de crédito,1536.58,0.0,1536.58,1026.98,509.6,0.331646
2025-01-18,PED-2025-00386,Ponto Logística 098,SP,Santos,Camila Rocha,Notebook Pro 15,Informática,4,4720.36,0.03,3418.25,Cartão de crédito,18881.44,566.44,18315.0,13673.0,4642.0,0.253453
2025-01-18,PED-2025-00388,Integra Soluções 096,SP,Ribeirão Preto,Camila Rocha,Gaveteiro Executivo,Móveis,1,675.0,0.12,374.48,Transferência,675.0,81.0,594.0,374.48,219.52,0.369562
2025-01-18,PED-2025-00497,Nova Engenharia 047,RJ,Niterói,Ana Martins,Filtro de Linha Premium,Energia,3,115.69,0.03,51.39,Boleto,347.07,10.41,336.66,154.17,182.49,0.542057
2025-01-18,PED-2025-00497,Nova Engenharia 047,RJ,Niterói,Ana Martins,Headset Corporativo,Acessórios,3,320.63,0.12,159.31,Boleto,961.89,115.43,846.46,477.93,368.53,0.43538
2025-01-18,PED-2025-00653,Nova Tecnologia 067,BA,Vitória da Conquista,Bruno Costa,Switch 24 Portas,Conectividade,1,1115.11,0.03,624.13,Cartão de crédito,1115.11,33.45,1081.66,624.13,457.53,0.422987
2025-01-18,PED-2025-00653,Nova Tecnologia 067,BA,Vitória da Conquista,Bruno Costa,Webcam Full HD,Acessórios,2,270.62,0.1,136.96,Cartão de crédito,541.24,54.12,487.12,273.92,213.2,0.43767
2025-01-18,PED-2025-01089,Nova Serviços 157,SP,Santos,Ana Martins,Filtro de Linha Premium,Energia,6,122.06,0.15,53.02,Cartão de crédito,732.36,109.85,622.51,318.12,304.39,0.488969
2025-01-18,PED-2025-01089,Nova Serviços 157,SP,Santos,Ana Martins,Mouse Sem Fio,Acessórios,2,152.35,0.05,70.33,Cartão de crédito,304.7,15.24,289.46,140.66,148.8,0.514069
2025-01-19,PED-2025-00662,Aurora Distribuidora 132,SP,Santos,Diego Lima,Monitor Ultrawide 29,Informática,5,1726.23,0.08,1181.1,Pix,8631.15,690.49,7940.66,5905.5,2035.16,0.256296
2025-01-19,PED-2025-00662,Aurora Distribuidora 132,SP,Santos,Diego Lima,Mouse Sem Fio,Acessórios,2,152.11,0.0,67.32,Pix,304.22,0.0,304.22,134.64,169.58,0.557426
2025-01-19,PED-2025-00662,Aurora Distribuidora 132,SP,Santos,Diego Lima,Notebook Pro 15,Informática,6,5076.63,0.08,3330.96,Pix,30459.78,2436.78,28023.0,19985.76,8037.24,0.286809
2025-01-19,PED-2025-01131,Vértice Soluções 160,SP,Campinas,Ana Martins,Nobreak 1500VA,Energia,1,1166.42,0.05,672.37,Cartão de débito,1166.42,58.32,1108.1,672.37,435.73,0.393222
2025-01-20,PED-2025-00442,Nova Comercial 097,MG,Belo Horizonte,Camila Rocha,Cadeira Ergonômica,Móveis,3,1362.54,0.1,785.45,Cartão de crédito,4087.62,408.76,3678.86,2356.35,1322.51,0.359489
2025-01-20,PED-2025-00442,Nova Comercial 097,MG,Belo Horizonte,Camila Rocha,Kit Toner Colorido,Impressão,2,911.5,0.0,413.72,Cartão de crédito,1823.0,0.0,1823.0,827.44,995.56,0.546111
2025-01-20,PED-2025-00514,Integra Soluções 216,SP,Campinas,Lucas Barros,Filtro de Linha Premium,Energia,4,118.98,0.0,52.97,Pix,475.92,0.0,475.92,211.88,264.04,0.554799
2025-01-20,PED-2025-00514,Integra Soluções 216,SP,Campinas,Lucas Barros,Gaveteiro Executivo,Móveis,2,663.53,0.03,360.66,Pix,1327.06,39.81,1287.25,721.32,565.93,0.439642
2025-01-20,PED-2025-00520,Aurora Logística 162,SC,Florianópolis,Gustavo Ribeiro,Headset Corporativo,Acessórios,5,341.04,0.0,159.1,Pix,1705.2,0.0,1705.2,795.5,909.7,0.533486
2025-01-20,PED-2025-00660,Central Tecnologia 163,SP,Santos,Bruno Costa,Kit Toner Colorido,Impressão,3,885.85,0.0,411.33,Transferência,2657.55,0.0,2657.55,1233.99,1423.56,0.535666
2025-01-21,PED-2025-00620,Ponto Distribuidora 028,SP,Campinas,Camila Rocha,Filtro de Linha Premium,Energia,7,120.08,0.0,50.29,Boleto,840.56,0.0,840.56,352.03,488.53,0.581196
2025-01-21,PED-2025-00799,Integra Distribuidora 076,RS,Pelotas,Diego Lima,Teclado Mecânico,Acessórios,3,398.96,0.1,195.3,Boleto,1196.88,119.69,1077.19,585.9,491.29,0.456086
2025-01-21,PED-2025-01030,Central Comercial 073,SP,Santos,Gustavo Ribeiro,Access Point Wi-Fi 6,Conectividade,1,918.67,0.1,483.75,Boleto,918.67,91.87,826.8,483.75,343.05,0.414915
2025-01-21,PED-2025-01030,Central Comercial 073,SP,Santos,Gustavo Ribeiro,Headset Corporativo,Acessórios,4,324.68,0.0,159.48,Boleto,1298.72,0.0,1298.72,637.92,660.8,0.508809
2025-01-22,PED-2025-00155,Aurora Soluções 192,BA,Feira de Santana,Ana Martins,Access Point Wi-Fi 6,Conectividade,3,869.47,0.03,487.21,Cartão de crédito,2608.41,78.25,2530.16,1461.63,1068.53,0.422317
2025-01-22,PED-2025-00655,Central Serviços 093,SP,Campinas,Gustavo Ribeiro,Cadeira Ergonômica,Móveis,4,1372.81,0.0,787.6,Pix,5491.24,0.0,5491.24,3150.4,2340.84,0.426286
2025-01-22,PED-2025-00655,Central Serviços 093,SP,Campinas,Gustavo Ribeiro,Headset Corporativo,Acessórios,1,323.24,0.0,154.54,Pix,323.24,0.0,323.24,154.54,168.7,0.521903
2025-01-22,PED-2025-01016,Ponto Distribuidora 108,SP,Campinas,Camila Rocha,Toner Preto,Impressão,1,326.76,0.0,144.9,Boleto,326.76,0.0,326.76,144.9,181.86,0.556555
2025-01-22,PED-2025-01016,Ponto Distribuidora 108,SP,Campinas,Camila Rocha,Webcam Full HD,Acessórios,2,274.62,0.0,128.55,Boleto,549.24,0.0,549.24,257.1,292.14,0.531899
2025-01-23,PED-2025-00053,Aurora Soluções 112,SP,São Paulo,Camila Rocha,Roteador Empresarial,Conectividade,1,740.78,0.0,369.32,Boleto,740.78,0.0,740.78,369.32,371.46,0.501444
2025-01-23,PED-2025-00751,Central Engenharia 023,RJ,Rio de Janeiro,Camila Rocha,Monitor Ultrawide 29,Informática,1,1726.18,0.0,1181.28,Cartão de crédito,1726.18,0.0,1726.18,1181.28,544.9,0.315668
2025-01-24,PED-2025-00196,Horizonte Engenharia 095,SC,Blumenau,Bruno Costa,Mesa Ajustável,Móveis,4,1845.07,0.0,1038.68,Boleto,7380.28,0.0,7380.28,4154.72,3225.56,0.437051
2025-01-24,PED-2025-00272,Ponto Logística 218,DF,Brasília,Lucas Barros,Teclado Mecânico,Acessórios,1,377.65,0.05,190.81,Boleto,377.65,18.88,358.77,190.81,167.96,0.468151
2025-01-24,PED-2025-00342,Central Serviços 173,MG,Belo Horizonte,Diego Lima,Filtro de Linha Premium,Energia,2,121.68,0.05,50.62,Cartão de crédito,243.36,12.17,231.19,101.24,129.95,0.562096
2025-01-24,PED-2025-00618,Central Comercial 033,BA,Feira de Santana,Bruno Costa,Access Point Wi-Fi 6,Conectividade,4,882.33,0.1,495.73,Cartão de crédito,3529.32,352.93,3176.39,1982.92,1193.47,0.375731
2025-01-24,PED-2025-00618,Central Comercial 033,BA,Feira de Santana,Bruno Costa,Impressora Multifuncional,Impressão,2,1566.73,0.08,986.32,Cartão de crédito,3133.46,250.68,2882.78,1972.64,910.14,0.315717
2025-01-25,PED-2025-00003,Vértice Varejo 150,PE,Caruaru,Juliana Mendes,Notebook Pro 15,Informática,3,5022.17,0.15,3395.4,Pix,15066.51,2259.98,12806.53,10186.2,2620.33,0.204609
2025-01-25,PED-2025-00433,Prime Serviços 189,SC,Joinville,Bruno Costa,Cadeira Ergonômica,Móveis,1,1384.82,0.0,770.45,Cartão de débito,1384.82,0.0,1384.82,770.45,614.37,0.443646
2025-01-25,PED-2025-00433,Prime Serviços 189,SC,Joinville,Bruno Costa,Monitor Ultrawide 29,Informática,2,1797.14,0.08,1143.95,Cartão de débito,3594.28,287.54,3306.74,2287.9,1018.84,0.30811
2025-01-25,PED-2025-00433,Prime Serviços 189,SC,Joinville,Bruno Costa,Toner Preto,Impressão,2,319.09,0.08,143.5,Cartão de débito,638.18,51.05,587.13,287.0,300.13,0.511178
2025-01-25,PED-2025-00438,Aurora Varejo 102,BA,Vitória da Conquista,Bruno Costa,Monitor Ultrawide 29,Informática,2,1749.76,0.1,1203.33,Cartão de crédito,3499.52,349.95,3149.57,2406.66,742.91,0.235876
2025-01-25,PED-2025-00438,Aurora Varejo 102,BA,Vitória da Conquista,Bruno Costa,Mouse Sem Fio,Acessórios,1,146.76,0.0,69.57,Cartão de crédito,146.76,0.0,146.76,69.57,77.19,0.525961
2025-01-25,PED-2025-00782,Conecta Varejo 214,PE,Recife,Fernanda Alves,Mouse Sem Fio,Acessórios,3,156.06,0.08,67.94,Pix,468.18,37.45,430.73,203.82,226.91,0.526799
2025-01-26,PED-2025-00168,Cliente não informado,SP,São Paulo,Gustavo Ribeiro,Notebook Essencial 14,Informática,1,2945.37,0.1,2050.11,Cartão de crédito,2945.37,294.54,2650.83,2050.11,600.72,0.226617
2025-01-26,PED-2025-00168,Horizonte Serviços 045,SP,São Paulo,Gustavo Ribeiro,Webcam Full HD,Acessórios,1,282.24,0.08,128.98,Cartão de crédito,282.24,22.58,259.66,128.98,130.68,0.503275
2025-01-26,PED-2025-00368,Nova Comercial 017,PR,Curitiba,Juliana Mendes,Filtro de Linha Premium,Energia,4,118.51,0.0,53.03,Transferência,474.04,0.0,474.04,212.12,261.92,0.552527
2025-01-26,PED-2025-00368,Nova Comercial 017,PR,Curitiba,Juliana Mendes,Webcam Full HD,Acessórios,2,285.08,0.08,130.4,Transferência,570.16,45.61,524.55,260.8,263.75,0.502809
2025-01-26,PED-2025-00394,Aurora Logística 202,SC,Florianópolis,Bruno Costa,Filtro de Linha Premium,Energia,4,119.23,0.1,52.16,Cartão de crédito,476.92,47.69,429.23,208.64,220.59,0.513918
2025-01-26,PED-2025-00394,Aurora Logística 202,SC,Florianópolis,Bruno Costa,Roteador Empresarial,Conectividade,3,731.39,0.15,381.91,Cartão de crédito,2194.17,329.13,1865.04,1145.73,719.31,0.385682
2025-01-26,PED-2025-00527,Aurora Logística 122,RJ,Petrópolis,Gustavo Ribeiro,Webcam Full HD,Acessórios,3,289.27,0.12,135.31,Boleto,867.81,104.14,763.67,405.93,357.74,0.46845
2025-01-27,PED-2025-00605,Nova Comercial 137,MG,Uberlândia,Diego Lima,Headset Corporativo,Acessórios,2,340.74,0.15,155.67,Cartão de crédito,681.48,102.22,579.26,311.34,267.92,0.462519
2025-01-27,PED-2025-00605,Nova Comercial 137,MG,Uberlândia,Diego Lima,Impressora Multifuncional,Impressão,3,1660.0,0.0,987.99,Cartão de crédito,4980.0,0.0,4980.0,2963.97,2016.03,0.404825
2025-01-27,PED-2025-00605,Nova Comercial 137,MG,Uberlândia,Diego Lima,Mouse Sem Fio,Acessórios,3,154.51,0.08,66.21,Cartão de crédito,463.53,37.08,426.45,198.63,227.82,0.534222
2025-01-27,PED-2025-00746,Central Tecnologia 123,PR,Curitiba,Juliana Mendes,Headset Corporativo,Acessórios,2,327.54,0.12,157.89,Transferência,655.08,78.61,576.47,315.78,260.69,0.452218
2025-01-27,PED-2025-00801,Conecta Logística 194,SP,Santos,Diego Lima,Notebook Essencial 14,Informática,2,2925.32,0.05,1997.15,Pix,5850.64,292.53,5558.11,3994.3,1563.81,0.281356
2025-01-27,PED-2025-00843,Integra Varejo 206,RJ,Petrópolis,Lucas Barros,Toner Preto,Impressão,3,338.97,0.12,151.32,Cartão de crédito,1016.91,122.03,894.88,453.96,440.92,0.492715
2025-01-28,PED-2025-01119,Alfa Tecnologia 091,SP,São Paulo,Camila Rocha,Cadeira Ergonômica,Móveis,1,1446.56,0.0,750.1,Cartão de crédito,1446.56,0.0,1446.56,750.1,696.46,0.481459
2025-01-28,PED-2025-01119,Alfa Tecnologia 091,SP,São Paulo,Camila Rocha,Mouse Sem Fio,Acessórios,1,154.61,0.12,70.18,Cartão de crédito,154.61,18.55,136.06,70.18,65.88,0.484186
2025-01-29,PED-2025-00140,Central Comercial 113,BA,Feira de Santana,Camila Rocha,Cadeira Ergonômica,Móveis,7,1397.46,0.0,769.74,Boleto,9782.22,0.0,9782.22,5388.18,4394.04,0.449186
2025-01-29,PED-2025-00140,Central Comercial 113,BA,Feira de Santana,Camila Rocha,Monitor Ultrawide 29,Informática,3,1874.85,0.0,1166.17,Boleto,5624.55,0.0,5624.55,3498.51,2126.04,0.377993
2025-01-29,PED-2025-00140,Central Comercial 113,BA,Feira de Santana,Camila Rocha,Notebook Essencial 14,Informática,1,2847.09,0.1,2014.53,Boleto,2847.09,284.71,2562.38,2014.53,547.85,0.213805
2025-01-29,PED-2025-00259,Alfa Serviços 061,SP,Campinas,Ana Martins,Filtro de Linha Premium,Energia,4,119.72,0.0,51.92,Pix,478.88,0.0,478.88,207.68,271.2,0.566321
2025-01-29,PED-2025-00259,Alfa Serviços 061,SP,Campinas,Ana Martins,Impressora Multifuncional,Impressão,4,1546.08,0.05,984.05,Pix,6184.32,309.22,5875.1,3936.2,1938.9,0.33002
2025-01-29,PED-2025-00501,Alfa Comercial 121,RS,Caxias do Sul,Juliana Mendes,Teclado Mecânico,Acessórios,2,400.21,0.1,198.31,Pix,800.42,80.04,720.38,396.62,323.76,0.449428
2025-01-30,PED-2025-00126,Nova Engenharia 127,MG,Uberlândia,Gustavo Ribeiro,Headset Corporativo,Acessórios,4,329.95,0.0,161.66,Boleto,1319.8,0.0,1319.8,646.64,673.16,0.510047
2025-01-30,PED-2025-00126,Nova Engenharia 127,MG,Uberlândia,Gustavo Ribeiro,Monitor Ultrawide 29,Informática,1,1769.37,0.0,1178.46,Boleto,1769.37,0.0,1769.37,1178.46,590.91,0.333966
2025-01-30,PED-2025-00434,Central Engenharia 103,MG,Juiz de Fora,Diego Lima,Webcam Full HD,Acessórios,1,286.69,0.12,136.41,Cartão de crédito,286.69,34.4,252.29,136.41,115.88,0.459307
2025-01-30,PED-2025-00851,Central Comercial 073,MG,Belo Horizonte,Diego Lima,Mesa Ajustável,Móveis,5,1886.9,0.0,1060.76,Pix,9434.5,0.0,9434.5,5303.8,4130.7,0.437829
2025-02-01,PED-2025-00031,Prime Tecnologia 179,SP,Ribeirão Preto,Gustavo Ribeiro,Kit Toner Colorido,Impressão,7,848.15,0.08,394.05,Pix,5937.05,474.96,5462.09,2758.35,2703.74,0.495001
2025-02-01,PED-2025-00793,Ponto Logística 218,SP,Santos,Ana Martins,Nobreak 1500VA,Energia,1,1247.72,0.0,680.64,Boleto,1247.72,0.0,1247.72,680.64,567.08,0.454493
2025-02-01,PED-2025-00793,Ponto Logística 218,SP,Santos,Ana Martins,Teclado Mecânico,Acessórios,1,375.95,0.0,192.34,Boleto,375.95,0.0,375.95,192.34,183.61,0.488389
2025-02-01,PED-2025-00833,Aurora Soluções 112,SP,São Paulo,Gustavo Ribeiro,Nobreak 1500VA,Energia,1,1157.19,0.1,675.8,Pix,1157.19,115.72,1041.47,675.8,365.67,0.35111
2025-02-01,PED-2025-00881,Nova Comercial 177,BA,Vitória da Conquista,Ana Martins,Cadeira Ergonômica,Móveis,1,1344.18,0.1,779.68,Pix,1344.18,134.42,1209.76,779.68,430.08,0.35551
2025-02-01,PED-2025-00881,Nova Comercial 177,BA,Vitória da Conquista,Ana Martins,Monitor Ultrawide 29,Informática,2,1865.22,0.0,1176.17,Pix,3730.44,0.0,3730.44,2352.34,1378.1,0.36942
2025-02-01,PED-2025-01112,Integra Logística 146,MG,Belo Horizonte,Camila Rocha,Roteador Empresarial,Conectividade,3,740.47,0.0,367.75,Transferência,2221.41,0.0,2221.41,1103.25,1118.16,0.503356
2025-02-01,PED-2025-01112,Integra Logística 146,MG,Belo Horizonte,Camila Rocha,Webcam Full HD,Acessórios,1,291.95,0.0,130.93,Transferência,291.95,0.0,291.95,130.93,161.02,0.551533
2025-02-02,PED-2025-00001,Integra Soluções 096,MG,Juiz de Fora,Juliana Mendes,Filtro de Linha Premium,Energia,3,116.49,0.05,50.79,Cartão de crédito,349.47,17.47,332.0,152.37,179.63,0.541049
2025-02-02,PED-2025-00424,Prime Serviços 029,SC,Blumenau,Camila Rocha,Access Point Wi-Fi 6,Conectividade,4,857.94,0.05,490.03,Cartão de crédito,3431.76,171.59,3260.17,1960.12,1300.05,0.398768
2025-02-02,PED-2025-00424,Prime Serviços 029,SC,Blumenau,Camila Rocha,Monitor Ultrawide 29,Informática,2,1877.85,0.05,1165.66,Cartão de crédito,3755.7,187.78,3567.92,2331.32,1236.59,0.346588
2025-02-02,PED-2025-00464,Ponto Distribuidora 188,RJ,Petrópolis,Juliana Mendes,Headset Corporativo,Acessórios,1,322.41,0.08,155.36,Pix,322.41,25.79,296.62,155.36,141.26,0.476227
2025-02-03,PED-2025-00014,Vértice Logística 050,PE,Caruaru,Lucas Barros,Roteador Empresarial,Conectividade,2,725.41,0.1,363.72,Cartão de crédito,1450.82,145.08,1305.74,727.44,578.3,0.44289
2025-02-03,PED-2025-00435,Alfa Tecnologia 091,MG,Juiz de Fora,Camila Rocha,Cadeira Ergonômica,Móveis,1,1393.45,0.03,781.36,Cartão de crédito,1393.45,41.8,1351.65,781.36,570.29,0.42192
2025-02-03,PED-2025-00435,Alfa Tecnologia 091,MG,Juiz de Fora,Camila Rocha,Kit Toner Colorido,Impressão,2,904.22,0.05,400.61,Cartão de crédito,1808.44,90.42,1718.02,801.22,916.8,0.533637
2025-02-03,PED-2025-00435,Alfa Tecnologia 091,MG,Juiz de Fora,Camila Rocha,Toner Preto,Impressão,2,341.58,0.03,146.04,Cartão de crédito,683.16,20.49,662.67,292.08,370.59,0.559234
2025-02-03,PED-2025-00785,Conecta Soluções 064,SP,Ribeirão Preto,Fernanda Alves,Cadeira Ergonômica,Móveis,4,1372.08,0.0,799.64,Cartão de débito,5488.32,0.0,5488.32,3198.56,2289.76,0.417206
2025-02-03,PED-2025-00961,Prime Engenharia 119,BA,Salvador,Ana Martins,Cadeira Ergonômica,Móveis,2,1402.8,0.08,797.58,Cartão de crédito,2805.6,224.45,2581.15,1595.16,985.99,0.381997
2025-02-04,PED-2025-00199,Integra Soluções 216,SP,Ribeirão Preto,Fernanda Alves,Filtro de Linha Premium,Energia,5,122.1,0.15,49.68,Cartão de crédito,610.5,91.58,518.92,248.4,270.52,0.521318
2025-02-04,PED-2025-00199,Integra Soluções 216,SP,Ribeirão Preto,Fernanda Alves,Mouse Sem Fio,Acessórios,4,153.41,0.0,68.5,Cartão de crédito,613.64,0.0,613.64,274.0,339.64,0.553484
2025-02-04,PED-2025-00199,Integra Soluções 216,SP,Ribeirão Preto,Fernanda Alves,Notebook Essencial 14,Informática,1,2874.27,0.12,1980.5,Cartão de crédito,2874.27,344.91,2529.36,1980.5,548.86,0.216995
2025-02-04,PED-2025-00486,Nova Serviços 037,SP,São Paulo,Lucas Barros,Filtro de Linha Premium,Energia,2,123.04,0.08,50.75,Boleto,246.08,19.69,226.39,101.5,124.89,0.551666
2025-02-04,PED-2025-00486,Nova Serviços 037,SP,São Paulo,Lucas Barros,Switch 24 Portas,Conectividade,1,1095.04,0.05,592.63,Boleto,1095.04,54.75,1040.29,592.63,447.66,0.430321
2025-02-05,PED-2025-00162,Central Tecnologia 203,SC,Blumenau,Gustavo Ribeiro,Headset Corporativo,Acessórios,2,326.41,0.03,156.03,Pix,652.82,19.58,633.24,312.06,321.18,0.507197
2025-02-05,PED-2025-00723,Integra Logística 106,PE,Caruaru,Camila Rocha,Notebook Essencial 14,Informática,4,2803.31,0.0,2044.93,Cartão de débito,11213.24,0.0,11213.24,8179.72,3033.52,0.27053
2025-02-05,PED-2025-00987,Horizonte Engenharia 215,BA,Salvador,Lucas Barros,Mesa Ajustável,Móveis,2,1790.48,0.0,1030.2,Transferência,3580.96,0.0,3580.96,2060.4,1520.56,0.424624
2025-02-05,PED-2025-01007,Conecta Varejo 094,PE,Caruaru,Juliana Mendes,Filtro de Linha Premium,Energia,2,118.64,0.05,49.65,Cartão de débito,237.28,11.86,225.42,99.3,126.12,0.559481
2025-02-06,PED-2025-00064,Horizonte Comercial 065,SP,São Paulo,Camila Rocha,Filtro de Linha Premium,Energia,5,116.15,0.1,51.67,Cartão de débito,580.75,58.08,522.67,258.35,264.32,0.505716
2025-02-06,PED-2025-00064,Horizonte Comercial 065,SP,São Paulo,Camila Rocha,Monitor Ultrawide 29,Informática,1,1766.09,0.03,1158.07,Cartão de débito,1766.09,52.98,1713.11,1158.07,555.04,0.323994
2025-02-06,PED-2025-00064,Horizonte Comercial 065,SP,São Paulo,Camila Rocha,Notebook Essencial 14,Informática,1,2840.27,0.0,2079.86,Cartão de débito,2840.27,0.0,2840.27,2079.86,760.41,0.267725
2025-02-06,PED-2025-00867,Integra Distribuidora 076,BA,Vitória da Conquista,Juliana Mendes,Filtro de Linha Premium,Energia,2,118.62,0.08,49.95,Boleto,237.24,18.98,218.26,99.9,118.36,0.542291
2025-02-06,PED-2025-00867,Integra Distribuidora 076,BA,Vitória da Conquista,Juliana Mendes,Gaveteiro Executivo,Móveis,1,688.98,0.08,365.75,Boleto,688.98,55.12,633.86,365.75,268.11,0.422981
2025-02-06,PED-2025-00867,Cliente não informado,BA,Vitória da Conquista,Juliana Mendes,Monitor Ultrawide 29,Informática,3,1766.37,0.05,1158.12,Boleto,5299.11,264.96,5034.15,3474.36,1559.79,0.309842
2025-02-06,PED-2025-00920,Alfa Serviços 101,PR,Curitiba,Bruno Costa,Filtro de Linha Premium,Energia,4,116.15,0.1,52.98,Transferência,464.6,46.46,418.14,211.92,206.22,0.493184
2025-02-07,PED-2025-00236,Horizonte Serviços 005,RJ,Petrópolis,Gustavo Ribeiro,Switch 24 Portas,Conectividade,1,1075.3,0.0,634.01,Cartão de crédito,1075.3,0.0,1075.3,634.01,441.29,0.410388
2025-02-07,PED-2025-00336,Horizonte Comercial 145,RJ,Niterói,Bruno Costa,Cadeira Ergonômica,Móveis,1,1424.05,0.0,787.74,Pix,1424.05,0.0,1424.05,787.74,636.31,0.446831
2025-02-07,PED-2025-00336,Horizonte Comercial 145,RJ,Niterói,Bruno Costa,Headset Corporativo,Acessórios,2,324.15,0.08,154.96,Pix,648.3,51.86,596.44,309.92,286.52,0.48038
2025-02-07,PED-2025-00479,Aurora Logística 082,SP,Santos,Lucas Barros,Access Point Wi-Fi 6,Conectividade,2,886.97,0.0,464.07,Pix,1773.94,0.0,1773.94,928.14,845.8,0.476792
2025-02-07,PED-2025-00839,Central Tecnologia 203,SP,Ribeirão Preto,Camila Rocha,Mouse Sem Fio,Acessórios,3,146.78,0.05,67.08,Pix,440.34,22.02,418.32,201.24,217.08,0.518936
2025-02-07,PED-2025-00852,Horizonte Comercial 145,SP,Santos,Gustavo Ribeiro,Cadeira Ergonômica,Móveis,1,1403.51,0.0,776.31,Pix,1403.51,0.0,1403.51,776.31,627.2,0.44688
2025-02-07,PED-2025-00852,Horizonte Comercial 145,SP,Santos,Gustavo Ribeiro,Headset Corporativo,Acessórios,2,325.33,0.05,162.71,Pix,650.66,32.53,618.13,325.42,292.71,0.473539
2025-02-07,PED-2025-00948,Vértice Logística 130,SC,Florianópolis,Fernanda Alves,Cadeira Ergonômica,Móveis,2,1375.31,0.08,795.03,Cartão de crédito,2750.62,220.05,2530.57,1590.06,940.51,0.371659
2025-02-07,PED-2025-00948,Vértice Logística 130,SC,Florianópolis,Fernanda Alves,Roteador Empresarial,Conectividade,2,766.65,0.0,358.46,Cartão de crédito,1533.3,0.0,1533.3,716.92,816.38,0.532433
2025-02-08,PED-2025-00172,Alfa Serviços 181,SP,Santos,Gustavo Ribeiro,Filtro de Linha Premium,Energia,1,125.25,0.12,51.37,Pix,125.25,15.03,110.22,51.37,58.85,0.533932
2025-02-08,PED-2025-00184,Alfa Engenharia 111,PR,Curitiba,Ana Martins,Headset Corporativo,Acessórios,6,334.0,0.0,161.44,Cartão de débito,2004.0,0.0,2004.0,968.64,1035.36,0.516647
2025-02-08,PED-2025-00184,Alfa Engenharia 111,PR,Curitiba,Ana Martins,Switch 24 Portas,Conectividade,6,1100.92,0.05,632.21,Cartão de débito,6605.52,330.28,6275.24,3793.26,2481.98,0.39552
2025-02-08,PED-2025-00248,Ponto Varejo 078,RS,Porto Alegre,Bruno Costa,Mouse Sem Fio,Acessórios,2,146.77,0.12,70.2,Pix,293.54,35.22,258.32,140.4,117.92,0.456478
2025-02-08,PED-2025-00248,Ponto Varejo 078,RS,Porto Alegre,Bruno Costa,Teclado Mecânico,Acessórios,3,385.45,0.0,188.37,Pix,1156.35,0.0,1156.35,565.11,591.24,0.511298
2025-02-08,PED-2025-00347,Integra Logística 186,SC,Joinville,Bruno Costa,Notebook Essencial 14,Informática,2,2978.3,0.05,2091.94,Cartão de crédito,5956.6,297.83,5658.77,4183.88,1474.89,0.260638
2025-02-08,PED-2025-00737,Prime Engenharia 079,DF,Brasília,Camila Rocha,Notebook Essencial 14,Informática,3,2879.22,0.05,1994.09,Cartão de crédito,8637.66,431.88,8205.78,5982.27,2223.51,0.270968
2025-02-09,PED-2025-00167,Vértice Soluções 160,PE,Caruaru,Ana Martins,Access Point Wi-Fi 6,Conectividade,1,889.41,0.1,497.04,Cartão de crédito,889.41,88.94,800.47,497.04,303.43,0.379064
2025-02-09,PED-2025-00167,Vértice Soluções 160,PE,Caruaru,Ana Martins,Roteador Empresarial,Conectividade,4,740.78,0.08,381.61,Cartão de crédito,2963.12,237.05,2726.07,1526.44,1199.63,0.440058
2025-02-09,PED-2025-00361,Nova Comercial 177,SP,São Paulo,Diego Lima,Mouse Sem Fio,Acessórios,2,155.64,0.12,68.29,Cartão de débito,311.28,37.35,273.93,136.58,137.35,0.501399
2025-02-09,PED-2025-00361,Nova Comercial 177,SP,São Paulo,Diego Lima,Webcam Full HD,Acessórios,3,272.61,0.12,131.44,Cartão de débito,817.83,98.14,719.69,394.32,325.37,0.452098
2025-02-09,PED-2025-00646,Alfa Comercial 001,MG,Belo Horizonte,Gustavo Ribeiro,Filtro de Linha Premium,Energia,1,116.06,0.15,52.88,Transferência,116.06,17.41,98.65,52.88,45.77,0.463969
2025-02-09,PED-2025-00886,Alfa Comercial 001,SP,Santos,Não informado,Filtro de Linha Premium,Energia,2,121.7,0.15,49.73,Transferência,243.4,36.51,206.89,99.46,107.43,0.519261
2025-02-09,PED-2025-00886,Alfa Comercial 001,SP,Santos,Não informado,Notebook Essencial 14,Informática,5,2802.46,0.1,2095.35,Transferência,14012.3,1401.23,12611.07,10476.75,2134.32,0.169242
2025-02-11,PED-2025-00622,Nova Engenharia 127,MG,Uberlândia,Juliana Mendes,Notebook Essencial 14,Informática,3,2970.42,0.15,2064.89,Pix,8911.26,1336.69,7574.57,6194.67,1379.9,0.182175
2025-02-11,PED-2025-00758,Ponto Soluções 128,SP,Ribeirão Preto,Fernanda Alves,Mouse Sem Fio,Acessórios,7,150.3,0.0,67.05,Cartão de crédito,1052.1,0.0,1052.1,469.35,582.75,0.553892
2025-02-11,PED-2025-00758,Ponto Soluções 128,SP,Ribeirão Preto,Fernanda Alves,Webcam Full HD,Acessórios,8,282.02,0.05,135.25,Cartão de crédito,2256.16,112.81,2143.35,1082.0,1061.35,0.495183
2025-02-12,PED-2025-00077,Integra Varejo 006,DF,Brasília,Lucas Barros,Kit Toner Colorido,Impressão,5,880.33,0.05,394.31,Cartão de crédito,4401.65,220.08,4181.57,1971.55,2210.02,0.528514
2025-02-12,PED-2025-00226,Nova Serviços 117,GO,Aparecida de Goiânia,Fernanda Alves,Notebook Essencial 14,Informática,1,2796.65,0.03,1961.16,Cartão de crédito,2796.65,83.9,2712.75,1961.16,751.59,0.277058
2025-02-12,PED-2025-00911,Vértice Distribuidora 100,MG,Uberlândia,Bruno Costa,Mouse Sem Fio,Acessórios,6,149.78,0.03,69.2,Transferência,898.68,26.96,871.72,415.2,456.52,0.5237
2025-02-12,PED-2025-01068,Conecta Distribuidora 004,PE,Olinda,Bruno Costa,Mouse Sem Fio,Acessórios,3,146.2,0.08,69.95,Cartão de crédito,438.6,35.09,403.51,209.85,193.66,0.479941
2025-02-12,PED-2025-01068,Conecta Distribuidora 004,PE,Olinda,Bruno Costa,Teclado Mecânico,Acessórios,1,408.11,0.0,192.88,Cartão de crédito,408.11,0.0,408.11,192.88,215.23,0.527382
2025-02-12,PED-2025-01068,Conecta Distribuidora 004,PE,Olinda,Bruno Costa,Toner Preto,Impressão,4,338.28,0.08,142.41,Cartão de crédito,1353.12,108.25,1244.87,569.64,675.23,0.54241
2025-02-13,PED-2025-00114,Vértice Varejo 150,RS,Porto Alegre,Camila Rocha,Filtro de Linha Premium,Energia,3,118.9,0.08,51.16,Pix,356.7,28.54,328.16,153.48,174.68,0.532307
2025-02-13,PED-2025-00114,Vértice Varejo 150,RS,Porto Alegre,Camila Rocha,Kit Toner Colorido,Impressão,5,876.46,0.12,400.9,Pix,4382.3,525.88,3856.42,2004.5,1851.92,0.480218
2025-02-13,PED-2025-00151,Ponto Varejo 198,SP,Santos,Juliana Mendes,Notebook Pro 15,Informática,2,4982.87,0.0,3544.79,Cartão de crédito,9965.74,0.0,9965.74,7089.58,2876.16,0.288605
2025-02-13,PED-2025-00587,Integra Distribuidora 076,DF,Brasília,Lucas Barros,Toner Preto,Impressão,1,337.42,0.1,148.49,Pix,337.42,33.74,303.68,148.49,155.19,0.511028
2025-02-13,PED-2025-00587,Integra Distribuidora 076,DF,Brasília,Lucas Barros,Webcam Full HD,Acessórios,1,270.39,0.03,137.15,Pix,270.39,8.11,262.28,137.15,125.13,0.477082
2025-02-13,PED-2025-00672,Aurora Distribuidora 172,MG,Uberlândia,Diego Lima,Headset Corporativo,Acessórios,1,319.99,0.08,162.56,Pix,319.99,25.6,294.39,162.56,131.83,0.447809
2025-02-13,PED-2025-00672,Aurora Distribuidora 172,MG,Uberlândia,Diego Lima,Notebook Pro 15,Informática,2,5012.49,0.0,3553.07,Pix,10024.98,0.0,10024.98,7106.14,2918.84,0.291157
2025-02-13,PED-2025-00672,Aurora Distribuidora 172,MG,Uberlândia,Diego Lima,Toner Preto,Impressão,1,324.16,0.0,151.7,Pix,324.16,0.0,324.16,151.7,172.46,0.532021
2025-02-13,PED-2025-01006,Central Tecnologia 003,PE,Olinda,Bruno Costa,Filtro de Linha Premium,Energia,1,121.4,0.05,52.72,Boleto,121.4,6.07,115.33,52.72,62.61,0.542877
2025-02-13,PED-2025-01006,Central Tecnologia 003,PE,Olinda,Bruno Costa,Mesa Ajustável,Móveis,7,1917.23,0.0,1040.89,Boleto,13420.61,0.0,13420.61,7286.23,6134.38,0.457087
2025-02-14,PED-2025-00028,Ponto Soluções 008,PR,Curitiba,Gustavo Ribeiro,Switch 24 Portas,Conectividade,1,1119.79,0.03,630.92,Pix,1119.79,33.59,1086.2,630.92,455.28,0.419147
2025-02-14,PED-2025-00300,Horizonte Engenharia 055,MG,Juiz de Fora,Gustavo Ribeiro,Mouse Sem Fio,Acessórios,2,154.4,0.1,69.51,Boleto,308.8,30.88,277.92,139.02,138.9,0.499784
2025-02-14,PED-2025-01040,Conecta Varejo 014,RS,Porto Alegre,Juliana Mendes,Impressora Multifuncional,Impressão,1,1571.48,0.0,986.84,Pix,1571.48,0.0,1571.48,986.84,584.64,0.372031
2025-02-14,PED-2025-01040,Conecta Varejo 014,RS,Porto Alegre,Juliana Mendes,Teclado Mecânico,Acessórios,4,403.88,0.08,186.29,Pix,1615.52,129.24,1486.28,745.16,741.12,0.49864
2025-02-15,PED-2025-00068,Aurora Logística 202,SP,São Paulo,Ana Martins,Webcam Full HD,Acessórios,2,293.61,0.1,134.89,Cartão de crédito,587.22,58.72,528.5,269.78,258.72,0.489534
2025-02-15,PED-2025-00134,Aurora Varejo 142,SC,Florianópolis,Lucas Barros,Toner Preto,Impressão,1,329.91,0.1,144.53,Pix,329.91,32.99,296.92,144.53,152.39,0.513234
2025-02-15,PED-2025-00166,Ponto Distribuidora 108,MG,Juiz de Fora,Camila Rocha,Notebook Essencial 14,Informática,4,2825.89,0.1,1973.11,Pix,11303.56,1130.36,10173.2,7892.44,2280.76,0.224193
2025-02-15,PED-2025-00465,Ponto Distribuidora 028,DF,Brasília,Camila Rocha,Notebook Pro 15,Informática,6,4700.99,0.1,3465.82,Transferência,28205.94,2820.59,25385.35,20794.92,4590.43,0.18083
2025-02-15,PED-2025-01053,Horizonte Tecnologia 035,RJ,Petrópolis,Lucas Barros,Filtro de Linha Premium,Energia,2,125.12,0.08,49.86,Transferência,250.24,20.02,230.22,99.72,130.5,0.566851
2025-02-16,PED-2025-00007,Vértice Distribuidora 220,RS,Caxias do Sul,Gustavo Ribeiro,Mouse Sem Fio,Acessórios,2,150.14,0.0,68.34,Boleto,300.28,0.0,300.28,136.68,163.6,0.544825
2025-02-16,PED-2025-00007,Vértice Distribuidora 220,RS,Caxias do Sul,Gustavo Ribeiro,Notebook Pro 15,Informática,3,4890.75,0.05,3389.58,Boleto,14672.25,733.61,13938.64,10168.74,3769.9,0.270464
2025-02-16,PED-2025-00293,Prime Comercial 009,SP,Santos,Lucas Barros,Filtro de Linha Premium,Energia,3,121.46,0.05,51.93,Pix,364.38,18.22,346.16,155.79,190.37,0.549949
2025-02-16,PED-2025-00293,Prime Comercial 009,SP,Santos,Lucas Barros,Impressora Multifuncional,Impressão,1,1669.12,0.03,980.56,Pix,1669.12,50.07,1619.05,980.56,638.49,0.39436
2025-02-16,PED-2025-00293,Prime Comercial 009,SP,Santos,Lucas Barros,Mouse Sem Fio,Acessórios,4,144.91,0.08,69.81,Pix,579.64,46.37,533.27,279.24,254.03,0.476362
2025-02-16,PED-2025-00376,Conecta Logística 194,GO,Aparecida de Goiânia,Juliana Mendes,Teclado Mecânico,Acessórios,8,404.5,0.0,199.2,Boleto,3236.0,0.0,3236.0,1593.6,1642.4,0.50754
2025-02-16,PED-2025-00376,Conecta Logística 194,GO,Aparecida de Goiânia,Juliana Mendes,Toner Preto,Impressão,4,323.39,0.0,146.8,Boleto,1293.56,0.0,1293.56,587.2,706.36,0.546059
2025-02-16,PED-2025-00502,Alfa Engenharia 071,RJ,Niterói,Fernanda Alves,Teclado Mecânico,Acessórios,4,393.33,0.0,199.13,Cartão de crédito,1573.32,0.0,1573.32,796.52,776.8,0.493733
2025-02-16,PED-2025-00806,Vértice Soluções 120,PR,Curitiba,Juliana Mendes,Headset Corporativo,Acessórios,2,344.97,0.0,157.94,Pix,689.94,0.0,689.94,315.88,374.06,0.542163
2025-02-16,PED-2025-00914,Integra Soluções 176,SP,São Paulo,Lucas Barros,Cadeira Ergonômica,Móveis,5,1419.17,0.0,758.15,Cartão de crédito,7095.85,0.0,7095.85,3790.75,3305.1,0.465779
2025-02-16,PED-2025-00998,Aurora Distribuidora 172,SP,Ribeirão Preto,Camila Rocha,Mesa Ajustável,Móveis,2,1833.36,0.05,1059.02,Pix,3666.72,183.34,3483.38,2118.04,1365.34,0.391959
2025-02-16,PED-2025-00998,Aurora Distribuidora 172,SP,Ribeirão Preto,Camila Rocha,Webcam Full HD,Acessórios,4,283.53,0.0,129.88,Pix,1134.12,0.0,1134.12,519.52,614.6,0.541918
2025-02-16,PED-2025-01080,Nova Comercial 017,SP,São Paulo,Ana Martins,Teclado Mecânico,Acessórios,1,403.15,0.0,193.87,Cartão de crédito,403.15,0.0,403.15,193.87,209.28,0.519112
2025-02-16,PED-2025-01115,Vértice Logística 010,MG,Uberlândia,Camila Rocha,Roteador Empresarial,Conectividade,4,770.26,0.08,381.41,Boleto,3081.04,246.48,2834.56,1525.64,1308.92,0.461771
2025-02-17,PED-2025-00681,Alfa Comercial 121,BA,Feira de Santana,Gustavo Ribeiro,Cadeira Ergonômica,Móveis,3,1353.16,0.08,793.72,Cartão de débito,4059.48,324.76,3734.72,2381.16,1353.56,0.362426
2025-02-17,PED-2025-00684,Ponto Logística 098,MG,Uberlândia,Camila Rocha,Notebook Essencial 14,Informática,2,2852.96,0.0,2093.75,Pix,5705.92,0.0,5705.92,4187.5,1518.42,0.266113
2025-02-17,PED-2025-00891,Ponto Varejo 158,RJ,Rio de Janeiro,Bruno Costa,Headset Corporativo,Acessórios,2,319.6,0.0,153.97,Cartão de crédito,639.2,0.0,639.2,307.94,331.26,0.518242
2025-02-17,PED-2025-00891,Ponto Varejo 158,RJ,Rio de Janeiro,Bruno Costa,Switch 24 Portas,Conectividade,4,1130.0,0.12,614.67,Cartão de crédito,4520.0,542.4,3977.6,2458.68,1518.92,0.381868
2025-02-18,PED-2025-00313,Ponto Soluções 048,MG,Juiz de Fora,Bruno Costa,Impressora Multifuncional,Impressão,2,1619.66,0.08,1002.45,Boleto,3239.32,259.15,2980.17,2004.9,975.27,0.327254
2025-02-18,PED-2025-00712,Aurora Varejo 182,SP,Santos,Camila Rocha,Headset Corporativo,Acessórios,5,332.1,0.15,163.49,Cartão de crédito,1660.5,249.08,1411.42,817.45,593.97,0.420834
2025-02-19,PED-2025-00153,Ponto Logística 058,SP,Santos,Camila Rocha,Mesa Ajustável,Móveis,2,1873.82,0.15,1046.8,Boleto,3747.64,562.15,3185.49,2093.6,1091.89,0.342771
2025-02-20,PED-2025-00360,Alfa Comercial 041,PR,Maringá,Diego Lima,Monitor Ultrawide 29,Informática,4,1792.63,0.08,1166.56,Boleto,7170.52,573.64,6596.88,4666.24,1930.64,0.292659
2025-02-20,PED-2025-00360,Alfa Comercial 041,PR,Maringá,Diego Lima,Teclado Mecânico,Acessórios,2,403.14,0.05,187.08,Boleto,806.28,40.31,765.97,374.16,391.81,0.511519
2025-02-20,PED-2025-00468,Nova Serviços 117,RJ,Niterói,Camila Rocha,Toner Preto,Impressão,5,332.64,0.05,145.2,Cartão de crédito,1663.2,83.16,1580.04,726.0,854.04,0.540518
2025-02-20,PED-2025-00717,Integra Soluções 016,MG,Belo Horizonte,Camila Rocha,Nobreak 1500VA,Energia,5,1182.39,0.12,699.59,Cartão de crédito,5911.95,709.43,5202.52,3497.95,1704.57,0.327643
2025-02-20,PED-2025-00717,Integra Soluções 016,MG,Belo Horizonte,Camila Rocha,Switch 24 Portas,Conectividade,3,1094.8,0.12,597.76,Cartão de crédito,3284.4,394.13,2890.27,1793.28,1096.99,0.379546
2025-02-21,PED-2025-00369,Ponto Soluções 048,RS,Porto Alegre,Fernanda Alves,Mouse Sem Fio,Acessórios,3,149.13,0.15,68.17,Pix,447.39,67.11,380.28,204.51,175.77,0.462214
2025-02-21,PED-2025-00369,Ponto Soluções 048,RS,Porto Alegre,Fernanda Alves,Roteador Empresarial,Conectividade,1,724.84,0.0,368.69,Pix,724.84,0.0,724.84,368.69,356.15,0.49135
2025-02-21,PED-2025-01091,Aurora Varejo 062,RS,Pelotas,Gustavo Ribeiro,Filtro de Linha Premium,Energia,3,118.14,0.0,49.61,Boleto,354.42,0.0,354.42,148.83,205.59,0.580074
2025-02-21,PED-2025-01091,Aurora Varejo 062,RS,Pelotas,Gustavo Ribeiro,Kit Toner Colorido,Impressão,4,904.52,0.05,407.23,Boleto,3618.08,180.9,3437.18,1628.92,1808.26,0.526088
2025-02-21,PED-2025-01091,Aurora Varejo 062,RS,Pelotas,Gustavo Ribeiro,Webcam Full HD,Acessórios,1,278.02,0.03,136.8,Boleto,278.02,8.34,269.68,136.8,132.88,0.492731
2025-02-22,PED-2025-00138,Nova Engenharia 167,MG,Belo Horizonte,Camila Rocha,Roteador Empresarial,Conectividade,3,759.58,0.1,364.3,Boleto,2278.74,227.87,2050.87,1092.9,957.97,0.467103
2025-02-22,PED-2025-00377,Ponto Logística 138,SP,Campinas,Camila Rocha,Webcam Full HD,Acessórios,5,271.25,0.05,132.37,Boleto,1356.25,67.81,1288.44,661.85,626.59,0.486316
2025-02-22,PED-2025-00396,Prime Engenharia 079,RJ,Petrópolis,Juliana Mendes,Nobreak 1500VA,Energia,2,1151.78,0.15,701.73,Boleto,2303.56,345.53,1958.03,1403.46,554.57,0.283227
2025-02-22,PED-2025-00396,Prime Engenharia 079,RJ,Petrópolis,Juliana Mendes,Switch 24 Portas,Conectividade,1,1097.72,0.0,621.92,Boleto,1097.72,0.0,1097.72,621.92,475.8,0.433444
2025-02-22,PED-2025-00716,Conecta Varejo 134,DF,Brasília,Gustavo Ribeiro,Switch 24 Portas,Conectividade,7,1156.07,0.05,601.43,Cartão de crédito,8092.49,404.62,7687.87,4210.01,3477.86,0.452382
2025-02-22,PED-2025-00888,Alfa Tecnologia 131,GO,Goiânia,Fernanda Alves,Roteador Empresarial,Conectividade,1,761.2,0.08,360.71,Boleto,761.2,60.9,700.3,360.71,339.59,0.484924
2025-02-23,PED-2025-00174,Aurora Soluções 152,PR,Londrina,Fernanda Alves,Headset Corporativo,Acessórios,2,321.84,0.03,156.51,Transferência,643.68,19.31,624.37,313.02,311.35,0.498662
2025-02-23,PED-2025-00174,Aurora Soluções 152,PR,Londrina,Fernanda Alves,Roteador Empresarial,Conectividade,2,753.23,0.05,365.71,Transferência,1506.46,75.32,1431.14,731.42,699.72,0.488924
2025-02-23,PED-2025-00484,Vértice Distribuidora 220,SP,Ribeirão Preto,Lucas Barros,Teclado Mecânico,Acessórios,2,389.12,0.03,195.34,Boleto,778.24,23.35,754.89,390.68,364.21,0.48247
2025-02-23,PED-2025-01048,Nova Engenharia 087,MG,Juiz de Fora,Ana Martins,Roteador Empresarial,Conectividade,2,781.68,0.1,362.6,Cartão de crédito,1563.36,156.34,1407.02,725.2,681.82,0.484586
2025-02-25,PED-2025-00291,Conecta Distribuidora 004,MG,Belo Horizonte,Juliana Mendes,Cadeira Ergonômica,Móveis,1,1454.39,0.12,762.16,Pix,1454.39,174.53,1279.86,762.16,517.7,0.404499
2025-02-26,PED-2025-00096,Vértice Soluções 120,MG,Uberlândia,Lucas Barros,Cadeira Ergonômica,Móveis,2,1383.38,0.0,751.07,Transferência,2766.76,0.0,2766.76,1502.14,1264.62,0.457076
2025-02-26,PED-2025-00096,Vértice Soluções 120,MG,Uberlândia,Lucas Barros,Webcam Full HD,Acessórios,3,292.15,0.08,128.37,Transferência,876.45,70.12,806.33,385.11,421.22,0.522394
2025-02-26,PED-2025-00201,Integra Varejo 046,PR,Londrina,Lucas Barros,Cadeira Ergonômica,Móveis,1,1335.8,0.15,758.89,Transferência,1335.8,200.37,1135.43,758.89,376.54,0.331628
2025-02-26,PED-2025-00201,Integra Varejo 046,PR,Londrina,Lucas Barros,Teclado Mecânico,Acessórios,1,384.26,0.05,190.6,Transferência,384.26,19.21,365.05,190.6,174.45,0.477875
2025-02-26,PED-2025-00471,Nova Serviços 077,PE,Caruaru,Ana Martins,Roteador Empresarial,Conectividade,4,741.54,0.0,363.67,Pix,2966.16,0.0,2966.16,1454.68,1511.48,0.509575
2025-02-26,PED-2025-00471,Nova Serviços 077,PE,Caruaru,Ana Martins,Switch 24 Portas,Conectividade,3,1173.46,0.0,622.58,Pix,3520.38,0.0,3520.38,1867.74,1652.64,0.469449
2025-02-26,PED-2025-00506,Conecta Soluções 144,SP,Campinas,Fernanda Alves,Filtro de Linha Premium,Energia,5,117.4,0.0,52.26,Cartão de crédito,587.0,0.0,587.0,261.3,325.7,0.554855
2025-02-26,PED-2025-00755,Integra Soluções 056,SP,Santos,Bruno Costa,Kit Toner Colorido,Impressão,9,857.95,0.0,397.46,Pix,7721.55,0.0,7721.55,3577.14,4144.41,0.536733
2025-02-26,PED-2025-00841,Alfa Tecnologia 171,RJ,Rio de Janeiro,Lucas Barros,Mouse Sem Fio,Acessórios,1,154.06,0.03,68.43,Cartão de crédito,154.06,4.62,149.44,68.43,81.01,0.542085
2025-02-26,PED-2025-01019,Conecta Distribuidora 204,SP,Santos,Camila Rocha,Notebook Essencial 14,Informática,3,2902.75,0.0,2003.61,Cartão de débito,8708.25,0.0,8708.25,6010.83,2697.42,0.309755
2025-02-27,PED-2025-00900,Central Comercial 113,SP,São Paulo,Juliana Mendes,Roteador Empresarial,Conectividade,3,779.23,0.0,372.93,Boleto,2337.69,0.0,2337.69,1118.79,1218.9,0.521412
2025-02-27,PED-2025-00907,Ponto Varejo 038,SP,Santos,Juliana Mendes,Headset Corporativo,Acessórios,1,335.54,0.0,158.92,Boleto,335.54,0.0,335.54,158.92,176.62,0.526375
2025-02-27,PED-2025-00907,Ponto Varejo 038,SP,Santos,Juliana Mendes,Mouse Sem Fio,Acessórios,3,156.53,0.12,66.94,Boleto,469.59,56.35,413.24,200.82,212.42,0.514034
2025-02-27,PED-2025-00907,Ponto Varejo 038,SP,Santos,Juliana Mendes,Webcam Full HD,Acessórios,1,290.48,0.0,132.21,Boleto,290.48,0.0,290.48,132.21,158.27,0.544857
2025-02-27,PED-2025-01038,Aurora Varejo 102,RS,Porto Alegre,Diego Lima,Kit Toner Colorido,Impressão,2,858.74,0.0,398.41,Cartão de crédito,1717.48,0.0,1717.48,796.82,920.66,0.536053
2025-03-01,PED-2025-00081,Conecta Varejo 014,BA,Salvador,Diego Lima,Toner Preto,Impressão,4,341.75,0.15,150.54,Transferência,1367.0,205.05,1161.95,602.16,559.79,0.481768
2025-03-01,PED-2025-00130,Alfa Engenharia 031,SP,Campinas,Juliana Mendes,Filtro de Linha Premium,Energia,2,125.38,0.0,52.19,Transferência,250.76,0.0,250.76,104.38,146.38,0.583745
2025-03-01,PED-2025-00489,Integra Distribuidora 156,PE,Recife,Juliana Mendes,Notebook Pro 15,Informática,7,4871.46,0.05,3327.1,Boleto,34100.22,1705.01,32395.21,23289.7,9105.51,0.281076
2025-03-01,PED-2025-00853,Nova Engenharia 167,MG,Uberlândia,Diego Lima,Headset Corporativo,Acessórios,4,335.37,0.05,163.62,Pix,1341.48,67.07,1274.41,654.48,619.93,0.486443
2025-03-01,PED-2025-01126,Horizonte Tecnologia 035,PR,Maringá,Lucas Barros,Mouse Sem Fio,Acessórios,4,149.3,0.0,70.65,Transferência,597.2,0.0,597.2,282.6,314.6,0.526792
2025-03-02,PED-2025-00023,Horizonte Tecnologia 075,SP,Campinas,Camila Rocha,Headset Corporativo,Acessórios,1,344.88,0.12,158.58,Boleto,344.88,41.39,303.49,158.58,144.91,0.477486
2025-03-02,PED-2025-00790,Central Engenharia 183,MG,Juiz de Fora,Camila Rocha,Nobreak 1500VA,Energia,1,1232.54,0.0,667.45,Boleto,1232.54,0.0,1232.54,667.45,565.09,0.458476
2025-03-02,PED-2025-00976,Ponto Logística 018,PE,Olinda,Diego Lima,Toner Preto,Impressão,1,334.83,0.05,145.78,Cartão de crédito,334.83,16.74,318.09,145.78,172.31,0.5417
2025-03-03,PED-2025-00430,Horizonte Engenharia 015,MG,Belo Horizonte,Bruno Costa,Notebook Pro 15,Informática,1,4983.29,0.1,3331.6,Cartão de crédito,4983.29,498.33,4484.96,3331.6,1153.36,0.257162
2025-03-04,PED-2025-00358,Vértice Logística 090,GO,Goiânia,Fernanda Alves,Teclado Mecânico,Acessórios,5,393.99,0.0,187.62,Boleto,1969.95,0.0,1969.95,938.1,1031.85,0.523795
2025-03-04,PED-2025-00834,Nova Tecnologia 147,GO,Aparecida de Goiânia,Diego Lima,Filtro de Linha Premium,Energia,1,121.88,0.0,51.42,Cartão de crédito,121.88,0.0,121.88,51.42,70.46,0.57811
2025-03-05,PED-2025-00010,Integra Logística 066,SP,Santos,Lucas Barros,Impressora Multifuncional,Impressão,2,1595.42,0.1,985.55,Cartão de crédito,3190.84,319.08,2871.76,1971.1,900.66,0.313626
2025-03-05,PED-2025-00104,Integra Logística 106,SP,Campinas,Bruno Costa,Switch 24 Portas,Conectividade,1,1106.84,0.0,597.29,Cartão de crédito,1106.84,0.0,1106.84,597.29,509.55,0.460365
2025-03-05,PED-2025-00104,Integra Logística 106,SP,Campinas,Bruno Costa,Webcam Full HD,Acessórios,2,273.15,0.05,131.66,Cartão de crédito,546.3,27.32,518.98,263.32,255.66,0.492625
2025-03-05,PED-2025-00809,Ponto Varejo 198,DF,Brasília,Diego Lima,Webcam Full HD,Acessórios,9,273.36,0.08,129.35,Cartão de crédito,2460.24,196.82,2263.42,1164.15,1099.27,0.485668
2025-03-05,PED-2025-00829,Nova Comercial 057,SP,Santos,Fernanda Alves,Impressora Multifuncional,Impressão,2,1534.32,0.0,1040.82,Cartão de crédito,3068.64,0.0,3068.64,2081.64,987.0,0.321641
2025-03-05,PED-2025-00829,Nova Comercial 057,SP,Santos,Fernanda Alves,Roteador Empresarial,Conectividade,1,761.73,0.05,365.39,Cartão de crédito,761.73,38.09,723.64,365.39,358.25,0.495069
2025-03-06,PED-2025-00027,Vértice Soluções 080,GO,Anápolis,Juliana Mendes,Filtro de Linha Premium,Energia,5,116.38,0.1,51.74,Boleto,581.9,58.19,523.71,258.7,265.01,0.506024
2025-03-06,PED-2025-00330,Horizonte Tecnologia 195,BA,Salvador,Ana Martins,Monitor Ultrawide 29,Informática,2,1762.69,0.05,1157.26,Pix,3525.38,176.27,3349.11,2314.52,1034.59,0.308915
2025-03-06,PED-2025-00825,Vértice Logística 170,RJ,Petrópolis,Lucas Barros,Filtro de Linha Premium,Energia,4,122.72,0.0,52.49,Cartão de crédito,490.88,0.0,490.88,209.96,280.92,0.572278
2025-03-06,PED-2025-01107,Prime Tecnologia 139,GO,Goiânia,Gustavo Ribeiro,Cadeira Ergonômica,Móveis,1,1354.31,0.15,758.97,Pix,1354.31,203.15,1151.16,758.97,392.19,0.340693
2025-03-06,PED-2025-01107,Prime Tecnologia 139,GO,Goiânia,Gustavo Ribeiro,Switch 24 Portas,Conectividade,9,1121.88,0.05,593.54,Pix,10096.92,504.85,9592.07,5341.86,4250.21,0.443096
2025-03-06,PED-2025-01107,Prime Tecnologia 139,GO,Goiânia,Gustavo Ribeiro,Teclado Mecânico,Acessórios,3,384.31,0.0,194.96,Pix,1152.93,0.0,1152.93,584.88,568.05,0.492701
2025-03-07,PED-2025-00307,Prime Comercial 169,SP,São Paulo,Fernanda Alves,Filtro de Linha Premium,Energia,3,120.27,0.05,52.53,Cartão de crédito,360.81,18.04,342.77,157.59,185.18,0.540245
2025-03-07,PED-2025-00307,Prime Comercial 169,SP,São Paulo,Fernanda Alves,Notebook Essencial 14,Informática,3,2892.75,0.08,2024.5,Cartão de crédito,8678.25,694.26,7983.99,6073.5,1910.49,0.23929
2025-03-07,PED-2025-00698,Integra Soluções 096,SP,São Paulo,Diego Lima,Access Point Wi-Fi 6,Conectividade,2,871.87,0.0,471.55,Cartão de crédito,1743.74,0.0,1743.74,943.1,800.64,0.459151
2025-03-07,PED-2025-00698,Integra Soluções 096,SP,São Paulo,Diego Lima,Headset Corporativo,Acessórios,1,343.09,0.05,162.61,Cartão de crédito,343.09,17.15,325.94,162.61,163.33,0.501098
2025-03-07,PED-2025-00698,Integra Soluções 096,SP,São Paulo,Diego Lima,Kit Toner Colorido,Impressão,3,876.86,0.1,407.76,Cartão de crédito,2630.58,263.06,2367.52,1223.28,1144.24,0.483308
2025-03-07,PED-2025-00708,Ponto Soluções 088,SP,Ribeirão Preto,Juliana Mendes,Impressora Multifuncional,Impressão,2,1668.57,0.08,997.6,Cartão de crédito,3337.14,266.97,3070.17,1995.2,1074.97,0.350133
2025-03-07,PED-2025-00814,Aurora Soluções 032,RJ,Rio de Janeiro,Diego Lima,Switch 24 Portas,Conectividade,1,1110.85,0.0,634.01,Pix,1110.85,0.0,1110.85,634.01,476.84,0.429257
2025-03-07,PED-2025-01022,Ponto Varejo 158,PE,Recife,Ana Martins,Switch 24 Portas,Conectividade,2,1173.98,0.1,627.85,Boleto,2347.96,234.8,2113.16,1255.7,857.46,0.405773
2025-03-07,PED-2025-01022,Ponto Varejo 158,PE,Recife,Ana Martins,Webcam Full HD,Acessórios,5,283.38,0.12,128.91,Boleto,1416.9,170.03,1246.87,644.55,602.32,0.483066
2025-03-08,PED-2025-00002,Prime Comercial 089,PR,Maringá,Juliana Mendes,Gaveteiro Executivo,Móveis,1,701.63,0.1,363.11,Boleto,701.63,70.16,631.47,363.11,268.36,0.424974
2025-03-08,PED-2025-00389,Horizonte Serviços 165,SP,Ribeirão Preto,Gustavo Ribeiro,Monitor Ultrawide 29,Informática,1,1759.83,0.12,1178.56,Pix,1759.83,211.18,1548.65,1178.56,370.09,0.238976
2025-03-08,PED-2025-00421,Central Tecnologia 203,RJ,Petrópolis,Juliana Mendes,Headset Corporativo,Acessórios,3,330.1,0.0,153.3,Cartão de débito,990.3,0.0,990.3,459.9,530.4,0.535595
2025-03-08,PED-2025-00421,Central Tecnologia 203,RJ,Petrópolis,Juliana Mendes,Teclado Mecânico,Acessórios,1,394.02,0.03,193.91,Cartão de débito,394.02,11.82,382.2,193.91,188.29,0.492647
2025-03-08,PED-2025-00538,Vértice Varejo 190,GO,Goiânia,Camila Rocha,Filtro de Linha Premium,Energia,1,121.78,0.1,51.29,Boleto,121.78,12.18,109.6,51.29,58.31,0.532034
2025-03-08,PED-2025-00538,Vértice Varejo 190,GO,Goiânia,Camila Rocha,Toner Preto,Impressão,3,341.7,0.12,151.64,Boleto,1025.1,123.01,902.09,454.92,447.17,0.495703
2025-03-08,PED-2025-00731,Prime Tecnologia 059,RS,Porto Alegre,Gustavo Ribeiro,Mouse Sem Fio,Acessórios,1,152.66,0.08,68.47,Transferência,152.66,12.21,140.45,68.47,71.98,0.512486
2025-03-08,PED-2025-00753,Ponto Logística 178,SP,Santos,Lucas Barros,Nobreak 1500VA,Energia,6,1196.81,0.05,687.89,Cartão de débito,7180.86,359.04,6821.82,4127.34,2694.48,0.394979
2025-03-08,PED-2025-00753,Ponto Logística 178,SP,Santos,Lucas Barros,Notebook Pro 15,Informática,1,4726.01,0.08,3510.02,Cartão de débito,4726.01,378.08,4347.93,3510.02,837.91,0.192715
2025-03-08,PED-2025-00863,Nova Engenharia 127,RJ,Petrópolis,Bruno Costa,Switch 24 Portas,Conectividade,5,1153.07,0.05,614.59,Pix,5765.35,288.27,5477.08,3072.95,2404.13,0.438944
2025-03-09,PED-2025-00535,Prime Comercial 009,MG,Uberlândia,Camila Rocha,Mouse Sem Fio,Acessórios,3,152.17,0.0,66.57,Cartão de débito,456.51,0.0,456.51,199.71,256.8,0.562529
2025-03-10,PED-2025-00142,Nova Serviços 077,RJ,Niterói,Camila Rocha,Access Point Wi-Fi 6,Conectividade,4,926.5,0.03,464.96,Boleto,3706.0,111.18,3594.82,1859.84,1734.98,0.482633
2025-03-10,PED-2025-00220,Integra Soluções 216,BA,Salvador,Gustavo Ribeiro,Cadeira Ergonômica,Móveis,12,1346.9,0.0,754.04,Pix,16162.8,0.0,16162.8,9048.48,7114.32,0.440166
2025-03-10,PED-2025-00220,Integra Soluções 216,BA,Salvador,Gustavo Ribeiro,Webcam Full HD,Acessórios,4,277.65,0.03,136.34,Pix,1110.6,33.32,1077.28,545.36,531.92,0.493763
2025-03-10,PED-2025-00372,Aurora Logística 002,RS,Porto Alegre,Lucas Barros,Filtro de Linha Premium,Energia,4,117.31,0.12,50.03,Cartão de crédito,469.24,56.31,412.93,200.12,212.81,0.515367
2025-03-10,PED-2025-00372,Aurora Logística 002,RS,Porto Alegre,Lucas Barros,Impressora Multifuncional,Impressão,3,1643.56,0.1,1047.61,Cartão de crédito,4930.68,493.07,4437.61,3142.83,1294.78,0.291774
2025-03-10,PED-2025-00372,Aurora Logística 002,RS,Porto Alegre,Lucas Barros,Switch 24 Portas,Conectividade,7,1141.53,0.05,622.94,Cartão de crédito,7990.71,399.54,7591.17,4360.58,3230.59,0.425572
2025-03-10,PED-2025-00446,Central Tecnologia 003,SP,Campinas,Fernanda Alves,Filtro de Linha Premium,Energia,1,119.95,0.0,49.91,Pix,119.95,0.0,119.95,49.91,70.04,0.58391
2025-03-10,PED-2025-00460,Nova Engenharia 007,SP,São Paulo,Juliana Mendes,Notebook Essencial 14,Informática,1,2881.99,0.0,1965.62,Transferência,2881.99,0.0,2881.99,1965.62,916.37,0.317964
2025-03-11,PED-2025-00933,Ponto Distribuidora 028,MG,Juiz de Fora,Ana Martins,Filtro de Linha Premium,Energia,2,121.58,0.15,50.85,Pix,243.16,36.47,206.69,101.7,104.99,0.507949
2025-03-12,PED-2025-00356,Horizonte Serviços 005,PE,Recife,Gustavo Ribeiro,Impressora Multifuncional,Impressão,6,1652.38,0.15,1011.02,Transferência,9914.28,1487.14,8427.14,6066.12,2361.02,0.280168
2025-03-12,PED-2025-00356,Horizonte Serviços 005,PE,Recife,Gustavo Ribeiro,Toner Preto,Impressão,6,331.91,0.0,143.38,Transferência,1991.46,0.0,1991.46,860.28,1131.18,0.568015
2025-03-12,PED-2025-00375,Alfa Engenharia 151,SP,Ribeirão Preto,Ana Martins,Gaveteiro Executivo,Móveis,1,684.16,0.03,376.63,Pix,684.16,20.52,663.64,376.63,287.01,0.432474
2025-03-12,PED-2025-00871,Ponto Varejo 158,SP,Santos,Ana Martins,Mouse Sem Fio,Acessórios,1,151.05,0.0,67.28,Pix,151.05,0.0,151.05,67.28,83.77,0.554585
2025-03-13,PED-2025-00826,Nova Tecnologia 027,SC,Joinville,Ana Martins,Kit Toner Colorido,Impressão,1,910.46,0.0,408.58,Pix,910.46,0.0,910.46,408.58,501.88,0.551238
2025-03-13,PED-2025-00826,Nova Tecnologia 027,SC,Joinville,Ana Martins,Mouse Sem Fio,Acessórios,6,150.19,0.15,67.28,Pix,901.14,135.17,765.97,403.68,362.29,0.472981
2025-03-14,PED-2025-00862,Ponto Distribuidora 068,PR,Maringá,Ana Martins,Gaveteiro Executivo,Móveis,1,680.81,0.0,370.42,Pix,680.81,0.0,680.81,370.42,310.39,0.455913
2025-03-14,PED-2025-00862,Ponto Distribuidora 068,PR,Maringá,Ana Martins,Mouse Sem Fio,Acessórios,1,144.38,0.0,66.53,Pix,144.38,0.0,144.38,66.53,77.85,0.539202
2025-03-14,PED-2025-01104,Conecta Logística 194,MG,Juiz de Fora,Diego Lima,Filtro de Linha Premium,Energia,1,116.3,0.15,51.43,Transferência,116.3,17.44,98.85,51.43,47.42,0.479743
2025-03-14,PED-2025-01104,Conecta Logística 194,MG,Juiz de Fora,Diego Lima,Monitor Ultrawide 29,Informática,3,1720.76,0.0,1152.56,Transferência,5162.28,0.0,5162.28,3457.68,1704.6,0.330203
2025-03-14,PED-2025-01104,Conecta Logística 194,MG,Juiz de Fora,Diego Lima,Mouse Sem Fio,Acessórios,1,149.65,0.15,66.42,Transferência,149.65,22.45,127.2,66.42,60.78,0.47784
2025-03-15,PED-2025-00119,Vértice Distribuidora 020,DF,Brasília,Ana Martins,Gaveteiro Executivo,Móveis,3,702.05,0.05,372.26,Pix,2106.15,105.31,2000.84,1116.78,884.06,0.441845
2025-03-15,PED-2025-00119,Vértice Distribuidora 020,DF,Brasília,Ana Martins,Roteador Empresarial,Conectividade,2,750.56,0.0,377.48,Pix,1501.12,0.0,1501.12,754.96,746.16,0.497069
2025-03-15,PED-2025-00452,Horizonte Tecnologia 115,PR,Maringá,Fernanda Alves,Notebook Essencial 14,Informática,7,2874.81,0.0,2075.1,Pix,20123.67,0.0,20123.67,14525.7,5597.97,0.278178
2025-03-15,PED-2025-00452,Horizonte Tecnologia 115,PR,Maringá,Fernanda Alves,Toner Preto,Impressão,3,339.3,0.0,142.87,Pix,1017.9,0.0,1017.9,428.61,589.29,0.578927
2025-03-15,PED-2025-00462,Aurora Varejo 062,RS,Caxias do Sul,Diego Lima,Notebook Essencial 14,Informática,3,2961.48,0.1,2079.06,Boleto,8884.44,888.44,7996.0,6237.18,1758.82,0.219962
2025-03-15,PED-2025-00462,Aurora Varejo 062,RS,Caxias do Sul,Diego Lima,Toner Preto,Impressão,7,333.07,0.08,147.3,Boleto,2331.49,186.52,2144.97,1031.1,1113.87,0.519294
2025-03-15,PED-2025-00556,Ponto Distribuidora 148,BA,Salvador,Lucas Barros,Filtro de Linha Premium,Energia,2,117.29,0.0,52.97,Pix,234.58,0.0,234.58,105.94,128.64,0.548384
2025-03-15,PED-2025-00556,Ponto Distribuidora 148,BA,Salvador,Lucas Barros,Impressora Multifuncional,Impressão,1,1663.91,0.05,1048.51,Pix,1663.91,83.2,1580.71,1048.51,532.2,0.336686
2025-03-15,PED-2025-00556,Ponto Distribuidora 148,BA,Salvador,Lucas Barros,Mesa Ajustável,Móveis,3,1825.99,0.03,1037.76,Pix,5477.97,164.34,5313.63,3113.28,2200.35,0.414096
2025-03-15,PED-2025-00582,Integra Logística 066,DF,Brasília,Diego Lima,Kit Toner Colorido,Impressão,3,856.06,0.1,411.07,Boleto,2568.18,256.82,2311.36,1233.21,1078.15,0.466457
2025-03-15,PED-2025-00919,Ponto Logística 058,SP,Ribeirão Preto,Juliana Mendes,Impressora Multifuncional,Impressão,1,1537.08,0.0,1044.01,Cartão de crédito,1537.08,0.0,1537.08,1044.01,493.07,0.320784
2025-03-16,PED-2025-00294,Vértice Soluções 040,MG,Belo Horizonte,Camila Rocha,Mesa Ajustável,Móveis,2,1776.51,0.08,1076.85,Transferência,3553.02,284.24,3268.78,2153.7,1115.08,0.34113
2025-03-16,PED-2025-00294,Vértice Soluções 040,MG,Belo Horizonte,Camila Rocha,Switch 24 Portas,Conectividade,4,1115.21,0.1,615.22,Transferência,4460.84,446.08,4014.76,2460.88,1553.88,0.387041
2025-03-17,PED-2025-00066,Conecta Varejo 054,MG,Belo Horizonte,Lucas Barros,Headset Corporativo,Acessórios,6,321.49,0.12,163.08,Cartão de débito,1928.94,231.47,1697.47,978.48,718.99,0.423565
2025-03-17,PED-2025-00066,Conecta Varejo 054,MG,Belo Horizonte,Lucas Barros,Mesa Ajustável,Móveis,2,1857.69,0.05,1047.86,Cartão de débito,3715.38,185.77,3529.61,2095.72,1433.89,0.406246
2025-03-17,PED-2025-00568,Horizonte Engenharia 095,PR,Londrina,Fernanda Alves,Webcam Full HD,Acessórios,4,282.31,0.05,135.03,Cartão de crédito,1129.24,56.46,1072.78,540.12,532.66,0.496522
2025-03-17,PED-2025-00904,Integra Logística 066,SP,São Paulo,Juliana Mendes,Mouse Sem Fio,Acessórios,2,144.8,0.05,67.2,Boleto,289.6,14.48,275.12,134.4,140.72,0.511486
2025-03-17,PED-2025-00904,Integra Logística 066,SP,São Paulo,Juliana Mendes,Notebook Pro 15,Informática,3,5127.34,0.08,3458.68,Boleto,15382.02,1230.56,14151.46,10376.04,3775.42,0.266787
2025-03-18,PED-2025-00459,Horizonte Engenharia 135,SP,Ribeirão Preto,Lucas Barros,Headset Corporativo,Acessórios,1,332.32,0.05,160.91,Pix,332.32,16.62,315.7,160.91,154.79,0.490314
2025-03-18,PED-2025-00459,Horizonte Engenharia 135,SP,Ribeirão Preto,Lucas Barros,Switch 24 Portas,Conectividade,7,1081.31,0.0,595.75,Pix,7569.17,0.0,7569.17,4170.25,3398.92,0.449048
2025-03-18,PED-2025-00559,Nova Comercial 017,SP,Ribeirão Preto,Diego Lima,Monitor Ultrawide 29,Informática,2,1829.21,0.0,1187.47,Pix,3658.42,0.0,3658.42,2374.94,1283.48,0.350829
2025-03-18,PED-2025-00621,Aurora Soluções 192,RJ,Niterói,Juliana Mendes,Cadeira Ergonômica,Móveis,1,1354.73,0.03,756.13,Cartão de crédito,1354.73,40.64,1314.09,756.13,557.96,0.424597
2025-03-18,PED-2025-00621,Aurora Soluções 192,RJ,Niterói,Juliana Mendes,Headset Corporativo,Acessórios,1,321.46,0.12,164.29,Cartão de crédito,321.46,38.58,282.88,164.29,118.59,0.419234
2025-03-18,PED-2025-00676,Prime Serviços 069,PR,Londrina,Juliana Mendes,Filtro de Linha Premium,Energia,5,121.82,0.05,51.38,Cartão de crédito,609.1,30.46,578.64,256.9,321.74,0.556032
2025-03-18,PED-2025-00754,Central Tecnologia 043,PR,Maringá,Bruno Costa,Nobreak 1500VA,Energia,3,1196.13,0.0,671.46,Pix,3588.39,0.0,3588.39,2014.38,1574.01,0.43864
2025-03-18,PED-2025-00754,Central Tecnologia 043,PR,Maringá,Bruno Costa,Notebook Essencial 14,Informática,3,2946.27,0.08,2050.99,Pix,8838.81,707.1,8131.71,6152.97,1978.74,0.243336
2025-03-18,PED-2025-01051,Prime Comercial 089,SP,Santos,Gustavo Ribeiro,Mesa Ajustável,Móveis,3,1794.4,0.03,1015.86,Transferência,5383.2,161.5,5221.7,3047.58,2174.12,0.416363
2025-03-19,PED-2025-00339,Central Tecnologia 003,SP,São Paulo,Camila Rocha,Impressora Multifuncional,Impressão,3,1571.77,0.12,1020.86,Boleto,4715.31,565.84,4149.47,3062.58,1086.89,0.261935
2025-03-19,PED-2025-00504,Aurora Logística 042,RS,Caxias do Sul,Gustavo Ribeiro,Access Point Wi-Fi 6,Conectividade,8,872.32,0.12,493.11,Pix,6978.56,837.43,6141.13,3944.88,2196.25,0.35763
2025-03-19,PED-2025-00504,Aurora Logística 042,RS,Caxias do Sul,Gustavo Ribeiro,Filtro de Linha Premium,Energia,2,116.55,0.0,51.02,Pix,233.1,0.0,233.1,102.04,131.06,0.562248
2025-03-20,PED-2025-00050,Integra Varejo 006,SC,Joinville,Camila Rocha,Monitor Ultrawide 29,Informática,11,1845.99,0.1,1160.8,Pix,20305.89,2030.59,18275.3,12768.8,5506.5,0.301308
2025-03-20,PED-2025-00674,Conecta Soluções 104,SP,Santos,Ana Martins,Headset Corporativo,Acessórios,1,326.17,0.1,158.89,Boleto,326.17,32.62,293.55,158.89,134.66,0.458735
2025-03-20,PED-2025-00729,Conecta Distribuidora 164,MG,Uberlândia,Bruno Costa,Mouse Sem Fio,Acessórios,1,154.92,0.05,70.57,Boleto,154.92,7.75,147.17,70.57,76.6,0.5205
2025-03-20,PED-2025-00729,Conecta Distribuidora 164,MG,Uberlândia,Bruno Costa,Teclado Mecânico,Acessórios,6,400.19,0.0,186.65,Boleto,2401.14,0.0,2401.14,1119.9,1281.24,0.533597
2025-03-20,PED-2025-00849,Ponto Soluções 048,PE,Caruaru,Diego Lima,Switch 24 Portas,Conectividade,2,1121.12,0.05,601.58,Pix,2242.24,112.11,2130.13,1203.16,926.97,0.43517
2025-03-20,PED-2025-01046,Prime Tecnologia 059,BA,Salvador,Juliana Mendes,Headset Corporativo,Acessórios,2,333.25,0.12,155.92,Pix,666.5,79.98,586.52,311.84,274.68,0.468322
2025-03-21,PED-2025-00032,Alfa Tecnologia 091,SC,Blumenau,Bruno Costa,Filtro de Linha Premium,Energia,1,121.97,0.05,49.99,Pix,121.97,6.1,115.87,49.99,65.88,0.568574
2025-03-21,PED-2025-00192,Vértice Distribuidora 220,RS,Caxias do Sul,Ana Martins,Monitor Ultrawide 29,Informática,5,1748.01,0.0,1128.85,Pix,8740.05,0.0,8740.05,5644.25,3095.8,0.354208
2025-03-21,PED-2025-00192,Vértice Distribuidora 220,RS,Caxias do Sul,Ana Martins,Mouse Sem Fio,Acessórios,4,144.29,0.05,67.3,Pix,577.16,28.86,548.3,269.2,279.1,0.50903
2025-03-21,PED-2025-00354,Aurora Distribuidora 092,SP,Ribeirão Preto,Fernanda Alves,Roteador Empresarial,Conectividade,5,761.22,0.1,358.17,Cartão de crédito,3806.1,380.61,3425.49,1790.85,1634.64,0.477199
2025-03-22,PED-2025-00211,Integra Distribuidora 156,GO,Goiânia,Juliana Mendes,Headset Corporativo,Acessórios,5,325.66,0.0,161.13,Cartão de crédito,1628.3,0.0,1628.3,805.65,822.65,0.50522
2025-03-22,PED-2025-00211,Integra Distribuidora 156,GO,Goiânia,Juliana Mendes,Toner Preto,Impressão,2,334.57,0.0,148.5,Cartão de crédito,669.14,0.0,669.14,297.0,372.14,0.556147
2025-03-22,PED-2025-00738,Conecta Varejo 134,SC,Florianópolis,Ana Martins,Impressora Multifuncional,Impressão,2,1601.82,0.08,1030.41,Cartão de débito,3203.64,256.29,2947.35,2060.82,886.53,0.300789
2025-03-22,PED-2025-00738,Conecta Varejo 134,SC,Florianópolis,Ana Martins,Kit Toner Colorido,Impressão,3,920.13,0.05,410.34,Cartão de débito,2760.39,138.02,2622.37,1231.02,1391.35,0.53057
2025-03-22,PED-2025-00738,Conecta Varejo 134,SC,Florianópolis,Ana Martins,Toner Preto,Impressão,5,321.23,0.05,151.02,Cartão de débito,1606.15,80.31,1525.84,755.1,770.74,0.505126
2025-03-23,PED-2025-01014,Ponto Distribuidora 148,SP,São Paulo,Diego Lima,Webcam Full HD,Acessórios,4,289.62,0.0,136.38,Cartão de débito,1158.48,0.0,1158.48,545.52,612.96,0.529107
2025-03-24,PED-2025-00112,Nova Tecnologia 187,BA,Salvador,Ana Martins,Impressora Multifuncional,Impressão,5,1601.88,0.1,1037.71,Pix,8009.4,800.94,7208.46,5188.55,2019.91,0.280214
2025-03-24,PED-2025-00112,Nova Tecnologia 187,BA,Salvador,Ana Martins,Teclado Mecânico,Acessórios,3,401.7,0.12,196.03,Pix,1205.1,144.61,1060.49,588.09,472.4,0.445453
2025-03-24,PED-2025-01110,Conecta Distribuidora 044,PR,Curitiba,Bruno Costa,Impressora Multifuncional,Impressão,6,1613.27,0.12,1034.78,Cartão de crédito,9679.62,1161.55,8518.07,6208.68,2309.39,0.271116
2025-03-24,PED-2025-01110,Conecta Distribuidora 044,PR,Curitiba,Bruno Costa,Monitor Ultrawide 29,Informática,5,1736.4,0.12,1165.87,Cartão de crédito,8682.0,1041.84,7640.16,5829.35,1810.81,0.237012
2025-03-25,PED-2025-00113,Conecta Soluções 064,RS,Caxias do Sul,Diego Lima,Cadeira Ergonômica,Móveis,6,1432.84,0.12,760.2,Pix,8597.04,1031.64,7565.4,4561.2,3004.2,0.397097
2025-03-25,PED-2025-00764,Horizonte Tecnologia 075,SP,São Paulo,Ana Martins,Filtro de Linha Premium,Energia,3,119.58,0.0,49.6,Pix,358.74,0.0,358.74,148.8,209.94,0.585215
2025-03-25,PED-2025-00764,Horizonte Tecnologia 075,SP,São Paulo,Ana Martins,Impressora Multifuncional,Impressão,3,1614.09,0.0,1002.76,Pix,4842.27,0.0,4842.27,3008.28,1833.99,0.378746
2025-03-26,PED-2025-00349,Prime Serviços 149,SP,Santos,Ana Martins,Mouse Sem Fio,Acessórios,2,145.48,0.12,68.82,Cartão de crédito,290.96,34.92,256.04,137.64,118.4,0.462438
2025-03-26,PED-2025-00349,Prime Serviços 149,SP,Santos,Ana Martins,Webcam Full HD,Acessórios,3,289.78,0.0,133.7,Cartão de crédito,869.34,0.0,869.34,401.1,468.24,0.538616
2025-03-26,PED-2025-00696,Integra Distribuidora 156,MG,Juiz de Fora,Lucas Barros,Nobreak 1500VA,Energia,2,1155.87,0.03,690.38,Pix,2311.74,69.35,2242.39,1380.76,861.63,0.384246
2025-03-27,PED-2025-00266,Aurora Soluções 112,RJ,Niterói,Gustavo Ribeiro,Mesa Ajustável,Móveis,2,1920.09,0.05,1037.62,Cartão de débito,3840.18,192.01,3648.17,2075.24,1572.93,0.431156
2025-03-27,PED-2025-00266,Aurora Soluções 112,RJ,Niterói,Gustavo Ribeiro,Switch 24 Portas,Conectividade,2,1130.12,0.08,610.08,Cartão de débito,2260.24,180.82,2079.42,1220.16,859.26,0.413221
2025-03-27,PED-2025-00327,Prime Tecnologia 099,SP,São Paulo,Diego Lima,Mouse Sem Fio,Acessórios,2,151.72,0.05,69.2,Cartão de débito,303.44,15.17,288.27,138.4,149.87,0.519891
2025-03-27,PED-2025-00327,Prime Tecnologia 099,SP,São Paulo,Diego Lima,Webcam Full HD,Acessórios,1,289.23,0.1,131.82,Cartão de débito,289.23,28.92,260.31,131.82,128.49,0.493598
2025-03-27,PED-2025-00436,Nova Tecnologia 027,MG,Belo Horizonte,Gustavo Ribeiro,Filtro de Linha Premium,Energia,5,117.31,0.0,52.6,Transferência,586.55,0.0,586.55,263.0,323.55,0.551615
2025-03-27,PED-2025-00744,Conecta Varejo 214,MG,Uberlândia,Diego Lima,Filtro de Linha Premium,Energia,4,125.21,0.03,50.41,Pix,500.84,15.03,485.81,201.64,284.17,0.584945
2025-03-27,PED-2025-00744,Conecta Varejo 214,MG,Uberlândia,Diego Lima,Webcam Full HD,Acessórios,2,274.81,0.08,128.23,Pix,549.62,43.97,505.65,256.46,249.19,0.492812
2025-03-27,PED-2025-00883,Central Tecnologia 203,SC,Joinville,Juliana Mendes,Gaveteiro Executivo,Móveis,4,709.45,0.05,365.62,Cartão de crédito,2837.8,141.89,2695.91,1462.48,1233.43,0.457519
2025-03-27,PED-2025-00896,Nova Comercial 017,SP,Santos,Gustavo Ribeiro,Gaveteiro Executivo,Móveis,2,695.71,0.12,372.62,Pix,1391.42,166.97,1224.45,745.24,479.21,0.391367
2025-03-27,PED-2025-00896,Nova Comercial 017,SP,Santos,Gustavo Ribeiro,Headset Corporativo,Acessórios,3,324.41,0.05,157.91,Pix,973.23,48.66,924.57,473.73,450.84,0.48762
2025-03-27,PED-2025-00896,Nova Comercial 017,SP,Santos,Gustavo Ribeiro,Mouse Sem Fio,Acessórios,7,144.04,0.05,69.9,Pix,1008.28,50.41,957.87,489.3,468.57,0.489177
2025-03-27,PED-2025-00966,Nova Engenharia 047,GO,Goiânia,Fernanda Alves,Kit Toner Colorido,Impressão,2,865.04,0.03,401.95,Cartão de crédito,1730.08,51.9,1678.18,803.9,874.28,0.520968
2025-03-27,PED-2025-00966,Nova Engenharia 047,GO,Goiânia,Fernanda Alves,Nobreak 1500VA,Energia,3,1147.65,0.0,692.27,Cartão de crédito,3442.95,0.0,3442.95,2076.81,1366.14,0.396793
2025-03-27,PED-2025-00966,Nova Engenharia 047,GO,Goiânia,Fernanda Alves,Notebook Essencial 14,Informática,3,2965.55,0.0,2019.85,Cartão de crédito,8896.65,0.0,8896.65,6059.55,2837.1,0.318895
2025-03-28,PED-2025-00558,Alfa Tecnologia 051,SC,Florianópolis,Fernanda Alves,Filtro de Linha Premium,Energia,2,122.32,0.03,49.68,Transferência,244.64,7.34,237.3,99.36,137.94,0.581291
2025-03-28,PED-2025-00558,Alfa Tecnologia 051,SC,Florianópolis,Fernanda Alves,Monitor Ultrawide 29,Informática,3,1777.13,0.12,1138.82,Transferência,5331.39,639.77,4691.62,3416.46,1275.16,0.271796
2025-03-28,PED-2025-00625,Alfa Tecnologia 171,GO,Aparecida de Goiânia,Diego Lima,Notebook Pro 15,Informática,1,5131.34,0.1,3356.23,Pix,5131.34,513.13,4618.21,3356.23,1261.98,0.273261
2025-03-28,PED-2025-00816,Horizonte Comercial 145,SP,Santos,Fernanda Alves,Headset Corporativo,Acessórios,3,335.28,0.1,154.96,Transferência,1005.84,100.58,905.26,464.88,440.38,0.486466
2025-03-29,PED-2025-00144,Integra Distribuidora 036,RJ,Niterói,Ana Martins,Impressora Multifuncional,Impressão,3,1564.26,0.0,987.35,Cartão de crédito,4692.78,0.0,4692.78,2962.05,1730.73,0.368807
2025-03-29,PED-2025-00298,Conecta Logística 114,GO,Aparecida de Goiânia,Camila Rocha,Mesa Ajustável,Móveis,1,1847.92,0.0,1017.45,Cartão de crédito,1847.92,0.0,1847.92,1017.45,830.47,0.449408
2025-03-29,PED-2025-00298,Conecta Logística 114,GO,Aparecida de Goiânia,Camila Rocha,Mouse Sem Fio,Acessórios,3,153.95,0.0,68.22,Cartão de crédito,461.85,0.0,461.85,204.66,257.19,0.556869
2025-03-29,PED-2025-00786,Ponto Distribuidora 148,RJ,Niterói,Fernanda Alves,Monitor Ultrawide 29,Informática,1,1842.99,0.08,1199.26,Cartão de crédito,1842.99,147.44,1695.55,1199.26,496.29,0.292702
2025-03-30,PED-2025-00333,Horizonte Comercial 065,MG,Uberlândia,Não informado,Headset Corporativo,Acessórios,7,326.81,0.1,162.61,Pix,2287.67,228.77,2058.9,1138.27,920.63,0.447147
2025-03-30,PED-2025-00333,Horizonte Comercial 065,MG,Uberlândia,Fernanda Alves,Monitor Ultrawide 29,Informática,1,1781.85,0.15,1143.47,Pix,1781.85,267.28,1514.57,1143.47,371.1,0.245021
2025-03-30,PED-2025-00398,Conecta Varejo 134,RJ,Petrópolis,Gustavo Ribeiro,Kit Toner Colorido,Impressão,4,848.79,0.1,407.42,Cartão de crédito,3395.16,339.52,3055.64,1629.68,1425.96,0.466666
2025-03-30,PED-2025-00418,Conecta Soluções 184,BA,Salvador,Gustavo Ribeiro,Headset Corporativo,Acessórios,3,320.62,0.1,153.26,Transferência,961.86,96.19,865.67,459.78,405.89,0.468876
2025-03-30,PED-2025-00418,Conecta Soluções 184,BA,Salvador,Gustavo Ribeiro,Impressora Multifuncional,Impressão,2,1624.7,0.03,984.39,Transferência,3249.4,97.48,3151.92,1968.78,1183.14,0.375371
2025-03-30,PED-2025-00418,Conecta Soluções 184,BA,Salvador,Gustavo Ribeiro,Monitor Ultrawide 29,Informática,1,1760.47,0.15,1158.62,Transferência,1760.47,264.07,1496.4,1158.62,337.78,0.225728
2025-03-30,PED-2025-00985,Nova Comercial 137,SP,Campinas,Lucas Barros,Switch 24 Portas,Conectividade,1,1170.5,0.12,601.01,Boleto,1170.5,140.46,1030.04,601.01,429.03,0.416518
2025-03-31,PED-2025-00030,Ponto Distribuidora 188,SP,São Paulo,Juliana Mendes,Notebook Essencial 14,Informática,2,2905.63,0.1,2048.48,Pix,5811.26,581.13,5230.13,4096.96,1133.17,0.216663
2025-03-31,PED-2025-00030,Ponto Distribuidora 188,SP,São Paulo,Juliana Mendes,Notebook Pro 15,Informática,4,5034.2,0.08,3518.01,Pix,20136.8,1610.94,18525.86,14072.04,4453.82,0.240411
2025-03-31,PED-2025-00030,Ponto Distribuidora 188,SP,São Paulo,Juliana Mendes,Toner Preto,Impressão,1,322.9,0.1,142.2,Pix,322.9,32.29,290.61,142.2,148.41,0.510684
2025-03-31,PED-2025-00916,Aurora Soluções 192,RJ,Niterói,Bruno Costa,Filtro de Linha Premium,Energia,5,123.99,0.05,51.68,Pix,619.95,31.0,588.95,258.4,330.55,0.561255
2025-04-01,PED-2025-00033,Central Serviços 093,RJ,Petrópolis,Fernanda Alves,Filtro de Linha Premium,Energia,2,120.22,0.0,49.95,Cartão de crédito,240.44,0.0,240.44,99.9,140.54,0.584512
2025-04-01,PED-2025-00033,Central Serviços 093,RJ,Petrópolis,Fernanda Alves,Monitor Ultrawide 29,Informática,3,1787.34,0.08,1176.73,Cartão de crédito,5362.02,428.96,4933.06,3530.19,1402.87,0.284381
2025-04-01,PED-2025-00129,Horizonte Tecnologia 115,RS,Caxias do Sul,Juliana Mendes,Cadeira Ergonômica,Móveis,1,1339.72,0.0,771.42,Cartão de crédito,1339.72,0.0,1339.72,771.42,568.3,0.424193
2025-04-01,PED-2025-00713,Horizonte Serviços 205,SP,Campinas,Juliana Mendes,Gaveteiro Executivo,Móveis,2,719.83,0.0,377.76,Pix,1439.66,0.0,1439.66,755.52,684.14,0.475209
2025-04-01,PED-2025-00713,Horizonte Serviços 205,SP,Campinas,Juliana Mendes,Headset Corporativo,Acessórios,3,344.01,0.05,154.07,Pix,1032.03,51.6,980.43,462.21,518.22,0.528563
2025-04-02,PED-2025-00125,Horizonte Tecnologia 035,MG,Juiz de Fora,Juliana Mendes,Headset Corporativo,Acessórios,2,324.69,0.03,159.31,Cartão de débito,649.38,19.48,629.9,318.62,311.28,0.494173
2025-04-02,PED-2025-00125,Horizonte Tecnologia 035,MG,Juiz de Fora,Juliana Mendes,Mouse Sem Fio,Acessórios,2,157.26,0.05,69.0,Cartão de débito,314.52,15.73,298.79,138.0,160.79,0.538143
2025-04-02,PED-2025-00125,Horizonte Tecnologia 035,MG,Juiz de Fora,Juliana Mendes,Teclado Mecânico,Acessórios,5,403.53,0.03,192.15,Cartão de débito,2017.65,60.53,1957.12,960.75,996.37,0.5091
2025-04-02,PED-2025-00323,Alfa Tecnologia 171,PR,Curitiba,Diego Lima,Filtro de Linha Premium,Energia,1,121.76,0.1,49.87,Boleto,121.76,12.18,109.58,49.87,59.71,0.544915
2025-04-02,PED-2025-00323,Alfa Tecnologia 171,PR,Curitiba,Diego Lima,Headset Corporativo,Acessórios,12,318.17,0.0,160.32,Boleto,3818.04,0.0,3818.04,1923.84,1894.2,0.496118
2025-04-02,PED-2025-00323,Alfa Tecnologia 171,PR,Curitiba,Diego Lima,Mouse Sem Fio,Acessórios,4,154.42,0.0,66.3,Boleto,617.68,0.0,617.68,265.2,352.48,0.570651
2025-04-02,PED-2025-00637,Prime Engenharia 039,SP,Santos,Gustavo Ribeiro,Access Point Wi-Fi 6,Conectividade,1,907.44,0.05,479.18,Cartão de crédito,907.44,45.37,862.07,479.18,382.89,0.444151
2025-04-02,PED-2025-00637,Prime Engenharia 039,SP,Santos,Gustavo Ribeiro,Roteador Empresarial,Conectividade,1,752.07,0.0,375.04,Cartão de crédito,752.07,0.0,752.07,375.04,377.03,0.501323
2025-04-02,PED-2025-00965,Prime Tecnologia 179,MG,Belo Horizonte,Gustavo Ribeiro,Switch 24 Portas,Conectividade,3,1165.96,0.1,599.82,Cartão de débito,3497.88,349.79,3148.09,1799.46,1348.63,0.428397
2025-04-03,PED-2025-00152,Central Comercial 193,RS,Caxias do Sul,Diego Lima,Mesa Ajustável,Móveis,4,1837.42,0.0,1036.9,Boleto,7349.68,0.0,7349.68,4147.6,3202.08,0.435676
2025-04-03,PED-2025-00437,Central Comercial 113,MG,Belo Horizonte,Gustavo Ribeiro,Mouse Sem Fio,Acessórios,2,148.21,0.0,68.82,Cartão de débito,296.42,0.0,296.42,137.64,158.78,0.535659
2025-04-03,PED-2025-00437,Central Comercial 113,MG,Belo Horizonte,Gustavo Ribeiro,Roteador Empresarial,Conectividade,2,727.69,0.15,362.15,Cartão de débito,1455.38,218.31,1237.07,724.3,512.77,0.414505
2025-04-03,PED-2025-00617,Nova Engenharia 207,RS,Pelotas,Gustavo Ribeiro,Switch 24 Portas,Conectividade,2,1111.97,0.05,611.96,Pix,2223.94,111.2,2112.74,1223.92,888.82,0.420696
2025-04-03,PED-2025-01124,Integra Logística 026,MG,Uberlândia,Lucas Barros,Roteador Empresarial,Conectividade,1,758.46,0.05,369.43,Pix,758.46,37.92,720.54,369.43,351.11,0.487285
2025-04-04,PED-2025-01067,Nova Comercial 137,SP,Campinas,Ana Martins,Access Point Wi-Fi 6,Conectividade,5,888.92,0.08,483.88,Transferência,4444.6,355.57,4089.03,2419.4,1669.63,0.40832
2025-04-04,PED-2025-01067,Nova Comercial 137,SP,Campinas,Ana Martins,Impressora Multifuncional,Impressão,1,1644.8,0.05,1027.24,Transferência,1644.8,82.24,1562.56,1027.24,535.32,0.342592
2025-04-04,PED-2025-01067,Nova Comercial 137,SP,Campinas,Ana Martins,Teclado Mecânico,Acessórios,6,408.55,0.03,186.26,Transferência,2451.3,73.54,2377.76,1117.56,1260.2,0.529995
2025-04-05,PED-2025-00476,Prime Engenharia 199,RS,Porto Alegre,Fernanda Alves,Notebook Essencial 14,Informática,4,3031.04,0.15,2007.09,Cartão de crédito,12124.16,1818.62,10305.54,8028.36,2277.18,0.220966
2025-04-05,PED-2025-00476,Prime Engenharia 199,RS,Porto Alegre,Fernanda Alves,Switch 24 Portas,Conectividade,7,1172.73,0.05,592.87,Cartão de crédito,8209.11,410.46,7798.65,4150.09,3648.56,0.467845
2025-04-05,PED-2025-00476,Prime Engenharia 199,RS,Porto Alegre,Fernanda Alves,Webcam Full HD,Acessórios,2,270.56,0.15,128.09,Cartão de crédito,541.12,81.17,459.95,256.18,203.77,0.443029
2025-04-06,PED-2025-00245,Vértice Logística 010,DF,Brasília,Fernanda Alves,Monitor Ultrawide 29,Informática,1,1815.47,0.08,1154.88,Transferência,1815.47,145.24,1670.23,1154.88,515.35,0.308551
2025-04-06,PED-2025-00245,Vértice Logística 010,DF,Brasília,Fernanda Alves,Teclado Mecânico,Acessórios,1,382.23,0.08,190.64,Transferência,382.23,30.58,351.65,190.64,161.01,0.457873
2025-04-06,PED-2025-00245,Vértice Logística 010,DF,Brasília,Fernanda Alves,Webcam Full HD,Acessórios,2,292.27,0.0,129.36,Transferência,584.54,0.0,584.54,258.72,325.82,0.557396
2025-04-06,PED-2025-00288,Prime Tecnologia 019,PR,Curitiba,Bruno Costa,Filtro de Linha Premium,Energia,3,115.26,0.03,50.02,Cartão de crédito,345.78,10.37,335.41,150.06,185.35,0.552603
2025-04-06,PED-2025-00405,Central Engenharia 103,BA,Vitória da Conquista,Camila Rocha,Monitor Ultrawide 29,Informática,6,1843.6,0.1,1148.98,Cartão de crédito,11061.6,1106.16,9955.44,6893.88,3061.56,0.307526
2025-04-06,PED-2025-00405,Central Engenharia 103,BA,Vitória da Conquista,Camila Rocha,Teclado Mecânico,Acessórios,5,392.87,0.0,189.79,Cartão de crédito,1964.35,0.0,1964.35,948.95,1015.4,0.516914
2025-04-06,PED-2025-00548,Conecta Distribuidora 044,RJ,Petrópolis,Fernanda Alves,Filtro de Linha Premium,Energia,4,117.72,0.15,53.0,Pix,470.88,70.63,400.25,212.0,188.25,0.470328
2025-04-06,PED-2025-00885,Horizonte Comercial 025,PR,Londrina,Fernanda Alves,Cadeira Ergonômica,Móveis,7,1335.18,0.03,753.32,Pix,9346.26,280.39,9065.87,5273.24,3792.63,0.418342
2025-04-06,PED-2025-00941,Horizonte Comercial 025,MG,Juiz de Fora,Lucas Barros,Monitor Ultrawide 29,Informática,1,1776.67,0.0,1171.49,Cartão de crédito,1776.67,0.0,1776.67,1171.49,605.18,0.340626
2025-04-06,PED-2025-00941,Horizonte Comercial 025,MG,Juiz de Fora,Lucas Barros,Roteador Empresarial,Conectividade,2,778.15,0.0,369.63,Cartão de crédito,1556.3,0.0,1556.3,739.26,817.04,0.524989
2025-04-07,PED-2025-00445,Central Tecnologia 203,PE,Olinda,Juliana Mendes,Gaveteiro Executivo,Móveis,8,675.48,0.03,378.81,Pix,5403.84,162.12,5241.72,3030.48,2211.24,0.421854
2025-04-07,PED-2025-00445,Central Tecnologia 203,PE,Olinda,Juliana Mendes,Notebook Essencial 14,Informática,2,2970.02,0.0,2025.78,Pix,5940.04,0.0,5940.04,4051.56,1888.48,0.317924
2025-04-07,PED-2025-00445,Central Tecnologia 203,PE,Olinda,Juliana Mendes,Switch 24 Portas,Conectividade,4,1097.33,0.03,634.38,Pix,4389.32,131.68,4257.64,2537.52,1720.12,0.404008
2025-04-07,PED-2025-00499,Alfa Serviços 061,SP,São Paulo,Camila Rocha,Filtro de Linha Premium,Energia,1,116.93,0.1,52.73,Boleto,116.93,11.69,105.24,52.73,52.51,0.49894
2025-04-07,PED-2025-00499,Alfa Serviços 061,SP,São Paulo,Camila Rocha,Switch 24 Portas,Conectividade,1,1159.91,0.05,626.83,Boleto,1159.91,58.0,1101.91,626.83,475.08,0.431145
2025-04-08,PED-2025-00045,Central Serviços 053,BA,Vitória da Conquista,Ana Martins,Monitor Ultrawide 29,Informática,3,1843.05,0.1,1185.24,Boleto,5529.15,552.92,4976.23,3555.72,1420.51,0.28546
2025-04-08,PED-2025-00461,Aurora Distribuidora 212,PE,Olinda,Gustavo Ribeiro,Access Point Wi-Fi 6,Conectividade,4,882.32,0.08,479.21,Boleto,3529.28,282.34,3246.94,1916.84,1330.1,0.409647
2025-04-08,PED-2025-00461,Aurora Distribuidora 212,PE,Olinda,Gustavo Ribeiro,Cadeira Ergonômica,Móveis,1,1382.59,0.05,776.43,Boleto,1382.59,69.13,1313.46,776.43,537.03,0.408867
2025-04-08,PED-2025-00604,Central Serviços 173,RJ,Niterói,Diego Lima,Mouse Sem Fio,Acessórios,1,149.44,0.1,65.99,Pix,149.44,14.94,134.5,65.99,68.51,0.509353
2025-04-08,PED-2025-00952,Ponto Soluções 128,MG,Belo Horizonte,Lucas Barros,Notebook Pro 15,Informática,9,5125.21,0.15,3469.14,Cartão de crédito,46126.89,6919.03,39207.86,31222.26,7985.6,0.203673
2025-04-09,PED-2025-00136,Vértice Varejo 030,SC,Florianópolis,Ana Martins,Webcam Full HD,Acessórios,4,275.75,0.0,133.72,Pix,1103.0,0.0,1103.0,534.88,568.12,0.515068
2025-04-09,PED-2025-00624,Conecta Soluções 104,MG,Belo Horizonte,Bruno Costa,Headset Corporativo,Acessórios,2,335.29,0.05,155.98,Transferência,670.58,33.53,637.05,311.96,325.09,0.510306
2025-04-10,PED-2025-00059,Horizonte Serviços 125,RS,Pelotas,Camila Rocha,Cadeira Ergonômica,Móveis,2,1399.48,0.05,751.97,Transferência,2798.96,139.95,2659.01,1503.94,1155.07,0.434399
2025-04-10,PED-2025-00222,Alfa Comercial 001,SP,Santos,Ana Martins,Cadeira Ergonômica,Móveis,1,1358.02,0.1,798.19,Cartão de crédito,1358.02,135.8,1222.22,798.19,424.03,0.346933
2025-04-10,PED-2025-00234,Nova Serviços 077,RJ,Niterói,Bruno Costa,Nobreak 1500VA,Energia,3,1202.65,0.05,701.27,Cartão de crédito,3607.95,180.4,3427.55,2103.81,1323.74,0.386206
2025-04-11,PED-2025-00011,Ponto Logística 098,MG,Uberlândia,Lucas Barros,Teclado Mecânico,Acessórios,1,389.71,0.0,197.35,Cartão de crédito,389.71,0.0,389.71,197.35,192.36,0.493598
2025-04-11,PED-2025-00518,Horizonte Tecnologia 075,BA,Feira de Santana,Camila Rocha,Access Point Wi-Fi 6,Conectividade,1,865.46,0.05,465.51,Cartão de crédito,865.46,43.27,822.19,465.51,356.68,0.433815
2025-04-11,PED-2025-00518,Horizonte Tecnologia 075,BA,Feira de Santana,Camila Rocha,Teclado Mecânico,Acessórios,1,376.02,0.1,193.08,Cartão de crédito,376.02,37.6,338.42,193.08,145.34,0.429463
2025-04-11,PED-2025-01010,Integra Logística 066,MG,Belo Horizonte,Gustavo Ribeiro,Gaveteiro Executivo,Móveis,1,692.8,0.0,373.62,Transferência,692.8,0.0,692.8,373.62,319.18,0.46071
2025-04-11,PED-2025-01010,Integra Logística 066,MG,Belo Horizonte,Gustavo Ribeiro,Webcam Full HD,Acessórios,2,270.84,0.0,135.26,Transferência,541.68,0.0,541.68,270.52,271.16,0.500591
2025-04-11,PED-2025-01020,Central Comercial 073,MG,Juiz de Fora,Diego Lima,Switch 24 Portas,Conectividade,2,1165.28,0.05,628.61,Pix,2330.56,116.53,2214.03,1257.22,956.81,0.432158
2025-04-12,PED-2025-00647,Integra Varejo 006,MG,Uberlândia,Fernanda Alves,Mesa Ajustável,Móveis,2,1836.5,0.08,1046.77,Pix,3673.0,293.84,3379.16,2093.54,1285.62,0.380455
2025-04-12,PED-2025-00647,Integra Varejo 006,MG,Uberlândia,Fernanda Alves,Toner Preto,Impressão,2,319.25,0.08,142.67,Pix,638.5,51.08,587.42,285.34,302.08,0.514249
2025-04-12,PED-2025-00922,Central Tecnologia 163,SC,Blumenau,Camila Rocha,Nobreak 1500VA,Energia,4,1245.12,0.08,680.31,Pix,4980.48,398.44,4582.04,2721.24,1860.8,0.406108
2025-04-12,PED-2025-01125,Ponto Distribuidora 188,SC,Joinville,Diego Lima,Cadeira Ergonômica,Móveis,2,1345.62,0.0,748.91,Cartão de débito,2691.24,0.0,2691.24,1497.82,1193.42,0.443446
2025-04-14,PED-2025-00304,Prime Serviços 029,SP,Santos,Juliana Mendes,Mesa Ajustável,Móveis,4,1830.47,0.15,1021.53,Transferência,7321.88,1098.28,6223.6,4086.12,2137.48,0.343447
2025-04-14,PED-2025-00304,Prime Serviços 029,SP,Santos,Juliana Mendes,Toner Preto,Impressão,1,333.13,0.0,150.05,Transferência,333.13,0.0,333.13,150.05,183.08,0.549575
2025-04-14,PED-2025-00332,Vértice Varejo 190,RS,Porto Alegre,Gustavo Ribeiro,Mouse Sem Fio,Acessórios,4,149.75,0.0,69.27,Pix,599.0,0.0,599.0,277.08,321.92,0.537429
2025-04-16,PED-2025-00019,Aurora Varejo 102,BA,Vitória da Conquista,Bruno Costa,Impressora Multifuncional,Impressão,1,1560.27,0.1,1037.43,Cartão de crédito,1560.27,156.03,1404.24,1037.43,366.81,0.261218
2025-04-16,PED-2025-00019,Aurora Varejo 102,BA,Vitória da Conquista,Bruno Costa,Nobreak 1500VA,Energia,2,1188.01,0.08,695.74,Cartão de crédito,2376.02,190.08,2185.94,1391.48,794.46,0.36344
2025-04-16,PED-2025-00659,Cliente não informado,RJ,Niterói,Fernanda Alves,Switch 24 Portas,Conectividade,2,1088.63,0.15,629.78,Cartão de crédito,2177.26,326.59,1850.67,1259.56,591.11,0.319404
2025-04-16,PED-2025-00659,Ponto Distribuidora 028,RJ,Niterói,Fernanda Alves,Toner Preto,Impressão,1,333.72,0.05,149.28,Cartão de crédito,333.72,16.69,317.03,149.28,167.75,0.529136
2025-04-16,PED-2025-00739,Alfa Engenharia 031,RJ,Petrópolis,Camila Rocha,Cadeira Ergonômica,Móveis,8,1449.34,0.08,796.99,Cartão de débito,11594.72,927.58,10667.14,6375.92,4291.22,0.402284
2025-04-16,PED-2025-00739,Alfa Engenharia 031,RJ,Petrópolis,Camila Rocha,Headset Corporativo,Acessórios,1,344.53,0.15,163.89,Cartão de débito,344.53,51.68,292.85,163.89,128.96,0.440363
2025-04-18,PED-2025-00164,Ponto Soluções 168,DF,Brasília,Camila Rocha,Impressora Multifuncional,Impressão,2,1527.96,0.08,1049.78,Cartão de crédito,3055.92,244.47,2811.45,2099.56,711.89,0.25321
2025-04-18,PED-2025-00575,Horizonte Tecnologia 075,SC,Blumenau,Bruno Costa,Nobreak 1500VA,Energia,6,1159.49,0.12,681.05,Transferência,6956.94,834.83,6122.11,4086.3,2035.81,0.332534
2025-04-18,PED-2025-00591,Ponto Logística 098,MG,Juiz de Fora,Lucas Barros,Monitor Ultrawide 29,Informática,2,1803.95,0.03,1164.21,Transferência,3607.9,108.24,3499.66,2328.42,1171.24,0.334673
2025-04-18,PED-2025-00602,Horizonte Tecnologia 155,SC,Blumenau,Juliana Mendes,Monitor Ultrawide 29,Informática,1,1769.86,0.0,1140.52,Pix,1769.86,0.0,1769.86,1140.52,629.34,0.355587
2025-04-18,PED-2025-00650,Nova Engenharia 047,MG,Uberlândia,Diego Lima,Kit Toner Colorido,Impressão,3,859.29,0.08,403.96,Pix,2577.87,206.23,2371.64,1211.88,1159.76,0.489012
2025-04-18,PED-2025-00866,Integra Varejo 206,PR,Curitiba,Fernanda Alves,Filtro de Linha Premium,Energia,3,121.37,0.1,49.75,Pix,364.11,36.41,327.7,149.25,178.45,0.544552
2025-04-18,PED-2025-00866,Integra Varejo 206,PR,Curitiba,Fernanda Alves,Roteador Empresarial,Conectividade,4,742.21,0.08,379.7,Pix,2968.84,237.51,2731.33,1518.8,1212.53,0.443934
2025-04-19,PED-2025-00044,Aurora Distribuidora 212,RS,Porto Alegre,Diego Lima,Filtro de Linha Premium,Energia,3,116.02,0.05,52.33,Transferência,348.06,17.4,330.66,156.99,173.67,0.525218
2025-04-19,PED-2025-00545,Horizonte Comercial 145,PR,Curitiba,Bruno Costa,Cadeira Ergonômica,Móveis,2,1344.85,0.1,756.08,Pix,2689.7,268.97,2420.73,1512.16,908.57,0.375329
2025-04-19,PED-2025-00545,Horizonte Comercial 145,PR,Curitiba,Bruno Costa,Mouse Sem Fio,Acessórios,5,148.21,0.0,70.08,Pix,741.05,0.0,741.05,350.4,390.65,0.527157
2025-04-19,PED-2025-00545,Horizonte Comercial 145,PR,Curitiba,Bruno Costa,Webcam Full HD,Acessórios,3,292.94,0.08,133.5,Pix,878.82,70.31,808.51,400.5,408.01,0.504647
2025-04-19,PED-2025-01045,Cliente não informado,PR,Curitiba,Camila Rocha,Cadeira Ergonômica,Móveis,2,1403.77,0.0,796.84,Cartão de crédito,2807.54,0.0,2807.54,1593.68,1213.86,0.432357
2025-04-20,PED-2025-00352,Conecta Distribuidora 124,PR,Curitiba,Fernanda Alves,Access Point Wi-Fi 6,Conectividade,2,926.03,0.0,485.69,Transferência,1852.06,0.0,1852.06,971.38,880.68,0.475514
2025-04-21,PED-2025-00682,Alfa Engenharia 191,SP,Santos,Lucas Barros,Filtro de Linha Premium,Energia,3,123.81,0.08,50.49,Pix,371.43,29.71,341.72,151.47,190.25,0.556737
2025-04-21,PED-2025-00719,Alfa Comercial 121,PE,Caruaru,Lucas Barros,Filtro de Linha Premium,Energia,1,119.9,0.1,49.98,Cartão de crédito,119.9,11.99,107.91,49.98,57.93,0.536836
2025-04-21,PED-2025-00719,Alfa Comercial 121,PE,Caruaru,Lucas Barros,Roteador Empresarial,Conectividade,2,752.61,0.1,363.8,Cartão de crédito,1505.22,150.52,1354.7,727.6,627.1,0.462906
2025-04-21,PED-2025-00792,Vértice Distribuidora 140,RJ,Petrópolis,Juliana Mendes,Monitor Ultrawide 29,Informática,3,1731.27,0.05,1178.12,Pix,5193.81,259.69,4934.12,3534.36,1399.76,0.28369
2025-04-21,PED-2025-00855,Ponto Varejo 078,RJ,Petrópolis,Diego Lima,Filtro de Linha Premium,Energia,7,119.44,0.05,52.97,Boleto,836.08,41.8,794.28,370.79,423.49,0.533172
2025-04-21,PED-2025-00855,Ponto Varejo 078,RJ,Petrópolis,Diego Lima,Impressora Multifuncional,Impressão,2,1549.28,0.0,1022.37,Boleto,3098.56,0.0,3098.56,2044.74,1053.82,0.3401
2025-04-21,PED-2025-00895,Ponto Varejo 078,MG,Juiz de Fora,Camila Rocha,Filtro de Linha Premium,Energia,1,121.54,0.0,50.13,Transferência,121.54,0.0,121.54,50.13,71.41,0.587543
2025-04-22,PED-2025-00039,Nova Engenharia 207,PE,Recife,Ana Martins,Cadeira Ergonômica,Móveis,5,1344.92,0.0,792.37,Pix,6724.6,0.0,6724.6,3961.85,2762.75,0.410842
2025-04-22,PED-2025-00137,Ponto Soluções 168,SC,Joinville,Ana Martins,Webcam Full HD,Acessórios,3,278.22,0.05,133.52,Pix,834.66,41.73,792.93,400.56,392.37,0.494834
2025-04-22,PED-2025-00380,Ponto Distribuidora 148,PR,Maringá,Bruno Costa,Headset Corporativo,Acessórios,1,342.8,0.03,156.94,Pix,342.8,10.28,332.52,156.94,175.58,0.528023
2025-04-22,PED-2025-00700,Central Tecnologia 083,SP,Ribeirão Preto,Diego Lima,Cadeira Ergonômica,Móveis,9,1418.74,0.08,791.28,Cartão de crédito,12768.66,1021.49,11747.17,7121.52,4625.65,0.393767
2025-04-22,PED-2025-00700,Central Tecnologia 083,SP,Ribeirão Preto,Diego Lima,Toner Preto,Impressão,2,335.96,0.0,143.86,Cartão de crédito,671.92,0.0,671.92,287.72,384.2,0.571794
2025-04-22,PED-2025-00791,Prime Serviços 149,SC,Joinville,Bruno Costa,Teclado Mecânico,Acessórios,3,399.99,0.05,197.26,Cartão de crédito,1199.97,60.0,1139.97,591.78,548.19,0.480882
2025-04-22,PED-2025-00928,Ponto Logística 058,SP,São Paulo,Camila Rocha,Kit Toner Colorido,Impressão,2,862.04,0.1,410.52,Pix,1724.08,172.41,1551.67,821.04,730.63,0.470868
2025-04-22,PED-2025-01033,Nova Serviços 197,MG,Belo Horizonte,Diego Lima,Cadeira Ergonômica,Móveis,4,1419.51,0.05,776.12,Cartão de crédito,5678.04,283.9,5394.14,3104.48,2289.66,0.424472
2025-04-23,PED-2025-00571,Conecta Distribuidora 124,BA,Feira de Santana,Bruno Costa,Nobreak 1500VA,Energia,3,1224.24,0.03,669.94,Transferência,3672.72,110.18,3562.54,2009.82,1552.72,0.435846
2025-04-23,PED-2025-00571,Conecta Distribuidora 124,BA,Feira de Santana,Bruno Costa,Notebook Pro 15,Informática,3,5039.45,0.05,3508.59,Transferência,15118.35,755.92,14362.43,10525.77,3836.66,0.267132
2025-04-23,PED-2025-00720,Prime Tecnologia 059,RJ,Petrópolis,Juliana Mendes,Cadeira Ergonômica,Móveis,2,1458.54,0.1,758.93,Cartão de crédito,2917.08,291.71,2625.37,1517.86,1107.51,0.42185
2025-04-23,PED-2025-01044,Horizonte Serviços 125,BA,Vitória da Conquista,Juliana Mendes,Filtro de Linha Premium,Energia,3,124.8,0.1,49.85,Pix,374.4,37.44,336.96,149.55,187.41,0.556179
2025-04-23,PED-2025-01044,Horizonte Serviços 125,BA,Vitória da Conquista,Juliana Mendes,Notebook Essencial 14,Informática,1,2860.24,0.15,1964.56,Pix,2860.24,429.04,2431.2,1964.56,466.64,0.191939
2025-04-24,PED-2025-00371,Central Comercial 073,RS,Pelotas,Fernanda Alves,Notebook Pro 15,Informática,1,4849.93,0.05,3434.57,Cartão de crédito,4849.93,242.5,4607.43,3434.57,1172.86,0.254559
2025-04-24,PED-2025-00387,Nova Serviços 157,SP,São Paulo,Diego Lima,Switch 24 Portas,Conectividade,3,1137.97,0.0,616.48,Cartão de crédito,3413.91,0.0,3413.91,1849.44,1564.47,0.458263
2025-04-24,PED-2025-00425,Cliente não informado,SP,Santos,Bruno Costa,Teclado Mecânico,Acessórios,2,375.44,0.1,191.37,Cartão de crédito,750.88,75.09,675.79,382.74,293.05,0.433642
2025-04-25,PED-2025-00018,Aurora Distribuidora 212,SP,Ribeirão Preto,Lucas Barros,Impressora Multifuncional,Impressão,3,1664.67,0.08,1045.66,Pix,4994.01,399.52,4594.49,3136.98,1457.51,0.31723
2025-04-25,PED-2025-00018,Aurora Distribuidora 212,SP,Ribeirão Preto,Lucas Barros,Notebook Essencial 14,Informática,2,2978.52,0.0,1974.83,Pix,5957.04,0.0,5957.04,3949.66,2007.38,0.336976
2025-04-25,PED-2025-00281,Aurora Distribuidora 212,SP,Ribeirão Preto,Gustavo Ribeiro,Access Point Wi-Fi 6,Conectividade,2,934.22,0.0,481.02,Cartão de crédito,1868.44,0.0,1868.44,962.04,906.4,0.485111
2025-04-25,PED-2025-00281,Aurora Distribuidora 212,SP,Ribeirão Preto,Gustavo Ribeiro,Mesa Ajustável,Móveis,2,1903.85,0.0,1051.72,Cartão de crédito,3807.7,0.0,3807.7,2103.44,1704.26,0.447583
2025-04-25,PED-2025-00281,Aurora Distribuidora 212,SP,Ribeirão Preto,Gustavo Ribeiro,Teclado Mecânico,Acessórios,1,391.27,0.15,196.97,Cartão de crédito,391.27,58.69,332.58,196.97,135.61,0.407751
2025-04-25,PED-2025-00986,Nova Engenharia 047,SP,São Paulo,Camila Rocha,Filtro de Linha Premium,Energia,7,125.73,0.15,52.25,Cartão de crédito,880.11,132.02,748.09,365.75,382.34,0.511091
2025-04-26,PED-2025-00058,Nova Comercial 137,MG,Belo Horizonte,Bruno Costa,Teclado Mecânico,Acessórios,1,395.21,0.0,197.99,Pix,395.21,0.0,395.21,197.99,197.22,0.499026
2025-04-26,PED-2025-00058,Nova Comercial 137,MG,Belo Horizonte,Bruno Costa,Toner Preto,Impressão,2,332.23,0.05,148.55,Pix,664.46,33.22,631.24,297.1,334.14,0.529337
2025-04-26,PED-2025-00485,Prime Comercial 169,SC,Florianópolis,Diego Lima,Headset Corporativo,Acessórios,6,333.29,0.1,164.31,Cartão de débito,1999.74,199.97,1799.77,985.86,813.91,0.452229
2025-04-26,PED-2025-00485,Prime Comercial 169,SC,Florianópolis,Diego Lima,Roteador Empresarial,Conectividade,3,769.21,0.1,381.55,Cartão de débito,2307.63,230.76,2076.87,1144.65,932.22,0.448857
2025-04-26,PED-2025-00614,Vértice Distribuidora 060,PR,Curitiba,Camila Rocha,Headset Corporativo,Acessórios,3,336.8,0.1,154.66,Cartão de crédito,1010.4,101.04,909.36,463.98,445.38,0.489773
2025-04-26,PED-2025-00614,Vértice Distribuidora 060,PR,Curitiba,Camila Rocha,Mouse Sem Fio,Acessórios,6,144.32,0.03,68.18,Cartão de crédito,865.92,25.98,839.94,409.08,430.86,0.512967
2025-04-26,PED-2025-00645,Ponto Distribuidora 188,SP,Campinas,Lucas Barros,Cadeira Ergonômica,Móveis,2,1398.07,0.0,790.87,Cartão de crédito,2796.14,0.0,2796.14,1581.74,1214.4,0.434313
2025-04-26,PED-2025-00800,Central Engenharia 023,PR,Maringá,Fernanda Alves,Cadeira Ergonômica,Móveis,1,1375.07,0.1,782.19,Pix,1375.07,137.51,1237.56,782.19,455.37,0.367959
2025-04-26,PED-2025-00800,Central Engenharia 023,PR,Maringá,Fernanda Alves,Filtro de Linha Premium,Energia,5,122.05,0.0,49.64,Pix,610.25,0.0,610.25,248.2,362.05,0.593281
2025-04-27,PED-2025-00016,Integra Soluções 096,MG,Juiz de Fora,Bruno Costa,Monitor Ultrawide 29,Informática,4,1799.97,0.08,1172.39,Pix,7199.88,575.99,6623.89,4689.56,1934.33,0.292023
2025-04-27,PED-2025-00204,Aurora Varejo 022,SP,Santos,Gustavo Ribeiro,Notebook Essencial 14,Informática,1,2933.17,0.1,2075.61,Pix,2933.17,293.32,2639.85,2075.61,564.24,0.21374
2025-04-27,PED-2025-00353,Horizonte Comercial 105,SP,Ribeirão Preto,Gustavo Ribeiro,Teclado Mecânico,Acessórios,1,384.89,0.15,198.87,Pix,384.89,57.73,327.16,198.87,128.29,0.392126
2025-04-27,PED-2025-00492,Ponto Varejo 118,PR,Londrina,Fernanda Alves,Mesa Ajustável,Móveis,1,1894.5,0.0,1073.15,Cartão de débito,1894.5,0.0,1894.5,1073.15,821.35,0.433544
2025-04-27,PED-2025-00492,Ponto Varejo 118,PR,Londrina,Fernanda Alves,Notebook Essencial 14,Informática,4,2780.23,0.05,1967.12,Cartão de débito,11120.92,556.05,10564.87,7868.48,2696.39,0.255223
2025-04-27,PED-2025-00837,Vértice Soluções 080,SP,Ribeirão Preto,Juliana Mendes,Monitor Ultrawide 29,Informática,1,1821.45,0.08,1149.66,Pix,1821.45,145.72,1675.73,1149.66,526.07,0.313936
2025-04-27,PED-2025-00837,Vértice Soluções 080,SP,Ribeirão Preto,Juliana Mendes,Mouse Sem Fio,Acessórios,3,150.86,0.1,68.91,Pix,452.58,45.26,407.32,206.73,200.59,0.492465
2025-04-27,PED-2025-00906,Central Serviços 013,SP,Ribeirão Preto,Juliana Mendes,Impressora Multifuncional,Impressão,6,1556.88,0.0,1009.33,Cartão de débito,9341.28,0.0,9341.28,6055.98,3285.3,0.351697
2025-04-27,PED-2025-00906,Cliente não informado,SP,Ribeirão Preto,Juliana Mendes,Roteador Empresarial,Conectividade,1,778.99,0.1,375.93,Cartão de débito,778.99,77.9,701.09,375.93,325.16,0.463793
2025-04-27,PED-2025-01004,Aurora Distribuidora 092,SP,São Paulo,Diego Lima,Gaveteiro Executivo,Móveis,2,717.55,0.1,364.64,Transferência,1435.1,143.51,1291.59,729.28,562.31,0.435363
2025-04-28,PED-2025-00069,Conecta Logística 034,MG,Juiz de Fora,Juliana Mendes,Headset Corporativo,Acessórios,2,339.0,0.1,155.6,Boleto,678.0,67.8,610.2,311.2,299.0,0.490003
2025-04-28,PED-2025-00100,Integra Logística 106,MG,Uberlândia,Lucas Barros,Mouse Sem Fio,Acessórios,3,150.23,0.12,68.22,Pix,450.69,54.08,396.61,204.66,191.95,0.483973
2025-04-28,PED-2025-00100,Integra Logística 106,MG,Uberlândia,Lucas Barros,Toner Preto,Impressão,2,335.03,0.1,146.0,Pix,670.06,67.01,603.05,292.0,311.05,0.515798
2025-04-28,PED-2025-00251,Nova Serviços 077,SP,Santos,Camila Rocha,Notebook Pro 15,Informática,1,4933.17,0.1,3418.81,Cartão de crédito,4933.17,493.32,4439.85,3418.81,1021.04,0.229972
2025-04-28,PED-2025-00600,Conecta Varejo 174,SP,São Paulo,Diego Lima,Cadeira Ergonômica,Móveis,3,1444.45,0.08,756.17,Cartão de débito,4333.35,346.67,3986.68,2268.51,1718.17,0.430978
2025-04-28,PED-2025-00600,Conecta Varejo 174,SP,São Paulo,Diego Lima,Notebook Essencial 14,Informática,2,2879.36,0.08,2037.09,Cartão de débito,5758.72,460.7,5298.02,4074.18,1223.84,0.231
2025-04-28,PED-2025-00813,Conecta Distribuidora 044,MG,Belo Horizonte,Diego Lima,Mouse Sem Fio,Acessórios,1,156.33,0.0,70.04,Boleto,156.33,0.0,156.33,70.04,86.29,0.551973
2025-04-28,PED-2025-00842,Aurora Distribuidora 012,RS,Porto Alegre,Diego Lima,Headset Corporativo,Acessórios,3,336.65,0.1,160.45,Boleto,1009.95,101.0,908.96,481.35,427.6,0.470436
2025-04-28,PED-2025-00905,Alfa Serviços 101,MG,Uberlândia,Camila Rocha,Monitor Ultrawide 29,Informática,9,1725.05,0.0,1133.04,Cartão de crédito,15525.45,0.0,15525.45,10197.36,5328.09,0.343184
2025-04-29,PED-2025-00223,Prime Serviços 069,GO,Goiânia,Fernanda Alves,Switch 24 Portas,Conectividade,3,1084.7,0.0,618.97,Cartão de crédito,3254.1,0.0,3254.1,1856.91,1397.19,0.429363
2025-04-29,PED-2025-00223,Prime Serviços 069,GO,Goiânia,Fernanda Alves,Toner Preto,Impressão,5,325.43,0.0,148.41,Cartão de crédito,1627.15,0.0,1627.15,742.05,885.1,0.543957
2025-04-29,PED-2025-00991,Alfa Serviços 061,SP,Ribeirão Preto,Fernanda Alves,Gaveteiro Executivo,Móveis,2,683.66,0.0,374.94,Cartão de crédito,1367.32,0.0,1367.32,749.88,617.44,0.451569
2025-04-29,PED-2025-00991,Alfa Serviços 061,SP,Ribeirão Preto,Fernanda Alves,Nobreak 1500VA,Energia,1,1233.33,0.0,679.86,Cartão de crédito,1233.33,0.0,1233.33,679.86,553.47,0.448761
2025-04-30,PED-2025-00450,Conecta Distribuidora 164,SP,Santos,Gustavo Ribeiro,Filtro de Linha Premium,Energia,5,116.11,0.05,49.53,Boleto,580.55,29.03,551.52,247.65,303.87,0.55097
2025-04-30,PED-2025-00450,Conecta Distribuidora 164,SP,Santos,Gustavo Ribeiro,Headset Corporativo,Acessórios,6,321.45,0.1,154.43,Boleto,1928.7,192.87,1735.83,926.58,809.25,0.466203
2025-05-01,PED-2025-00055,Aurora Logística 042,SP,Ribeirão Preto,Juliana Mendes,Gaveteiro Executivo,Móveis,3,715.53,0.0,377.53,Pix,2146.59,0.0,2146.59,1132.59,1014.0,0.472377
2025-05-01,PED-2025-00055,Aurora Logística 042,SP,Ribeirão Preto,Juliana Mendes,Mouse Sem Fio,Acessórios,1,143.97,0.1,68.91,Pix,143.97,14.4,129.57,68.91,60.66,0.468176
2025-05-01,PED-2025-00141,Nova Serviços 117,DF,Brasília,Bruno Costa,Headset Corporativo,Acessórios,4,322.09,0.08,156.17,Boleto,1288.36,103.07,1185.29,624.68,560.61,0.472973
2025-05-01,PED-2025-00229,Integra Distribuidora 116,SP,Campinas,Ana Martins,Cadeira Ergonômica,Móveis,1,1394.52,0.08,782.85,Pix,1394.52,111.56,1282.96,782.85,500.11,0.389809
2025-05-01,PED-2025-00857,Horizonte Serviços 165,PR,Maringá,Juliana Mendes,Headset Corporativo,Acessórios,3,321.37,0.0,161.61,Boleto,964.11,0.0,964.11,484.83,479.28,0.497122
2025-05-01,PED-2025-00857,Horizonte Serviços 165,PR,Maringá,Juliana Mendes,Kit Toner Colorido,Impressão,2,868.66,0.1,412.24,Boleto,1737.32,173.73,1563.59,824.48,739.11,0.4727
2025-05-01,PED-2025-00913,Prime Comercial 209,SP,São Paulo,Não informado,Webcam Full HD,Acessórios,2,282.17,0.0,133.3,Transferência,564.34,0.0,564.34,266.6,297.74,0.52759
2025-05-01,PED-2025-01034,Horizonte Serviços 165,RJ,Rio de Janeiro,Gustavo Ribeiro,Nobreak 1500VA,Energia,7,1172.85,0.08,692.59,Pix,8209.95,656.8,7553.15,4848.13,2705.02,0.358132
2025-05-01,PED-2025-01034,Horizonte Serviços 165,RJ,Rio de Janeiro,Gustavo Ribeiro,Toner Preto,Impressão,2,316.99,0.12,148.52,Pix,633.98,76.08,557.9,297.04,260.86,0.467577
2025-05-02,PED-2025-00402,Conecta Logística 114,PR,Londrina,Diego Lima,Notebook Pro 15,Informática,1,4840.56,0.1,3488.7,Pix,4840.56,484.06,4356.5,3488.7,867.8,0.199197
2025-05-02,PED-2025-00402,Conecta Logística 114,PR,Londrina,Diego Lima,Toner Preto,Impressão,2,334.7,0.0,142.84,Pix,669.4,0.0,669.4,285.68,383.72,0.57323
2025-05-02,PED-2025-00769,Aurora Soluções 192,RJ,Petrópolis,Fernanda Alves,Filtro de Linha Premium,Energia,1,119.12,0.05,50.14,Cartão de débito,119.12,5.96,113.16,50.14,63.02,0.556926
2025-05-02,PED-2025-00769,Aurora Soluções 192,RJ,Petrópolis,Fernanda Alves,Monitor Ultrawide 29,Informática,3,1745.02,0.0,1175.08,Cartão de débito,5235.06,0.0,5235.06,3525.24,1709.82,0.326609
2025-05-03,PED-2025-00772,Aurora Distribuidora 172,DF,Brasília,Camila Rocha,Mouse Sem Fio,Acessórios,3,155.69,0.1,68.02,Pix,467.07,46.71,420.36,204.06,216.3,0.514562
2025-05-03,PED-2025-00772,Aurora Distribuidora 172,DF,Brasília,Camila Rocha,Notebook Pro 15,Informática,2,4696.73,0.05,3418.91,Pix,9393.46,469.67,8923.79,6837.82,2085.97,0.233754
2025-05-03,PED-2025-00860,Central Engenharia 023,RS,Caxias do Sul,Camila Rocha,Mouse Sem Fio,Acessórios,2,146.9,0.15,67.51,Pix,293.8,44.07,249.73,135.02,114.71,0.459336
2025-05-03,PED-2025-01009,Alfa Engenharia 151,RS,Pelotas,Juliana Mendes,Impressora Multifuncional,Impressão,1,1560.43,0.08,1001.51,Cartão de débito,1560.43,124.83,1435.6,1001.51,434.09,0.302373
2025-05-03,PED-2025-01009,Alfa Engenharia 151,RS,Pelotas,Juliana Mendes,Mouse Sem Fio,Acessórios,3,145.62,0.05,65.97,Cartão de débito,436.86,21.84,415.02,197.91,217.11,0.523128
2025-05-03,PED-2025-01029,Conecta Distribuidora 124,GO,Goiânia,Ana Martins,Impressora Multifuncional,Impressão,1,1599.0,0.0,993.42,Transferência,1599.0,0.0,1599.0,993.42,605.58,0.378724
2025-05-03,PED-2025-01029,Conecta Distribuidora 124,GO,Goiânia,Ana Martins,Mouse Sem Fio,Acessórios,2,148.68,0.08,66.66,Transferência,297.36,23.79,273.57,133.32,140.25,0.512668
2025-05-04,PED-2025-00807,Ponto Logística 218,SP,Campinas,Camila Rocha,Switch 24 Portas,Conectividade,1,1161.01,0.12,603.19,Cartão de crédito,1161.01,139.32,1021.69,603.19,418.5,0.409615
2025-05-04,PED-2025-00807,Ponto Logística 218,SP,Campinas,Camila Rocha,Webcam Full HD,Acessórios,1,288.73,0.08,137.13,Cartão de crédito,288.73,23.1,265.63,137.13,128.5,0.483759
2025-05-04,PED-2025-00836,Central Tecnologia 083,SC,Florianópolis,Lucas Barros,Filtro de Linha Premium,Energia,3,124.37,0.05,50.95,Cartão de débito,373.11,18.66,354.45,152.85,201.6,0.568774
2025-05-04,PED-2025-00836,Central Tecnologia 083,SC,Florianópolis,Lucas Barros,Headset Corporativo,Acessórios,12,336.74,0.03,162.59,Cartão de débito,4040.88,121.23,3919.65,1951.08,1968.57,0.502232
2025-05-04,PED-2025-01077,Central Tecnologia 043,RJ,Rio de Janeiro,Ana Martins,Teclado Mecânico,Acessórios,1,408.26,0.12,196.45,Transferência,408.26,48.99,359.27,196.45,162.82,0.453195
2025-05-05,PED-2025-00073,Conecta Distribuidora 044,RJ,Petrópolis,Bruno Costa,Toner Preto,Impressão,2,319.95,0.0,148.52,Cartão de débito,639.9,0.0,639.9,297.04,342.86,0.535802
2025-05-05,PED-2025-00086,Central Serviços 093,PR,Curitiba,Bruno Costa,Monitor Ultrawide 29,Informática,4,1783.04,0.03,1202.23,Transferência,7132.16,213.96,6918.2,4808.92,2109.28,0.304888
2025-05-05,PED-2025-00086,Central Serviços 093,PR,Curitiba,Bruno Costa,Notebook Essencial 14,Informática,1,2970.59,0.1,2033.78,Transferência,2970.59,297.06,2673.53,2033.78,639.75,0.239291
2025-05-05,PED-2025-00086,Central Serviços 093,PR,Curitiba,Bruno Costa,Toner Preto,Impressão,3,320.88,0.15,146.72,Transferência,962.64,144.4,818.24,440.16,378.08,0.462068
2025-05-05,PED-2025-00455,Central Engenharia 143,PE,Olinda,Ana Martins,Impressora Multifuncional,Impressão,5,1590.95,0.0,1042.79,Boleto,7954.75,0.0,7954.75,5213.95,2740.8,0.344549
2025-05-05,PED-2025-00455,Central Engenharia 143,PE,Olinda,Ana Martins,Nobreak 1500VA,Energia,1,1180.19,0.12,696.61,Boleto,1180.19,141.62,1038.57,696.61,341.96,0.329259
2025-05-05,PED-2025-00457,Nova Comercial 097,MG,Uberlândia,Bruno Costa,Monitor Ultrawide 29,Informática,2,1819.37,0.1,1185.28,Cartão de crédito,3638.74,363.87,3274.87,2370.56,904.31,0.276135
2025-05-05,PED-2025-00457,Nova Comercial 097,MG,Uberlândia,Bruno Costa,Nobreak 1500VA,Energia,1,1190.54,0.05,672.66,Cartão de crédito,1190.54,59.53,1131.01,672.66,458.35,0.405259
2025-05-05,PED-2025-01111,Prime Tecnologia 139,MG,Belo Horizonte,Gustavo Ribeiro,Impressora Multifuncional,Impressão,2,1644.43,0.15,1005.88,Boleto,3288.86,493.33,2795.53,2011.76,783.77,0.280366
2025-05-06,PED-2025-00601,Aurora Varejo 062,RS,Caxias do Sul,Lucas Barros,Cadeira Ergonômica,Móveis,4,1409.27,0.1,748.84,Cartão de crédito,5637.08,563.71,5073.37,2995.36,2078.01,0.409592
2025-05-06,PED-2025-00912,Vértice Varejo 110,BA,Salvador,Gustavo Ribeiro,Monitor Ultrawide 29,Informática,2,1782.57,0.1,1158.01,Boleto,3565.14,356.51,3208.63,2316.02,892.61,0.278189
2025-05-06,PED-2025-01106,Nova Engenharia 087,BA,Salvador,Juliana Mendes,Filtro de Linha Premium,Energia,5,122.28,0.0,52.39,Pix,611.4,0.0,611.4,261.95,349.45,0.571557
2025-05-06,PED-2025-01106,Nova Engenharia 087,BA,Salvador,Juliana Mendes,Notebook Pro 15,Informática,12,4983.97,0.0,3347.46,Pix,59807.64,0.0,59807.64,40169.52,19638.12,0.328355
2025-05-07,PED-2025-00760,Central Serviços 173,RJ,Rio de Janeiro,Bruno Costa,Teclado Mecânico,Acessórios,5,391.91,0.0,197.84,Pix,1959.55,0.0,1959.55,989.2,970.35,0.49519
2025-05-07,PED-2025-00917,Ponto Logística 058,MG,Belo Horizonte,Fernanda Alves,Access Point Wi-Fi 6,Conectividade,1,864.61,0.08,468.15,Pix,864.61,69.17,795.44,468.15,327.29,0.411459
2025-05-07,PED-2025-00917,Ponto Logística 058,MG,Belo Horizonte,Fernanda Alves,Teclado Mecânico,Acessórios,4,403.03,0.03,191.2,Pix,1612.12,48.36,1563.76,764.8,798.96,0.510921
2025-05-08,PED-2025-00083,Nova Engenharia 167,RJ,Niterói,Camila Rocha,Gaveteiro Executivo,Móveis,1,662.47,0.0,376.9,Cartão de crédito,662.47,0.0,662.47,376.9,285.57,0.431069
2025-05-09,PED-2025-00159,Central Comercial 073,DF,Brasília,Bruno Costa,Cadeira Ergonômica,Móveis,2,1351.74,0.05,784.08,Pix,2703.48,135.17,2568.31,1568.16,1000.15,0.389419
2025-05-09,PED-2025-00159,Central Comercial 073,DF,Brasília,Bruno Costa,Gaveteiro Executivo,Móveis,4,697.66,0.0,358.4,Pix,2790.64,0.0,2790.64,1433.6,1357.04,0.486283
2025-05-09,PED-2025-00374,Central Engenharia 143,SP,São Paulo,Diego Lima,Monitor Ultrawide 29,Informática,4,1848.85,0.1,1136.68,Pix,7395.4,739.54,6655.86,4546.72,2109.14,0.316885
2025-05-09,PED-2025-00374,Central Engenharia 143,SP,São Paulo,Diego Lima,Notebook Essencial 14,Informática,3,2938.93,0.0,2092.95,Pix,8816.79,0.0,8816.79,6278.85,2537.94,0.287853
2025-05-09,PED-2025-00848,Ponto Soluções 048,RS,Caxias do Sul,Gustavo Ribeiro,Mesa Ajustável,Móveis,4,1884.81,0.0,1040.65,Pix,7539.24,0.0,7539.24,4162.6,3376.64,0.447875
2025-05-09,PED-2025-00848,Ponto Soluções 048,RS,Caxias do Sul,Gustavo Ribeiro,Toner Preto,Impressão,3,341.31,0.08,142.48,Pix,1023.93,81.91,942.02,427.44,514.58,0.54625
2025-05-10,PED-2025-00469,Alfa Engenharia 111,SP,Campinas,Lucas Barros,Notebook Essencial 14,Informática,3,3018.19,0.15,2019.58,Boleto,9054.57,1358.19,7696.38,6058.74,1637.64,0.212781
2025-05-10,PED-2025-00469,Alfa Engenharia 111,SP,Campinas,Lucas Barros,Toner Preto,Impressão,3,334.44,0.08,144.91,Boleto,1003.32,80.27,923.05,434.73,488.32,0.529031
2025-05-10,PED-2025-00599,Central Comercial 073,PR,Curitiba,Juliana Mendes,Impressora Multifuncional,Impressão,1,1547.86,0.0,1021.94,Cartão de crédito,1547.86,0.0,1547.86,1021.94,525.92,0.339772
2025-05-10,PED-2025-00599,Central Comercial 073,PR,Curitiba,Juliana Mendes,Switch 24 Portas,Conectividade,2,1164.12,0.15,602.51,Cartão de crédito,2328.24,349.24,1979.0,1205.02,773.98,0.391098
2025-05-10,PED-2025-00710,Prime Comercial 009,RS,Porto Alegre,Fernanda Alves,Webcam Full HD,Acessórios,2,270.25,0.08,133.53,Cartão de débito,540.5,43.24,497.26,267.06,230.2,0.462937
2025-05-10,PED-2025-00732,Integra Soluções 096,PR,Maringá,Ana Martins,Toner Preto,Impressão,1,326.06,0.08,142.87,Pix,326.06,26.08,299.98,142.87,157.11,0.523727
2025-05-10,PED-2025-01093,Prime Serviços 069,PE,Caruaru,Juliana Mendes,Notebook Pro 15,Informática,3,4804.47,0.15,3359.11,Cartão de crédito,14413.41,2162.01,12251.4,10077.33,2174.07,0.177455
2025-05-11,PED-2025-00265,Central Engenharia 103,GO,Aparecida de Goiânia,Gustavo Ribeiro,Access Point Wi-Fi 6,Conectividade,2,865.88,0.1,487.25,Boleto,1731.76,173.18,1558.58,974.5,584.08,0.374753
2025-05-11,PED-2025-00265,Cliente não informado,GO,Aparecida de Goiânia,Gustavo Ribeiro,Filtro de Linha Premium,Energia,3,121.8,0.03,50.9,Boleto,365.4,10.96,354.44,152.7,201.74,0.569177
2025-05-11,PED-2025-00265,Central Engenharia 103,GO,Aparecida de Goiânia,Gustavo Ribeiro,Notebook Pro 15,Informática,4,4757.1,0.08,3440.9,Boleto,19028.4,1522.27,17506.13,13763.6,3742.53,0.213784
2025-05-11,PED-2025-00274,Ponto Varejo 038,SP,Ribeirão Preto,Bruno Costa,Mesa Ajustável,Móveis,4,1896.09,0.0,1022.88,Pix,7584.36,0.0,7584.36,4091.52,3492.84,0.460532
2025-05-11,PED-2025-00274,Ponto Varejo 038,SP,Ribeirão Preto,Bruno Costa,Mouse Sem Fio,Acessórios,1,154.65,0.12,69.06,Pix,154.65,18.56,136.09,69.06,67.03,0.492549
2025-05-11,PED-2025-00636,Conecta Soluções 104,MG,Uberlândia,Lucas Barros,Nobreak 1500VA,Energia,2,1143.78,0.08,694.67,Boleto,2287.56,183.0,2104.56,1389.34,715.22,0.339842
2025-05-11,PED-2025-01122,Nova Comercial 137,DF,Brasília,Fernanda Alves,Notebook Essencial 14,Informática,6,2802.89,0.0,2061.38,Boleto,16817.34,0.0,16817.34,12368.28,4449.06,0.264552
2025-05-12,PED-2025-00810,Integra Distribuidora 116,MG,Uberlândia,Fernanda Alves,Notebook Essencial 14,Informática,2,2807.74,0.1,1988.78,Cartão de débito,5615.48,561.55,5053.93,3977.56,1076.37,0.212977
2025-05-13,PED-2025-00531,Ponto Distribuidora 188,MG,Juiz de Fora,Bruno Costa,Kit Toner Colorido,Impressão,2,865.29,0.0,415.65,Boleto,1730.58,0.0,1730.58,831.3,899.28,0.519641
2025-05-13,PED-2025-00531,Ponto Distribuidora 188,MG,Juiz de Fora,Bruno Costa,Mouse Sem Fio,Acessórios,1,146.91,0.08,69.68,Boleto,146.91,11.75,135.16,69.68,65.48,0.484452
2025-05-13,PED-2025-00576,Prime Serviços 189,SP,São Paulo,Juliana Mendes,Teclado Mecânico,Acessórios,2,407.99,0.05,193.8,Pix,815.98,40.8,775.18,387.6,387.58,0.499988
2025-05-13,PED-2025-00576,Prime Serviços 189,SP,São Paulo,Juliana Mendes,Toner Preto,Impressão,3,343.86,0.1,144.56,Pix,1031.58,103.16,928.42,433.68,494.74,0.532885
2025-05-13,PED-2025-00892,Alfa Comercial 041,PR,Maringá,Diego Lima,Filtro de Linha Premium,Energia,2,116.45,0.08,52.32,Boleto,232.9,18.63,214.27,104.64,109.63,0.51164
2025-05-13,PED-2025-00892,Alfa Comercial 041,PR,Maringá,Diego Lima,Impressora Multifuncional,Impressão,4,1644.57,0.08,980.2,Boleto,6578.28,526.26,6052.02,3920.8,2131.22,0.35215
2025-05-13,PED-2025-00892,Alfa Comercial 041,PR,Maringá,Diego Lima,Mouse Sem Fio,Acessórios,1,145.47,0.12,66.48,Boleto,145.47,17.46,128.01,66.48,61.53,0.48068
2025-05-13,PED-2025-01031,Aurora Distribuidora 092,MG,Juiz de Fora,Ana Martins,Mouse Sem Fio,Acessórios,6,148.3,0.03,68.78,Cartão de débito,889.8,26.69,863.11,412.68,450.43,0.521866
2025-05-13,PED-2025-01059,Prime Comercial 129,SP,São Paulo,Camila Rocha,Toner Preto,Impressão,1,334.35,0.0,144.55,Pix,334.35,0.0,334.35,144.55,189.8,0.567669
2025-05-15,PED-2025-00078,Aurora Soluções 072,RJ,Petrópolis,Juliana Mendes,Teclado Mecânico,Acessórios,2,379.69,0.05,187.15,Cartão de débito,759.38,37.97,721.41,374.3,347.11,0.481156
2025-05-15,PED-2025-00078,Aurora Soluções 072,RJ,Petrópolis,Juliana Mendes,Webcam Full HD,Acessórios,6,281.08,0.12,129.37,Cartão de débito,1686.48,202.38,1484.1,776.22,707.88,0.476977
2025-05-15,PED-2025-00106,Prime Serviços 109,MG,Uberlândia,Diego Lima,Access Point Wi-Fi 6,Conectividade,1,922.31,0.15,492.87,Cartão de crédito,922.31,138.35,783.96,492.87,291.09,0.37131
2025-05-15,PED-2025-00106,Prime Serviços 109,MG,Uberlândia,Diego Lima,Notebook Essencial 14,Informática,2,2878.87,0.0,2045.13,Cartão de crédito,5757.74,0.0,5757.74,4090.26,1667.48,0.289607
2025-05-15,PED-2025-00306,Central Engenharia 143,SP,Santos,Juliana Mendes,Impressora Multifuncional,Impressão,2,1650.1,0.0,1034.55,Transferência,3300.2,0.0,3300.2,2069.1,1231.1,0.373038
2025-05-15,PED-2025-00673,Nova Engenharia 167,PR,Londrina,Lucas Barros,Headset Corporativo,Acessórios,5,320.86,0.03,158.2,Cartão de débito,1604.3,48.13,1556.17,791.0,765.17,0.491701
2025-05-15,PED-2025-00673,Nova Engenharia 167,PR,Londrina,Lucas Barros,Teclado Mecânico,Acessórios,1,387.41,0.05,195.93,Cartão de débito,387.41,19.37,368.04,195.93,172.11,0.467639
2025-05-16,PED-2025-00702,Horizonte Serviços 125,MG,Belo Horizonte,Ana Martins,Notebook Pro 15,Informática,3,4974.03,0.08,3351.68,Cartão de crédito,14922.09,1193.77,13728.32,10055.04,3673.28,0.26757
2025-05-16,PED-2025-00702,Horizonte Serviços 125,MG,Belo Horizonte,Ana Martins,Switch 24 Portas,Conectividade,3,1169.3,0.05,615.95,Cartão de crédito,3507.9,175.4,3332.5,1847.85,1484.65,0.445507
2025-05-18,PED-2025-00094,Prime Comercial 209,SP,Santos,Bruno Costa,Nobreak 1500VA,Energia,2,1242.63,0.1,660.3,Cartão de débito,2485.26,248.53,2236.73,1320.6,916.13,0.409586
2025-05-18,PED-2025-00094,Cliente não informado,SP,Santos,Bruno Costa,Notebook Essencial 14,Informática,2,2886.52,0.0,2034.99,Cartão de débito,5773.04,0.0,5773.04,4069.98,1703.06,0.295002
2025-05-18,PED-2025-00094,Prime Comercial 209,SP,Santos,Bruno Costa,Toner Preto,Impressão,1,317.04,0.08,144.7,Cartão de débito,317.04,25.36,291.68,144.7,146.98,0.503903
2025-05-18,PED-2025-00133,Alfa Tecnologia 131,MG,Belo Horizonte,Lucas Barros,Access Point Wi-Fi 6,Conectividade,2,873.76,0.08,494.67,Cartão de crédito,1747.52,139.8,1607.72,989.34,618.38,0.384631
2025-05-18,PED-2025-00329,Horizonte Comercial 065,RJ,Petrópolis,Não informado,Roteador Empresarial,Conectividade,1,739.22,0.08,376.03,Pix,739.22,59.14,680.08,376.03,304.05,0.447082
2025-05-18,PED-2025-00412,Horizonte Tecnologia 155,RS,Pelotas,Lucas Barros,Notebook Essencial 14,Informática,2,2967.88,0.12,2097.83,Cartão de crédito,5935.76,712.29,5223.47,4195.66,1027.81,0.196767
2025-05-18,PED-2025-00481,Ponto Logística 178,GO,Aparecida de Goiânia,Camila Rocha,Impressora Multifuncional,Impressão,2,1565.26,0.0,1002.9,Cartão de débito,3130.52,0.0,3130.52,2005.8,1124.72,0.359276
2025-05-18,PED-2025-00680,Aurora Soluções 152,SP,Ribeirão Preto,Gustavo Ribeiro,Kit Toner Colorido,Impressão,6,861.68,0.0,419.99,Cartão de crédito,5170.08,0.0,5170.08,2519.94,2650.14,0.512592
2025-05-18,PED-2025-00957,Aurora Varejo 102,DF,Brasília,Juliana Mendes,Kit Toner Colorido,Impressão,7,880.35,0.05,400.53,Cartão de crédito,6162.45,308.12,5854.33,2803.71,3050.62,0.521088
2025-05-18,PED-2025-00957,Aurora Varejo 102,DF,Brasília,Juliana Mendes,Toner Preto,Impressão,8,333.0,0.05,142.72,Cartão de crédito,2664.0,133.2,2530.8,1141.76,1389.04,0.548854
2025-05-19,PED-2025-00088,Central Comercial 073,RJ,Petrópolis,Camila Rocha,Toner Preto,Impressão,1,326.08,0.03,142.59,Cartão de crédito,326.08,9.78,316.3,142.59,173.71,0.54919
2025-05-19,PED-2025-00364,Nova Tecnologia 147,PE,Olinda,Lucas Barros,Mouse Sem Fio,Acessórios,6,153.7,0.03,66.02,Cartão de crédito,922.2,27.67,894.53,396.12,498.41,0.557177
2025-05-19,PED-2025-00364,Nova Tecnologia 147,PE,Olinda,Lucas Barros,Notebook Essencial 14,Informática,4,2864.64,0.08,2008.19,Cartão de crédito,11458.56,916.68,10541.88,8032.76,2509.12,0.238014
2025-05-19,PED-2025-00364,Nova Tecnologia 147,PE,Olinda,Lucas Barros,Teclado Mecânico,Acessórios,2,384.64,0.0,190.03,Cartão de crédito,769.28,0.0,769.28,380.06,389.22,0.505954
2025-05-19,PED-2025-00395,Horizonte Engenharia 135,SP,Campinas,Bruno Costa,Notebook Essencial 14,Informática,5,2968.08,0.12,2025.86,Cartão de crédito,14840.4,1780.85,13059.55,10129.3,2930.25,0.224376
2025-05-19,PED-2025-01090,Ponto Soluções 168,SP,Ribeirão Preto,Camila Rocha,Mouse Sem Fio,Acessórios,2,156.87,0.05,66.87,Pix,313.74,15.69,298.05,133.74,164.31,0.551288
2025-05-19,PED-2025-01090,Ponto Soluções 168,SP,Ribeirão Preto,Camila Rocha,Teclado Mecânico,Acessórios,2,396.55,0.05,190.7,Pix,793.1,39.66,753.44,381.4,372.05,0.493792
2025-05-21,PED-2025-00303,Nova Serviços 077,SP,São Paulo,Camila Rocha,Nobreak 1500VA,Energia,2,1191.46,0.05,677.87,Pix,2382.92,119.15,2263.77,1355.74,908.03,0.401115
2025-05-21,PED-2025-00616,Prime Tecnologia 019,SP,São Paulo,Bruno Costa,Headset Corporativo,Acessórios,1,326.03,0.05,158.57,Cartão de crédito,326.03,16.3,309.73,158.57,151.16,0.488035
2025-05-23,PED-2025-00090,Vértice Varejo 150,SP,Ribeirão Preto,Lucas Barros,Access Point Wi-Fi 6,Conectividade,4,917.41,0.03,493.06,Pix,3669.64,110.09,3559.55,1972.24,1587.31,0.44593
2025-05-23,PED-2025-00090,Vértice Varejo 150,SP,Ribeirão Preto,Lucas Barros,Cadeira Ergonômica,Móveis,8,1368.22,0.0,788.67,Pix,10945.76,0.0,10945.76,6309.36,4636.4,0.42358
2025-05-23,PED-2025-00210,Vértice Soluções 040,GO,Aparecida de Goiânia,Juliana Mendes,Notebook Essencial 14,Informática,1,2841.42,0.0,2094.18,Transferência,2841.42,0.0,2841.42,2094.18,747.24,0.262981
2025-05-23,PED-2025-00249,Central Serviços 053,SC,Joinville,Camila Rocha,Headset Corporativo,Acessórios,3,334.84,0.0,157.09,Pix,1004.52,0.0,1004.52,471.27,533.25,0.530851
2025-05-23,PED-2025-00431,Nova Engenharia 167,SP,Ribeirão Preto,Diego Lima,Cadeira Ergonômica,Móveis,3,1350.87,0.1,790.26,Pix,4052.61,405.26,3647.35,2370.78,1276.57,0.349999
2025-05-23,PED-2025-00431,Nova Engenharia 167,SP,Ribeirão Preto,Diego Lima,Gaveteiro Executivo,Móveis,1,717.72,0.08,377.77,Pix,717.72,57.42,660.3,377.77,282.53,0.427883
2025-05-23,PED-2025-00560,Ponto Soluções 168,SP,Santos,Ana Martins,Access Point Wi-Fi 6,Conectividade,1,931.66,0.12,470.17,Boleto,931.66,111.8,819.86,470.17,349.69,0.426525
2025-05-23,PED-2025-00824,Conecta Logística 114,PE,Recife,Ana Martins,Mesa Ajustável,Móveis,3,1801.27,0.05,1012.92,Boleto,5403.81,270.19,5133.62,3038.76,2094.86,0.408067
2025-05-23,PED-2025-00824,Conecta Logística 114,PE,Recife,Ana Martins,Nobreak 1500VA,Energia,1,1230.88,0.1,672.91,Boleto,1230.88,123.09,1107.79,672.91,434.88,0.392566
2025-05-23,PED-2025-00898,Ponto Soluções 048,SC,Florianópolis,Juliana Mendes,Mesa Ajustável,Móveis,5,1884.7,0.1,1023.85,Boleto,9423.5,942.35,8481.15,5119.25,3361.9,0.396397
2025-05-23,PED-2025-00898,Ponto Soluções 048,SC,Florianópolis,Juliana Mendes,Mouse Sem Fio,Acessórios,5,147.09,0.0,66.58,Boleto,735.45,0.0,735.45,332.9,402.55,0.547352
2025-05-23,PED-2025-00910,Conecta Varejo 134,SP,Campinas,Diego Lima,Kit Toner Colorido,Impressão,1,874.35,0.1,420.93,Pix,874.35,87.44,786.92,420.93,365.98,0.465088
2025-05-23,PED-2025-00910,Conecta Varejo 134,SP,Campinas,Diego Lima,Mouse Sem Fio,Acessórios,2,147.94,0.12,67.85,Pix,295.88,35.51,260.37,135.7,124.67,0.478827
2025-05-24,PED-2025-00046,Vértice Soluções 200,SP,Ribeirão Preto,Bruno Costa,Cadeira Ergonômica,Móveis,1,1377.94,0.1,763.01,Cartão de crédito,1377.94,137.79,1240.15,763.01,477.14,0.384742
2025-05-24,PED-2025-00046,Vértice Soluções 200,SP,Ribeirão Preto,Bruno Costa,Notebook Pro 15,Informática,1,4871.04,0.12,3478.18,Cartão de crédito,4871.04,584.52,4286.52,3478.18,808.34,0.188576
2025-05-24,PED-2025-00188,Integra Distribuidora 156,MG,Belo Horizonte,Ana Martins,Mouse Sem Fio,Acessórios,5,146.69,0.0,68.33,Pix,733.45,0.0,733.45,341.65,391.8,0.534188
2025-05-24,PED-2025-00188,Integra Distribuidora 156,MG,Belo Horizonte,Ana Martins,Roteador Empresarial,Conectividade,2,767.85,0.1,359.04,Pix,1535.7,153.57,1382.13,718.08,664.05,0.480454
2025-05-24,PED-2025-00458,Aurora Soluções 072,SP,Campinas,Diego Lima,Teclado Mecânico,Acessórios,2,402.59,0.05,197.72,Boleto,805.18,40.26,764.92,395.44,369.48,0.483032
2025-05-24,PED-2025-00690,Vértice Distribuidora 220,SC,Florianópolis,Gustavo Ribeiro,Roteador Empresarial,Conectividade,5,757.36,0.05,362.26,Cartão de débito,3786.8,189.34,3597.46,1811.3,1786.16,0.496506
2025-05-24,PED-2025-00690,Vértice Distribuidora 220,SC,Florianópolis,Gustavo Ribeiro,Webcam Full HD,Acessórios,2,268.94,0.05,128.07,Cartão de débito,537.88,26.89,510.99,256.14,254.85,0.498734
2025-05-25,PED-2025-00640,Ponto Soluções 088,SC,Florianópolis,Camila Rocha,Mouse Sem Fio,Acessórios,2,152.91,0.05,66.61,Cartão de crédito,305.82,15.29,290.53,133.22,157.31,0.541457
2025-05-25,PED-2025-00661,Aurora Soluções 192,SP,Santos,Camila Rocha,Mesa Ajustável,Móveis,5,1885.47,0.08,1068.1,Cartão de crédito,9427.35,754.19,8673.16,5340.5,3332.66,0.38425
2025-05-25,PED-2025-00661,Aurora Soluções 192,SP,Santos,Camila Rocha,Roteador Empresarial,Conectividade,1,763.59,0.0,370.28,Cartão de crédito,763.59,0.0,763.59,370.28,393.31,0.51508
2025-05-25,PED-2025-00838,Prime Comercial 209,MG,Juiz de Fora,Fernanda Alves,Monitor Ultrawide 29,Informática,1,1753.04,0.05,1201.4,Transferência,1753.04,87.65,1665.39,1201.4,463.99,0.278607
2025-05-25,PED-2025-00838,Prime Comercial 209,MG,Juiz de Fora,Fernanda Alves,Webcam Full HD,Acessórios,2,274.59,0.12,132.69,Transferência,549.18,65.9,483.28,265.38,217.9,0.450876
2025-05-26,PED-2025-00285,Horizonte Tecnologia 195,MG,Uberlândia,Lucas Barros,Gaveteiro Executivo,Móveis,9,666.72,0.05,356.11,Cartão de crédito,6000.48,300.02,5700.46,3204.99,2495.47,0.437766
2025-05-26,PED-2025-00285,Horizonte Tecnologia 195,MG,Uberlândia,Lucas Barros,Roteador Empresarial,Conectividade,2,751.69,0.12,377.74,Cartão de crédito,1503.38,180.41,1322.97,755.48,567.49,0.428953
2025-05-26,PED-2025-00285,Horizonte Tecnologia 195,MG,Uberlândia,Lucas Barros,Teclado Mecânico,Acessórios,5,397.25,0.12,195.99,Cartão de crédito,1986.25,238.35,1747.9,979.95,767.95,0.439356
2025-05-26,PED-2025-00326,Integra Distribuidora 036,PE,Caruaru,Camila Rocha,Toner Preto,Impressão,3,323.96,0.15,144.85,Cartão de crédito,971.88,145.78,826.1,434.55,391.55,0.473973
2025-05-27,PED-2025-00534,Alfa Serviços 101,SP,Campinas,Fernanda Alves,Cadeira Ergonômica,Móveis,3,1422.37,0.05,792.16,Pix,4267.11,213.36,4053.75,2376.48,1677.27,0.413758
2025-05-27,PED-2025-00804,Integra Soluções 176,PR,Londrina,Fernanda Alves,Access Point Wi-Fi 6,Conectividade,5,917.23,0.0,470.91,Transferência,4586.15,0.0,4586.15,2354.55,2231.6,0.486596
2025-05-27,PED-2025-00804,Integra Soluções 176,PR,Londrina,Fernanda Alves,Headset Corporativo,Acessórios,2,317.86,0.0,160.12,Transferência,635.72,0.0,635.72,320.24,315.48,0.496256
2025-05-27,PED-2025-00804,Integra Soluções 176,PR,Londrina,Fernanda Alves,Switch 24 Portas,Conectividade,1,1144.6,0.0,613.51,Transferência,1144.6,0.0,1144.6,613.51,531.09,0.463996
2025-05-28,PED-2025-00095,Conecta Soluções 184,SP,São Paulo,Lucas Barros,Gaveteiro Executivo,Móveis,4,681.69,0.0,361.36,Cartão de crédito,2726.76,0.0,2726.76,1445.44,1281.32,0.469906
2025-05-28,PED-2025-00095,Conecta Soluções 184,SP,São Paulo,Lucas Barros,Headset Corporativo,Acessórios,1,342.46,0.08,162.44,Cartão de crédito,342.46,27.4,315.06,162.44,152.62,0.484421
2025-05-28,PED-2025-00095,Conecta Soluções 184,SP,São Paulo,Lucas Barros,Webcam Full HD,Acessórios,4,292.47,0.0,135.39,Cartão de crédito,1169.88,0.0,1169.88,541.56,628.32,0.537081
2025-05-28,PED-2025-00747,Horizonte Tecnologia 035,RS,Porto Alegre,Bruno Costa,Gaveteiro Executivo,Móveis,1,721.8,0.03,356.17,Pix,721.8,21.65,700.15,356.17,343.98,0.491292
2025-05-28,PED-2025-00747,Horizonte Tecnologia 035,RS,Porto Alegre,Bruno Costa,Notebook Essencial 14,Informática,1,2832.1,0.03,2086.45,Pix,2832.1,84.96,2747.14,2086.45,660.69,0.2405
2025-05-28,PED-2025-00747,Horizonte Tecnologia 035,RS,Porto Alegre,Bruno Costa,Webcam Full HD,Acessórios,3,278.44,0.15,129.12,Pix,835.32,125.3,710.02,387.36,322.66,0.454439
2025-05-28,PED-2025-00788,Horizonte Serviços 165,RJ,Petrópolis,Fernanda Alves,Impressora Multifuncional,Impressão,1,1581.89,0.1,1026.04,Cartão de crédito,1581.89,158.19,1423.7,1026.04,397.66,0.279315
2025-05-28,PED-2025-00788,Horizonte Serviços 165,RJ,Petrópolis,Fernanda Alves,Mouse Sem Fio,Acessórios,5,145.87,0.15,69.63,Cartão de crédito,729.35,109.4,619.95,348.15,271.8,0.43842
2025-05-28,PED-2025-00894,Alfa Comercial 041,PR,Maringá,Fernanda Alves,Filtro de Linha Premium,Energia,1,120.18,0.0,49.89,Boleto,120.18,0.0,120.18,49.89,70.29,0.584873
2025-05-29,PED-2025-00107,Integra Distribuidora 076,GO,Anápolis,Lucas Barros,Mouse Sem Fio,Acessórios,1,149.34,0.1,69.2,Pix,149.34,14.93,134.41,69.2,65.21,0.485142
2025-05-29,PED-2025-00299,Nova Engenharia 207,SP,Santos,Fernanda Alves,Filtro de Linha Premium,Energia,2,122.88,0.08,50.19,Pix,245.76,19.66,226.1,100.38,125.72,0.556036
2025-05-29,PED-2025-00299,Nova Engenharia 207,SP,Santos,Fernanda Alves,Mouse Sem Fio,Acessórios,4,148.22,0.0,68.2,Pix,592.88,0.0,592.88,272.8,320.08,0.539873
2025-05-29,PED-2025-00318,Prime Tecnologia 219,SP,Ribeirão Preto,Fernanda Alves,Filtro de Linha Premium,Energia,7,119.51,0.1,50.69,Pix,836.57,83.66,752.91,354.83,398.08,0.528724
2025-05-29,PED-2025-00318,Prime Tecnologia 219,SP,Ribeirão Preto,Fernanda Alves,Webcam Full HD,Acessórios,4,269.58,0.0,134.14,Pix,1078.32,0.0,1078.32,536.56,541.76,0.502411
2025-05-29,PED-2025-00868,Vértice Distribuidora 060,MG,Belo Horizonte,Bruno Costa,Notebook Essencial 14,Informática,4,2896.41,0.1,1973.57,Pix,11585.64,1158.56,10427.08,7894.28,2532.8,0.242906
2025-05-29,PED-2025-01105,Aurora Logística 122,SP,Santos,Diego Lima,Toner Preto,Impressão,6,321.09,0.0,147.95,Cartão de débito,1926.54,0.0,1926.54,887.7,1038.84,0.539226
2025-05-30,PED-2025-00340,Central Comercial 113,MG,Uberlândia,Bruno Costa,Filtro de Linha Premium,Energia,4,118.7,0.08,50.15,Cartão de débito,474.8,37.98,436.82,200.6,236.22,0.540768
2025-05-30,PED-2025-00340,Central Comercial 113,MG,Uberlândia,Bruno Costa,Mouse Sem Fio,Acessórios,2,144.0,0.1,69.31,Cartão de débito,288.0,28.8,259.2,138.62,120.58,0.465201
2025-05-30,PED-2025-00340,Central Comercial 113,MG,Uberlândia,Bruno Costa,Teclado Mecânico,Acessórios,1,382.15,0.0,192.57,Cartão de débito,382.15,0.0,382.15,192.57,189.58,0.496088
2025-05-30,PED-2025-00978,Prime Serviços 149,SP,Santos,Camila Rocha,Filtro de Linha Premium,Energia,4,119.19,0.08,50.71,Transferência,476.76,38.14,438.62,202.84,235.78,0.537549
2025-05-30,PED-2025-00978,Prime Serviços 149,SP,Santos,Camila Rocha,Nobreak 1500VA,Energia,2,1224.98,0.0,683.07,Transferência,2449.96,0.0,2449.96,1366.14,1083.82,0.442383
2025-05-31,PED-2025-00286,Conecta Varejo 134,MG,Juiz de Fora,Juliana Mendes,Monitor Ultrawide 29,Informática,3,1734.89,0.0,1190.67,Pix,5204.67,0.0,5204.67,3572.01,1632.66,0.313691
2025-05-31,PED-2025-00440,Alfa Comercial 201,SP,Ribeirão Preto,Ana Martins,Cadeira Ergonômica,Móveis,2,1389.65,0.0,796.31,Pix,2779.3,0.0,2779.3,1592.62,1186.68,0.426971
2025-05-31,PED-2025-00974,Vértice Distribuidora 220,BA,Feira de Santana,Camila Rocha,Teclado Mecânico,Acessórios,3,387.93,0.0,198.15,Boleto,1163.79,0.0,1163.79,594.45,569.34,0.489212
2025-05-31,PED-2025-00974,Vértice Distribuidora 220,BA,Feira de Santana,Camila Rocha,Webcam Full HD,Acessórios,5,268.85,0.1,133.34,Boleto,1344.25,134.43,1209.82,666.7,543.12,0.448929
2025-06-01,PED-2025-00393,Horizonte Engenharia 015,RS,Porto Alegre,Camila Rocha,Nobreak 1500VA,Energia,5,1174.39,0.0,696.63,Transferência,5871.95,0.0,5871.95,3483.15,2388.8,0.406815
2025-06-01,PED-2025-00393,Horizonte Engenharia 015,RS,Porto Alegre,Camila Rocha,Toner Preto,Impressão,1,320.46,0.15,147.88,Transferência,320.46,48.07,272.39,147.88,124.51,0.457104
2025-06-01,PED-2025-00543,Alfa Engenharia 151,MG,Juiz de Fora,Diego Lima,Filtro de Linha Premium,Energia,6,122.29,0.1,51.47,Transferência,733.74,73.37,660.37,308.82,351.55,0.53235
2025-06-01,PED-2025-00543,Alfa Engenharia 151,MG,Juiz de Fora,Diego Lima,Mouse Sem Fio,Acessórios,2,147.04,0.15,68.62,Transferência,294.08,44.11,249.97,137.24,112.73,0.45097
2025-06-01,PED-2025-00543,Alfa Engenharia 151,MG,Juiz de Fora,Diego Lima,Roteador Empresarial,Conectividade,1,777.28,0.0,365.7,Transferência,777.28,0.0,777.28,365.7,411.58,0.529513
2025-06-02,PED-2025-00017,Integra Varejo 006,BA,Salvador,Gustavo Ribeiro,Monitor Ultrawide 29,Informática,4,1766.88,0.05,1179.02,Cartão de crédito,7067.52,353.38,6714.14,4716.08,1998.06,0.29759
2025-06-02,PED-2025-00390,Integra Soluções 136,BA,Vitória da Conquista,Fernanda Alves,Cadeira Ergonômica,Móveis,4,1428.78,0.03,793.66,Boleto,5715.12,171.45,5543.67,3174.64,2369.03,0.427339
2025-06-02,PED-2025-00390,Integra Soluções 136,BA,Vitória da Conquista,Fernanda Alves,Filtro de Linha Premium,Energia,5,121.41,0.05,49.52,Boleto,607.05,30.35,576.7,247.6,329.1,0.570659
2025-06-02,PED-2025-00517,Conecta Distribuidora 004,PE,Olinda,Lucas Barros,Teclado Mecânico,Acessórios,3,400.35,0.08,191.82,Cartão de crédito,1201.05,96.08,1104.97,575.46,529.51,0.479206
2025-06-03,PED-2025-00101,Prime Serviços 189,PR,Curitiba,Juliana Mendes,Filtro de Linha Premium,Energia,1,123.15,0.0,50.18,Boleto,123.15,0.0,123.15,50.18,72.97,0.592529
2025-06-03,PED-2025-00101,Prime Serviços 189,PR,Curitiba,Juliana Mendes,Toner Preto,Impressão,1,339.89,0.05,149.15,Boleto,339.89,16.99,322.9,149.15,173.75,0.538086
2025-06-03,PED-2025-00250,Conecta Logística 194,BA,Vitória da Conquista,Camila Rocha,Notebook Essencial 14,Informática,11,2885.13,0.05,1985.48,Cartão de crédito,31736.43,1586.82,30149.61,21840.28,8309.33,0.275603
2025-06-03,PED-2025-00603,Conecta Logística 154,RS,Pelotas,Camila Rocha,Webcam Full HD,Acessórios,6,274.61,0.03,132.67,Transferência,1647.66,49.43,1598.23,796.02,802.21,0.501937
2025-06-03,PED-2025-00705,Integra Logística 066,PR,Londrina,Ana Martins,Cadeira Ergonômica,Móveis,2,1363.28,0.12,796.38,Cartão de crédito,2726.56,327.19,2399.37,1592.76,806.61,0.336177
2025-06-04,PED-2025-00750,Prime Comercial 009,RJ,Rio de Janeiro,Diego Lima,Mesa Ajustável,Móveis,1,1834.99,0.0,1014.96,Cartão de crédito,1834.99,0.0,1834.99,1014.96,820.03,0.446885
2025-06-04,PED-2025-00750,Prime Comercial 009,RJ,Rio de Janeiro,Diego Lima,Notebook Essencial 14,Informática,2,2998.53,0.12,2027.14,Cartão de crédito,5997.06,719.65,5277.41,4054.28,1223.13,0.231768
2025-06-04,PED-2025-00750,Prime Comercial 009,RJ,Rio de Janeiro,Diego Lima,Toner Preto,Impressão,2,324.21,0.0,151.58,Cartão de crédito,648.42,0.0,648.42,303.16,345.26,0.532464
2025-06-04,PED-2025-00923,Alfa Tecnologia 091,BA,Vitória da Conquista,Ana Martins,Headset Corporativo,Acessórios,2,335.69,0.05,163.94,Cartão de débito,671.38,33.57,637.81,327.88,309.93,0.485929
2025-06-04,PED-2025-01043,Aurora Logística 002,RJ,Petrópolis,Fernanda Alves,Access Point Wi-Fi 6,Conectividade,8,925.2,0.08,493.68,Cartão de crédito,7401.6,592.13,6809.47,3949.44,2860.03,0.420008
2025-06-05,PED-2025-00124,Vértice Logística 130,SP,São Paulo,Ana Martins,Kit Toner Colorido,Impressão,2,918.29,0.0,410.62,Boleto,1836.58,0.0,1836.58,821.24,1015.34,0.552843
2025-06-05,PED-2025-00124,Vértice Logística 130,SP,São Paulo,Ana Martins,Notebook Pro 15,Informática,4,4875.84,0.1,3372.62,Boleto,19503.36,1950.34,17553.02,13490.48,4062.54,0.231444
2025-06-05,PED-2025-00320,Horizonte Engenharia 095,BA,Vitória da Conquista,Diego Lima,Cadeira Ergonômica,Móveis,2,1456.69,0.05,765.35,Cartão de crédito,2913.38,145.67,2767.71,1530.7,1237.01,0.446944
2025-06-05,PED-2025-00918,Central Comercial 113,RS,Porto Alegre,Gustavo Ribeiro,Notebook Essencial 14,Informática,4,2933.03,0.1,2035.95,Cartão de débito,11732.12,1173.21,10558.91,8143.8,2415.11,0.228727
2025-06-05,PED-2025-01056,Vértice Logística 130,SP,São Paulo,Juliana Mendes,Mouse Sem Fio,Acessórios,2,146.81,0.05,67.65,Boleto,293.62,14.68,278.94,135.3,143.64,0.514948
2025-06-06,PED-2025-00419,Conecta Varejo 054,RJ,Niterói,Lucas Barros,Teclado Mecânico,Acessórios,2,383.55,0.03,189.56,Cartão de crédito,767.1,23.01,744.09,379.12,364.97,0.49049
2025-06-06,PED-2025-00480,Conecta Varejo 014,SP,São Paulo,Diego Lima,Filtro de Linha Premium,Energia,5,117.45,0.03,51.36,Cartão de débito,587.25,17.62,569.63,256.8,312.83,0.549183
2025-06-06,PED-2025-00480,Conecta Varejo 014,SP,São Paulo,Diego Lima,Webcam Full HD,Acessórios,1,274.44,0.15,129.11,Cartão de débito,274.44,41.17,233.27,129.11,104.16,0.446531
2025-06-06,PED-2025-00831,Conecta Varejo 214,SP,Ribeirão Preto,Ana Martins,Cadeira Ergonômica,Móveis,2,1404.63,0.05,784.51,Cartão de crédito,2809.26,140.46,2668.8,1569.02,1099.78,0.412087
2025-06-06,PED-2025-01075,Alfa Comercial 161,SP,Ribeirão Preto,Bruno Costa,Impressora Multifuncional,Impressão,1,1588.52,0.12,1030.5,Boleto,1588.52,190.62,1397.9,1030.5,367.4,0.262822
2025-06-07,PED-2025-00984,Aurora Varejo 142,DF,Brasília,Bruno Costa,Cadeira Ergonômica,Móveis,2,1410.4,0.08,749.19,Boleto,2820.8,225.66,2595.14,1498.38,1096.76,0.42262
2025-06-07,PED-2025-00984,Aurora Varejo 142,DF,Brasília,Bruno Costa,Filtro de Linha Premium,Energia,3,125.42,0.15,51.78,Boleto,376.26,56.44,319.82,155.34,164.48,0.514291
2025-06-07,PED-2025-00984,Aurora Varejo 142,DF,Brasília,Bruno Costa,Notebook Essencial 14,Informática,2,2949.04,0.1,1968.89,Boleto,5898.08,589.81,5308.27,3937.78,1370.49,0.25818
2025-06-08,PED-2025-00726,Aurora Varejo 062,SP,Campinas,Gustavo Ribeiro,Filtro de Linha Premium,Energia,3,120.71,0.0,52.0,Pix,362.13,0.0,362.13,156.0,206.13,0.569215
2025-06-08,PED-2025-00726,Aurora Varejo 062,SP,Campinas,Gustavo Ribeiro,Impressora Multifuncional,Impressão,4,1661.07,0.1,981.65,Pix,6644.28,664.43,5979.85,3926.6,2053.25,0.343362
2025-06-08,PED-2025-00726,Aurora Varejo 062,SP,Campinas,Gustavo Ribeiro,Kit Toner Colorido,Impressão,8,880.5,0.03,403.92,Pix,7044.0,211.32,6832.68,3231.36,3601.32,0.527073
2025-06-09,PED-2025-00279,Central Serviços 013,PR,Londrina,Bruno Costa,Teclado Mecânico,Acessórios,6,393.26,0.12,193.49,Boleto,2359.56,283.15,2076.41,1160.94,915.47,0.440892
2025-06-09,PED-2025-00367,Integra Logística 066,PR,Maringá,Diego Lima,Mouse Sem Fio,Acessórios,5,149.53,0.03,69.86,Cartão de crédito,747.65,22.43,725.22,349.3,375.92,0.518353
2025-06-09,PED-2025-00367,Integra Logística 066,PR,Maringá,Diego Lima,Toner Preto,Impressão,3,335.32,0.08,150.86,Cartão de crédito,1005.96,80.48,925.48,452.58,472.9,0.51098
2025-06-09,PED-2025-00742,Ponto Soluções 088,SP,Ribeirão Preto,Lucas Barros,Gaveteiro Executivo,Móveis,1,684.12,0.1,367.92,Cartão de crédito,684.12,68.41,615.71,367.92,247.79,0.402444
2025-06-09,PED-2025-00742,Ponto Soluções 088,SP,Ribeirão Preto,Lucas Barros,Mouse Sem Fio,Acessórios,3,144.46,0.12,70.57,Cartão de crédito,433.38,52.01,381.37,211.71,169.66,0.444876
2025-06-09,PED-2025-00811,Vértice Soluções 040,MG,Uberlândia,Ana Martins,Monitor Ultrawide 29,Informática,2,1801.89,0.03,1188.11,Pix,3603.78,108.11,3495.67,2376.22,1119.45,0.320238
2025-06-10,PED-2025-00819,Central Engenharia 143,SP,Ribeirão Preto,Lucas Barros,Notebook Pro 15,Informática,2,4883.59,0.15,3347.62,Pix,9767.18,1465.08,8302.1,6695.24,1606.86,0.193549
2025-06-10,PED-2025-00828,Central Tecnologia 003,RJ,Rio de Janeiro,Diego Lima,Toner Preto,Impressão,2,327.17,0.0,143.11,Pix,654.34,0.0,654.34,286.22,368.12,0.562582
2025-06-11,PED-2025-00277,Prime Comercial 209,SC,Joinville,Bruno Costa,Access Point Wi-Fi 6,Conectividade,6,930.77,0.05,490.43,Cartão de crédito,5584.62,279.23,5305.39,2942.58,2362.81,0.44536
2025-06-11,PED-2025-00797,Ponto Distribuidora 108,PR,Londrina,Bruno Costa,Headset Corporativo,Acessórios,4,318.03,0.0,159.65,Pix,1272.12,0.0,1272.12,638.6,633.52,0.498003
2025-06-11,PED-2025-01021,Integra Varejo 206,RJ,Rio de Janeiro,Juliana Mendes,Switch 24 Portas,Conectividade,3,1093.14,0.0,627.83,Transferência,3279.42,0.0,3279.42,1883.49,1395.93,0.425664
2025-06-11,PED-2025-01021,Integra Varejo 206,RJ,Rio de Janeiro,Juliana Mendes,Toner Preto,Impressão,9,329.65,0.08,147.63,Transferência,2966.85,237.35,2729.5,1328.67,1400.83,0.513219
2025-06-12,PED-2025-01018,Vértice Distribuidora 100,SP,Santos,Gustavo Ribeiro,Access Point Wi-Fi 6,Conectividade,10,892.38,0.1,494.12,Transferência,8923.8,892.38,8031.42,4941.2,3090.22,0.384766
2025-06-12,PED-2025-01018,Vértice Distribuidora 100,SP,Santos,Gustavo Ribeiro,Switch 24 Portas,Conectividade,3,1110.16,0.1,629.06,Transferência,3330.48,333.05,2997.43,1887.18,1110.25,0.370401
2025-06-13,PED-2025-00235,Conecta Logística 034,SP,São Paulo,Fernanda Alves,Notebook Pro 15,Informática,1,4777.08,0.0,3404.63,Boleto,4777.08,0.0,4777.08,3404.63,1372.45,0.287299
2025-06-13,PED-2025-00242,Conecta Soluções 144,RJ,Rio de Janeiro,Diego Lima,Access Point Wi-Fi 6,Conectividade,1,904.28,0.05,487.45,Cartão de crédito,904.28,45.21,859.07,487.45,371.62,0.432581
2025-06-13,PED-2025-00242,Conecta Soluções 144,RJ,Rio de Janeiro,Diego Lima,Monitor Ultrawide 29,Informática,5,1802.05,0.0,1190.09,Cartão de crédito,9010.25,0.0,9010.25,5950.45,3059.8,0.339591
2025-06-13,PED-2025-00242,Conecta Soluções 144,RJ,Rio de Janeiro,Diego Lima,Nobreak 1500VA,Energia,3,1162.15,0.15,693.13,Cartão de crédito,3486.45,522.97,2963.48,2079.39,884.09,0.298329
2025-06-13,PED-2025-00359,Ponto Logística 098,MG,Juiz de Fora,Lucas Barros,Mouse Sem Fio,Acessórios,2,149.38,0.05,69.35,Pix,298.76,14.94,283.82,138.7,145.12,0.511313
2025-06-14,PED-2025-00049,Aurora Distribuidora 212,GO,Anápolis,Juliana Mendes,Filtro de Linha Premium,Energia,1,124.91,0.05,52.12,Cartão de crédito,124.91,6.25,118.66,52.12,66.54,0.560778
2025-06-14,PED-2025-00072,Central Engenharia 143,RJ,Rio de Janeiro,Diego Lima,Monitor Ultrawide 29,Informática,3,1824.0,0.08,1126.81,Boleto,5472.0,437.76,5034.24,3380.43,1653.81,0.328512
2025-06-14,PED-2025-00089,Vértice Soluções 160,SP,Santos,Lucas Barros,Roteador Empresarial,Conectividade,1,759.31,0.08,358.31,Pix,759.31,60.74,698.57,358.31,340.26,0.487077
2025-06-14,PED-2025-00089,Vértice Soluções 160,SP,Santos,Lucas Barros,Teclado Mecânico,Acessórios,7,406.72,0.05,186.3,Pix,2847.04,142.35,2704.69,1304.1,1400.59,0.517837
2025-06-14,PED-2025-00128,Ponto Distribuidora 028,PE,Caruaru,Ana Martins,Mesa Ajustável,Móveis,2,1875.8,0.15,1044.77,Pix,3751.6,562.74,3188.86,2089.54,1099.32,0.344738
2025-06-14,PED-2025-00128,Ponto Distribuidora 028,PE,Caruaru,Ana Martins,Monitor Ultrawide 29,Informática,4,1776.34,0.0,1128.93,Pix,7105.36,0.0,7105.36,4515.72,2589.64,0.364463
2025-06-14,PED-2025-00128,Ponto Distribuidora 028,PE,Caruaru,Ana Martins,Mouse Sem Fio,Acessórios,7,144.15,0.05,69.03,Pix,1009.05,50.45,958.6,483.21,475.39,0.49592
2025-06-14,PED-2025-01102,Cliente não informado,SP,São Paulo,Ana Martins,Cadeira Ergonômica,Móveis,5,1357.59,0.0,760.22,Transferência,6787.95,0.0,6787.95,3801.1,2986.85,0.440022
2025-06-14,PED-2025-01102,Central Serviços 133,SP,São Paulo,Ana Martins,Gaveteiro Executivo,Móveis,2,707.67,0.05,367.65,Transferência,1415.34,70.77,1344.57,735.3,609.27,0.453135
2025-06-15,PED-2025-00082,Horizonte Comercial 105,SP,São Paulo,Gustavo Ribeiro,Gaveteiro Executivo,Móveis,11,664.05,0.0,369.42,Pix,7304.55,0.0,7304.55,4063.62,3240.93,0.443686
2025-06-15,PED-2025-00082,Horizonte Comercial 105,SP,São Paulo,Gustavo Ribeiro,Mesa Ajustável,Móveis,1,1845.71,0.1,1068.98,Pix,1845.71,184.57,1661.14,1068.98,592.16,0.356478
2025-06-15,PED-2025-00121,Horizonte Comercial 025,PE,Caruaru,Camila Rocha,Mesa Ajustável,Móveis,8,1879.82,0.0,1059.29,Cartão de crédito,15038.56,0.0,15038.56,8474.32,6564.24,0.436494
2025-06-15,PED-2025-00381,Central Comercial 033,SC,Florianópolis,Camila Rocha,Mouse Sem Fio,Acessórios,1,152.84,0.0,66.88,Boleto,152.84,0.0,152.84,66.88,85.96,0.562418
2025-06-15,PED-2025-00711,Ponto Logística 138,PE,Caruaru,Gustavo Ribeiro,Filtro de Linha Premium,Energia,1,122.14,0.0,51.29,Pix,122.14,0.0,122.14,51.29,70.85,0.580072
2025-06-16,PED-2025-00180,Prime Serviços 109,BA,Feira de Santana,Camila Rocha,Mouse Sem Fio,Acessórios,7,156.07,0.12,70.53,Pix,1092.49,131.1,961.39,493.71,467.68,0.486463
2025-06-16,PED-2025-00574,Ponto Logística 178,SP,Campinas,Juliana Mendes,Switch 24 Portas,Conectividade,3,1159.69,0.12,594.41,Pix,3479.07,417.49,3061.58,1783.23,1278.35,0.417546
2025-06-16,PED-2025-00593,Integra Varejo 046,RS,Caxias do Sul,Juliana Mendes,Teclado Mecânico,Acessórios,3,381.08,0.08,187.61,Pix,1143.24,91.46,1051.78,562.83,488.95,0.464879
2025-06-16,PED-2025-01041,Aurora Distribuidora 052,PR,Curitiba,Lucas Barros,Filtro de Linha Premium,Energia,1,125.67,0.05,50.06,Cartão de crédito,125.67,6.28,119.39,50.06,69.33,0.58069
2025-06-17,PED-2025-00930,Nova Tecnologia 027,PR,Londrina,Lucas Barros,Roteador Empresarial,Conectividade,1,732.24,0.05,382.6,Cartão de crédito,732.24,36.61,695.63,382.6,313.03,0.449993
2025-06-17,PED-2025-00930,Nova Tecnologia 027,PR,Londrina,Lucas Barros,Teclado Mecânico,Acessórios,1,393.16,0.0,188.62,Cartão de crédito,393.16,0.0,393.16,188.62,204.54,0.520246
2025-06-17,PED-2025-00930,Nova Tecnologia 027,PR,Londrina,Lucas Barros,Webcam Full HD,Acessórios,1,284.45,0.08,136.13,Cartão de crédito,284.45,22.76,261.69,136.13,125.56,0.479812
2025-06-18,PED-2025-00427,Aurora Distribuidora 212,MG,Juiz de Fora,Juliana Mendes,Notebook Essencial 14,Informática,4,2992.41,0.05,2049.91,Pix,11969.64,598.48,11371.16,8199.64,3171.52,0.278909
2025-06-18,PED-2025-00537,Prime Comercial 009,SP,Santos,Gustavo Ribeiro,Filtro de Linha Premium,Energia,1,115.75,0.03,50.53,Cartão de crédito,115.75,3.47,112.28,50.53,61.75,0.549954
2025-06-18,PED-2025-00537,Prime Comercial 009,SP,Santos,Gustavo Ribeiro,Notebook Pro 15,Informática,1,4863.16,0.08,3457.23,Cartão de crédito,4863.16,389.05,4474.11,3457.23,1016.88,0.22728
2025-06-18,PED-2025-00537,Prime Comercial 009,SP,Santos,Gustavo Ribeiro,Teclado Mecânico,Acessórios,6,397.43,0.05,198.48,Cartão de crédito,2384.58,119.23,2265.35,1190.88,1074.47,0.474307
2025-06-18,PED-2025-00805,Integra Soluções 096,BA,Feira de Santana,Fernanda Alves,Headset Corporativo,Acessórios,8,340.34,0.0,158.64,Transferência,2722.72,0.0,2722.72,1269.12,1453.6,0.533878
2025-06-18,PED-2025-01060,Integra Soluções 176,SP,Santos,Ana Martins,Cadeira Ergonômica,Móveis,2,1378.11,0.08,782.83,Pix,2756.22,220.5,2535.72,1565.66,970.06,0.382559
2025-06-18,PED-2025-01060,Integra Soluções 176,SP,Santos,Ana Martins,Toner Preto,Impressão,2,336.07,0.0,147.31,Pix,672.14,0.0,672.14,294.62,377.52,0.561669
2025-06-19,PED-2025-00123,Aurora Distribuidora 212,RS,Caxias do Sul,Diego Lima,Cadeira Ergonômica,Móveis,4,1454.77,0.05,756.65,Cartão de crédito,5819.08,290.95,5528.13,3026.6,2501.53,0.452509
2025-06-19,PED-2025-00123,Aurora Distribuidora 212,RS,Caxias do Sul,Diego Lima,Filtro de Linha Premium,Energia,3,123.06,0.0,51.31,Cartão de crédito,369.18,0.0,369.18,153.93,215.25,0.583049
2025-06-19,PED-2025-00240,Central Serviços 133,GO,Goiânia,Gustavo Ribeiro,Filtro de Linha Premium,Energia,4,123.36,0.05,52.57,Transferência,493.44,24.67,468.77,210.28,258.49,0.55142
2025-06-19,PED-2025-00240,Central Serviços 133,GO,Goiânia,Gustavo Ribeiro,Impressora Multifuncional,Impressão,2,1595.72,0.0,980.87,Transferência,3191.44,0.0,3191.44,1961.74,1229.7,0.385312
2025-06-19,PED-2025-00240,Central Serviços 133,GO,Goiânia,Gustavo Ribeiro,Roteador Empresarial,Conectividade,9,753.15,0.05,359.76,Transferência,6778.35,338.92,6439.43,3237.84,3201.59,0.497186
2025-06-19,PED-2025-00429,Horizonte Comercial 065,RJ,Niterói,Lucas Barros,Cadeira Ergonômica,Móveis,4,1343.74,0.1,748.91,Transferência,5374.96,537.5,4837.46,2995.64,1841.82,0.380742
2025-06-19,PED-2025-00429,Horizonte Comercial 065,RJ,Niterói,Lucas Barros,Monitor Ultrawide 29,Informática,1,1740.7,0.0,1182.4,Transferência,1740.7,0.0,1740.7,1182.4,558.3,0.320733
2025-06-20,PED-2025-00572,Alfa Tecnologia 171,PE,Olinda,Ana Martins,Monitor Ultrawide 29,Informática,1,1743.04,0.15,1141.27,Boleto,1743.04,261.46,1481.58,1141.27,340.31,0.229696
2025-06-20,PED-2025-00572,Alfa Tecnologia 171,PE,Olinda,Ana Martins,Switch 24 Portas,Conectividade,2,1165.18,0.08,615.25,Boleto,2330.36,186.43,2143.93,1230.5,913.43,0.426054
2025-06-20,PED-2025-00664,Central Serviços 093,PE,Recife,Diego Lima,Switch 24 Portas,Conectividade,4,1146.85,0.1,592.07,Boleto,4587.4,458.74,4128.66,2368.28,1760.38,0.42638
2025-06-21,PED-2025-01015,Horizonte Tecnologia 115,SP,São Paulo,Juliana Mendes,Gaveteiro Executivo,Móveis,5,673.47,0.1,365.33,Cartão de crédito,3367.35,336.74,3030.62,1826.65,1203.97,0.397268
2025-06-22,PED-2025-00185,Central Comercial 193,RJ,Rio de Janeiro,Bruno Costa,Switch 24 Portas,Conectividade,2,1162.97,0.08,614.45,Cartão de débito,2325.94,186.08,2139.86,1228.9,910.96,0.425711
2025-06-22,PED-2025-00666,Ponto Soluções 208,SP,São Paulo,Gustavo Ribeiro,Cadeira Ergonômica,Móveis,4,1341.9,0.12,750.03,Cartão de crédito,5367.6,644.11,4723.49,3000.12,1723.37,0.364851
2025-06-22,PED-2025-01095,Nova Serviços 157,SP,Santos,Bruno Costa,Access Point Wi-Fi 6,Conectividade,2,878.1,0.15,464.64,Cartão de crédito,1756.2,263.43,1492.77,929.28,563.49,0.377479
2025-06-22,PED-2025-01095,Nova Serviços 157,SP,Santos,Bruno Costa,Filtro de Linha Premium,Energia,4,125.1,0.0,50.94,Cartão de crédito,500.4,0.0,500.4,203.76,296.64,0.592806
2025-06-23,PED-2025-00385,Integra Distribuidora 156,RJ,Rio de Janeiro,Fernanda Alves,Toner Preto,Impressão,3,328.88,0.1,147.81,Cartão de crédito,986.64,98.66,887.98,443.43,444.55,0.500628
2025-06-23,PED-2025-00784,Nova Engenharia 087,PR,Curitiba,Juliana Mendes,Mesa Ajustável,Móveis,3,1918.78,0.0,1033.34,Pix,5756.34,0.0,5756.34,3100.02,2656.32,0.46146
2025-06-24,PED-2025-00233,Nova Serviços 117,SP,Santos,Juliana Mendes,Cadeira Ergonômica,Móveis,2,1440.77,0.1,765.35,Cartão de crédito,2881.54,288.15,2593.39,1530.7,1062.69,0.409768
2025-06-24,PED-2025-00233,Nova Serviços 117,SP,Santos,Juliana Mendes,Nobreak 1500VA,Energia,3,1153.2,0.08,661.08,Cartão de crédito,3459.6,276.77,3182.83,1983.24,1199.59,0.376895
2025-06-24,PED-2025-00233,Nova Serviços 117,SP,Santos,Juliana Mendes,Switch 24 Portas,Conectividade,2,1105.39,0.0,618.18,Cartão de crédito,2210.78,0.0,2210.78,1236.36,974.42,0.440758
2025-06-24,PED-2025-00404,Vértice Logística 010,MG,Uberlândia,Diego Lima,Filtro de Linha Premium,Energia,4,124.1,0.0,49.96,Pix,496.4,0.0,496.4,199.84,296.56,0.597421
2025-06-24,PED-2025-00404,Vértice Logística 010,MG,Uberlândia,Diego Lima,Notebook Essencial 14,Informática,1,2994.8,0.0,2069.29,Pix,2994.8,0.0,2994.8,2069.29,925.51,0.309039
2025-06-25,PED-2025-00507,Vértice Soluções 040,PR,Londrina,Lucas Barros,Headset Corporativo,Acessórios,3,324.86,0.05,163.31,Boleto,974.58,48.73,925.85,489.93,435.92,0.470833
2025-06-25,PED-2025-00847,Ponto Logística 178,SP,São Paulo,Juliana Mendes,Access Point Wi-Fi 6,Conectividade,3,863.72,0.0,470.79,Pix,2591.16,0.0,2591.16,1412.37,1178.79,0.454928
2025-06-26,PED-2025-00232,Conecta Logística 114,MG,Juiz de Fora,Bruno Costa,Filtro de Linha Premium,Energia,2,122.64,0.15,49.57,Cartão de crédito,245.28,36.79,208.49,99.14,109.35,0.524481
2025-06-26,PED-2025-00232,Conecta Logística 114,MG,Juiz de Fora,Bruno Costa,Webcam Full HD,Acessórios,1,270.59,0.0,134.43,Cartão de crédito,270.59,0.0,270.59,134.43,136.16,0.503197
2025-06-26,PED-2025-00648,Nova Engenharia 047,SC,Blumenau,Bruno Costa,Gaveteiro Executivo,Móveis,2,706.99,0.0,368.23,Pix,1413.98,0.0,1413.98,736.46,677.52,0.479158
2025-06-26,PED-2025-00648,Nova Engenharia 047,SC,Blumenau,Bruno Costa,Toner Preto,Impressão,7,318.08,0.08,142.85,Pix,2226.56,178.12,2048.44,999.95,1048.49,0.511847
2025-06-26,PED-2025-00730,Conecta Distribuidora 124,SP,Campinas,Juliana Mendes,Mouse Sem Fio,Acessórios,2,145.27,0.0,69.5,Boleto,290.54,0.0,290.54,139.0,151.54,0.521581
2025-06-26,PED-2025-00730,Conecta Distribuidora 124,SP,Campinas,Juliana Mendes,Nobreak 1500VA,Energia,1,1201.31,0.08,668.5,Boleto,1201.31,96.1,1105.21,668.5,436.71,0.395135
2025-06-26,PED-2025-00730,Conecta Distribuidora 124,SP,Campinas,Juliana Mendes,Notebook Essencial 14,Informática,1,3017.77,0.05,2042.16,Boleto,3017.77,150.89,2866.88,2042.16,824.72,0.287672
2025-06-27,PED-2025-00562,Aurora Varejo 102,GO,Goiânia,Gustavo Ribeiro,Toner Preto,Impressão,2,326.04,0.08,145.64,Cartão de crédito,652.08,52.17,599.91,291.28,308.63,0.514463
2025-06-28,PED-2025-00054,Alfa Tecnologia 051,SC,Joinville,Gustavo Ribeiro,Webcam Full HD,Acessórios,4,269.9,0.0,136.53,Transferência,1079.6,0.0,1079.6,546.12,533.48,0.494146
2025-06-28,PED-2025-00267,Prime Engenharia 039,PE,Recife,Camila Rocha,Gaveteiro Executivo,Móveis,3,671.02,0.12,367.63,Transferência,2013.06,241.57,1771.49,1102.89,668.6,0.377423
2025-06-28,PED-2025-00384,Nova Engenharia 127,RJ,Rio de Janeiro,Fernanda Alves,Filtro de Linha Premium,Energia,2,121.11,0.0,51.6,Cartão de crédito,242.22,0.0,242.22,103.2,139.02,0.573941
2025-06-29,PED-2025-00193,Integra Soluções 096,PR,Curitiba,Ana Martins,Filtro de Linha Premium,Energia,1,119.97,0.05,52.42,Pix,119.97,6.0,113.97,52.42,61.55,0.54006
2025-06-29,PED-2025-00971,Alfa Serviços 061,PR,Londrina,Juliana Mendes,Headset Corporativo,Acessórios,2,330.7,0.0,164.18,Boleto,661.4,0.0,661.4,328.36,333.04,0.503538
2025-06-29,PED-2025-00971,Alfa Serviços 061,PR,Londrina,Juliana Mendes,Monitor Ultrawide 29,Informática,9,1872.62,0.08,1176.04,Boleto,16853.58,1348.29,15505.29,10584.36,4920.93,0.317371
2025-06-29,PED-2025-01001,Conecta Varejo 174,RJ,Niterói,Diego Lima,Filtro de Linha Premium,Energia,1,119.04,0.12,52.78,Cartão de crédito,119.04,14.28,104.76,52.78,51.98,0.496159
2025-06-29,PED-2025-01001,Conecta Varejo 174,RJ,Niterói,Diego Lima,Mesa Ajustável,Móveis,4,1853.41,0.15,1073.97,Cartão de crédito,7413.64,1112.05,6301.59,4295.88,2005.71,0.318287
2025-06-30,PED-2025-01086,Alfa Comercial 081,PR,Londrina,Diego Lima,Filtro de Linha Premium,Energia,2,122.75,0.0,50.41,Cartão de débito,245.5,0.0,245.5,100.82,144.68,0.589328
2025-07-01,PED-2025-00173,Horizonte Comercial 185,SP,Campinas,Camila Rocha,Monitor Ultrawide 29,Informática,3,1851.97,0.08,1175.56,Pix,5555.91,444.47,5111.44,3526.68,1584.76,0.310041
2025-07-01,PED-2025-00173,Horizonte Comercial 185,SP,Campinas,Camila Rocha,Mouse Sem Fio,Acessórios,6,152.35,0.12,66.68,Pix,914.1,109.69,804.41,400.08,404.33,0.50264
2025-07-01,PED-2025-01116,Prime Serviços 109,SC,Joinville,Diego Lima,Monitor Ultrawide 29,Informática,10,1816.45,0.05,1182.97,Cartão de crédito,18164.5,908.22,17256.28,11829.7,5426.58,0.31447
2025-07-02,PED-2025-01065,Vértice Soluções 040,PR,Curitiba,Diego Lima,Headset Corporativo,Acessórios,1,338.88,0.1,160.45,Cartão de crédito,338.88,33.89,304.99,160.45,144.54,0.473921
2025-07-02,PED-2025-01065,Vértice Soluções 040,PR,Curitiba,Diego Lima,Mouse Sem Fio,Acessórios,2,151.13,0.0,66.75,Cartão de crédito,302.26,0.0,302.26,133.5,168.76,0.558327
2025-07-02,PED-2025-01065,Vértice Soluções 040,PR,Curitiba,Diego Lima,Switch 24 Portas,Conectividade,4,1156.02,0.0,603.69,Cartão de crédito,4624.08,0.0,4624.08,2414.76,2209.32,0.477786
2025-07-03,PED-2025-00454,Aurora Logística 202,MG,Uberlândia,Diego Lima,Headset Corporativo,Acessórios,4,329.62,0.08,154.78,Cartão de crédito,1318.48,105.48,1213.0,619.12,593.88,0.489597
2025-07-03,PED-2025-00454,Aurora Logística 202,MG,Uberlândia,Diego Lima,Roteador Empresarial,Conectividade,2,776.31,0.0,375.39,Cartão de crédito,1552.62,0.0,1552.62,750.78,801.84,0.516443
2025-07-03,PED-2025-00454,Aurora Logística 202,MG,Uberlândia,Diego Lima,Webcam Full HD,Acessórios,3,273.55,0.1,131.44,Cartão de crédito,820.65,82.07,738.58,394.32,344.27,0.466114
2025-07-03,PED-2025-00878,Nova Tecnologia 027,MG,Uberlândia,Lucas Barros,Filtro de Linha Premium,Energia,7,115.76,0.0,51.6,Pix,810.32,0.0,810.32,361.2,449.12,0.55425
2025-07-03,PED-2025-01123,Nova Comercial 217,BA,Salvador,Diego Lima,Monitor Ultrawide 29,Informática,9,1846.3,0.0,1142.51,Cartão de débito,16616.7,0.0,16616.7,10282.59,6334.11,0.381189
2025-07-04,PED-2025-00818,Vértice Distribuidora 020,SP,São Paulo,Bruno Costa,Filtro de Linha Premium,Energia,4,119.81,0.0,52.91,Transferência,479.24,0.0,479.24,211.64,267.6,0.558384
2025-07-04,PED-2025-00818,Vértice Distribuidora 020,SP,São Paulo,Bruno Costa,Headset Corporativo,Acessórios,2,320.16,0.1,161.01,Transferência,640.32,64.03,576.29,322.02,254.27,0.441217
2025-07-04,PED-2025-00870,Alfa Comercial 001,MG,Juiz de Fora,Lucas Barros,Gaveteiro Executivo,Móveis,3,720.05,0.12,378.29,Cartão de crédito,2160.15,259.22,1900.93,1134.87,766.06,0.402993
2025-07-04,PED-2025-00870,Alfa Comercial 001,MG,Juiz de Fora,Lucas Barros,Notebook Essencial 14,Informática,2,2944.8,0.0,1980.15,Cartão de crédito,5889.6,0.0,5889.6,3960.3,1929.3,0.327577
2025-07-04,PED-2025-00960,Alfa Serviços 061,RJ,Petrópolis,Juliana Mendes,Toner Preto,Impressão,5,330.52,0.0,145.74,Pix,1652.6,0.0,1652.6,728.7,923.9,0.559058
2025-07-04,PED-2025-01050,Integra Logística 026,PE,Recife,Gustavo Ribeiro,Cadeira Ergonômica,Móveis,1,1339.81,0.0,756.61,Transferência,1339.81,0.0,1339.81,756.61,583.2,0.435286
2025-07-04,PED-2025-01050,Integra Logística 026,PE,Recife,Gustavo Ribeiro,Headset Corporativo,Acessórios,1,339.75,0.0,162.32,Transferência,339.75,0.0,339.75,162.32,177.43,0.522237
2025-07-05,PED-2025-00301,Alfa Tecnologia 171,SP,São Paulo,Diego Lima,Headset Corporativo,Acessórios,9,338.75,0.0,156.1,Cartão de crédito,3048.75,0.0,3048.75,1404.9,1643.85,0.539188
2025-07-05,PED-2025-00301,Alfa Tecnologia 171,SP,São Paulo,Diego Lima,Monitor Ultrawide 29,Informática,1,1755.2,0.08,1156.0,Cartão de crédito,1755.2,140.42,1614.78,1156.0,458.78,0.284115
2025-07-05,PED-2025-00463,Integra Logística 026,SP,Ribeirão Preto,Fernanda Alves,Toner Preto,Impressão,1,342.04,0.1,147.0,Pix,342.04,34.2,307.84,147.0,160.84,0.522473
2025-07-05,PED-2025-00541,Central Tecnologia 163,SP,Santos,Lucas Barros,Filtro de Linha Premium,Energia,1,124.67,0.0,52.46,Boleto,124.67,0.0,124.67,52.46,72.21,0.579209
2025-07-05,PED-2025-00631,Aurora Soluções 192,RS,Porto Alegre,Camila Rocha,Cadeira Ergonômica,Móveis,6,1452.15,0.12,765.06,Pix,8712.9,1045.55,7667.35,4590.36,3076.99,0.401311
2025-07-05,PED-2025-00631,Aurora Soluções 192,RS,Porto Alegre,Camila Rocha,Notebook Pro 15,Informática,1,4794.22,0.05,3378.21,Pix,4794.22,239.71,4554.51,3378.21,1176.3,0.258271
2025-07-05,PED-2025-00943,Vértice Varejo 030,BA,Vitória da Conquista,Juliana Mendes,Filtro de Linha Premium,Energia,2,118.09,0.0,50.44,Boleto,236.18,0.0,236.18,100.88,135.3,0.572868
2025-07-06,PED-2025-00079,Vértice Distribuidora 020,SP,São Paulo,Diego Lima,Toner Preto,Impressão,7,320.19,0.1,150.03,Cartão de crédito,2241.33,224.13,2017.2,1050.21,966.99,0.479372
2025-07-06,PED-2025-00135,Alfa Comercial 161,BA,Feira de Santana,Fernanda Alves,Filtro de Linha Premium,Energia,2,124.66,0.05,49.98,Cartão de débito,249.32,12.47,236.85,99.96,136.89,0.577968
2025-07-06,PED-2025-00256,Nova Serviços 037,GO,Goiânia,Bruno Costa,Mouse Sem Fio,Acessórios,4,150.82,0.03,69.11,Boleto,603.28,18.1,585.18,276.44,308.74,0.5276
2025-07-06,PED-2025-00283,Conecta Varejo 014,SP,Campinas,Ana Martins,Webcam Full HD,Acessórios,4,283.34,0.0,136.43,Cartão de crédito,1133.36,0.0,1133.36,545.72,587.64,0.518494
2025-07-06,PED-2025-00292,Integra Distribuidora 156,SC,Blumenau,Fernanda Alves,Roteador Empresarial,Conectividade,1,766.23,0.0,366.11,Boleto,766.23,0.0,766.23,366.11,400.12,0.522193
2025-07-06,PED-2025-00292,Integra Distribuidora 156,SC,Blumenau,Fernanda Alves,Switch 24 Portas,Conectividade,1,1096.53,0.0,608.98,Boleto,1096.53,0.0,1096.53,608.98,487.55,0.44463
2025-07-07,PED-2025-00491,Integra Varejo 006,SP,Santos,Bruno Costa,Cadeira Ergonômica,Móveis,4,1444.38,0.0,789.31,Pix,5777.52,0.0,5777.52,3157.24,2620.28,0.45353
2025-07-07,PED-2025-00491,Integra Varejo 006,SP,Santos,Bruno Costa,Mouse Sem Fio,Acessórios,1,147.81,0.08,69.86,Pix,147.81,11.82,135.99,69.86,66.13,0.486268
2025-07-07,PED-2025-00493,Prime Tecnologia 139,RJ,Rio de Janeiro,Camila Rocha,Filtro de Linha Premium,Energia,5,123.27,0.05,51.81,Boleto,616.35,30.82,585.53,259.05,326.48,0.557582
2025-07-07,PED-2025-00493,Prime Tecnologia 139,RJ,Rio de Janeiro,Camila Rocha,Notebook Pro 15,Informática,5,5010.68,0.0,3355.29,Boleto,25053.4,0.0,25053.4,16776.45,8276.95,0.330372
2025-07-07,PED-2025-00879,Alfa Comercial 081,PR,Londrina,Diego Lima,Headset Corporativo,Acessórios,3,323.83,0.05,163.39,Cartão de crédito,971.49,48.57,922.92,490.17,432.75,0.46889
2025-07-07,PED-2025-00879,Alfa Comercial 081,PR,Londrina,Diego Lima,Roteador Empresarial,Conectividade,1,753.82,0.0,378.69,Cartão de crédito,753.82,0.0,753.82,378.69,375.13,0.497639
2025-07-07,PED-2025-00879,Alfa Comercial 081,PR,Londrina,Diego Lima,Teclado Mecânico,Acessórios,2,395.63,0.1,193.15,Cartão de crédito,791.26,79.13,712.13,386.3,325.83,0.457546
2025-07-08,PED-2025-00021,Central Engenharia 183,RJ,Petrópolis,Camila Rocha,Access Point Wi-Fi 6,Conectividade,2,900.16,0.05,465.31,Cartão de crédito,1800.32,90.02,1710.3,930.62,779.68,0.455875
2025-07-08,PED-2025-00021,Central Engenharia 183,RJ,Petrópolis,Camila Rocha,Notebook Pro 15,Informática,1,4717.27,0.12,3341.13,Cartão de crédito,4717.27,566.07,4151.2,3341.13,810.07,0.195141
2025-07-08,PED-2025-00177,Aurora Varejo 182,RS,Caxias do Sul,Camila Rocha,Access Point Wi-Fi 6,Conectividade,3,921.38,0.0,470.17,Cartão de crédito,2764.14,0.0,2764.14,1410.51,1353.63,0.489711
2025-07-08,PED-2025-00177,Aurora Varejo 182,RS,Caxias do Sul,Camila Rocha,Monitor Ultrawide 29,Informática,2,1772.27,0.0,1161.83,Cartão de crédito,3544.54,0.0,3544.54,2323.66,1220.88,0.34444
2025-07-08,PED-2025-00728,Alfa Engenharia 151,SP,Ribeirão Preto,Diego Lima,Mouse Sem Fio,Acessórios,3,145.92,0.03,70.18,Cartão de débito,437.76,13.13,424.63,210.54,214.09,0.504177
2025-07-08,PED-2025-00728,Alfa Engenharia 151,SP,Ribeirão Preto,Diego Lima,Teclado Mecânico,Acessórios,5,402.24,0.0,190.3,Cartão de débito,2011.2,0.0,2011.2,951.5,1059.7,0.526899
2025-07-08,PED-2025-00766,Horizonte Tecnologia 035,MG,Juiz de Fora,Juliana Mendes,Notebook Essencial 14,Informática,6,3003.97,0.03,2048.13,Transferência,18023.82,540.71,17483.11,12288.78,5194.33,0.297105
2025-07-09,PED-2025-00036,Vértice Logística 010,MG,Juiz de Fora,Ana Martins,Notebook Essencial 14,Informática,3,2856.04,0.1,1961.48,Pix,8568.12,856.81,7711.31,5884.44,1826.87,0.236908
2025-07-09,PED-2025-00036,Vértice Logística 010,MG,Juiz de Fora,Ana Martins,Teclado Mecânico,Acessórios,1,387.37,0.0,194.32,Pix,387.37,0.0,387.37,194.32,193.05,0.498361
2025-07-09,PED-2025-00110,Vértice Varejo 190,MG,Juiz de Fora,Fernanda Alves,Filtro de Linha Premium,Energia,2,118.23,0.1,52.71,Cartão de crédito,236.46,23.65,212.81,105.42,107.39,0.504638
2025-07-09,PED-2025-00110,Vértice Varejo 190,MG,Juiz de Fora,Fernanda Alves,Mouse Sem Fio,Acessórios,2,147.6,0.0,66.6,Cartão de crédito,295.2,0.0,295.2,133.2,162.0,0.54878
2025-07-09,PED-2025-00110,Vértice Varejo 190,MG,Juiz de Fora,Fernanda Alves,Webcam Full HD,Acessórios,1,271.17,0.05,129.89,Cartão de crédito,271.17,13.56,257.61,129.89,127.72,0.495791
2025-07-09,PED-2025-00145,Alfa Serviços 061,SP,Campinas,Juliana Mendes,Headset Corporativo,Acessórios,2,326.44,0.0,153.54,Pix,652.88,0.0,652.88,307.08,345.8,0.529653
2025-07-09,PED-2025-00611,Nova Tecnologia 067,DF,Brasília,Fernanda Alves,Mesa Ajustável,Móveis,1,1789.18,0.03,1075.6,Cartão de crédito,1789.18,53.68,1735.5,1075.6,659.9,0.380238
2025-07-09,PED-2025-00611,Nova Tecnologia 067,DF,Brasília,Fernanda Alves,Roteador Empresarial,Conectividade,2,750.21,0.0,380.16,Cartão de crédito,1500.42,0.0,1500.42,760.32,740.1,0.493262
2025-07-09,PED-2025-00767,Ponto Varejo 038,GO,Anápolis,Bruno Costa,Mouse Sem Fio,Acessórios,2,144.75,0.0,70.24,Cartão de crédito,289.5,0.0,289.5,140.48,149.02,0.51475
2025-07-09,PED-2025-00767,Ponto Varejo 038,GO,Anápolis,Bruno Costa,Webcam Full HD,Acessórios,3,275.95,0.08,129.82,Cartão de crédito,827.85,66.23,761.62,389.46,372.16,0.488644
2025-07-09,PED-2025-01062,Conecta Distribuidora 164,RJ,Niterói,Camila Rocha,Impressora Multifuncional,Impressão,1,1617.47,0.05,989.17,Cartão de crédito,1617.47,80.87,1536.6,989.17,547.43,0.356259
2025-07-10,PED-2025-00025,Aurora Distribuidora 212,SP,Ribeirão Preto,Lucas Barros,Roteador Empresarial,Conectividade,1,758.82,0.0,372.83,Cartão de débito,758.82,0.0,758.82,372.83,385.99,0.508671
2025-07-10,PED-2025-00025,Aurora Distribuidora 212,SP,Ribeirão Preto,Lucas Barros,Switch 24 Portas,Conectividade,1,1132.9,0.05,614.02,Cartão de débito,1132.9,56.65,1076.26,614.02,462.24,0.429485
2025-07-10,PED-2025-00115,Horizonte Serviços 085,RS,Caxias do Sul,Fernanda Alves,Roteador Empresarial,Conectividade,1,763.43,0.1,357.59,Transferência,763.43,76.34,687.09,357.59,329.5,0.479556
2025-07-10,PED-2025-00441,Nova Tecnologia 027,RJ,Niterói,Fernanda Alves,Cadeira Ergonômica,Móveis,1,1419.93,0.1,762.82,Boleto,1419.93,141.99,1277.94,762.82,515.12,0.403085
2025-07-10,PED-2025-00441,Nova Tecnologia 027,RJ,Niterói,Fernanda Alves,Gaveteiro Executivo,Móveis,4,712.87,0.0,357.96,Boleto,2851.48,0.0,2851.48,1431.84,1419.64,0.497861
2025-07-10,PED-2025-00478,Ponto Logística 138,SP,Santos,Bruno Costa,Filtro de Linha Premium,Energia,1,117.61,0.15,52.91,Cartão de crédito,117.61,17.64,99.97,52.91,47.06,0.470733
2025-07-10,PED-2025-00478,Ponto Logística 138,SP,Santos,Bruno Costa,Toner Preto,Impressão,2,330.94,0.0,151.63,Cartão de crédito,661.88,0.0,661.88,303.26,358.62,0.54182
2025-07-10,PED-2025-00938,Central Tecnologia 003,RS,Caxias do Sul,Camila Rocha,Monitor Ultrawide 29,Informática,1,1726.19,0.05,1139.22,Cartão de crédito,1726.19,86.31,1639.88,1139.22,500.66,0.305303
2025-07-10,PED-2025-00938,Central Tecnologia 003,RS,Caxias do Sul,Camila Rocha,Mouse Sem Fio,Acessórios,2,155.53,0.0,68.99,Cartão de crédito,311.06,0.0,311.06,137.98,173.08,0.55642
2025-07-10,PED-2025-00992,Vértice Soluções 080,SP,Campinas,Fernanda Alves,Impressora Multifuncional,Impressão,2,1633.51,0.15,992.88,Boleto,3267.02,490.05,2776.97,1985.76,791.21,0.284918
2025-07-11,PED-2025-00523,Central Comercial 153,SP,Ribeirão Preto,Juliana Mendes,Headset Corporativo,Acessórios,1,323.38,0.0,159.72,Cartão de crédito,323.38,0.0,323.38,159.72,163.66,0.506092
2025-07-11,PED-2025-00523,Central Comercial 153,SP,Ribeirão Preto,Juliana Mendes,Notebook Pro 15,Informática,1,4743.42,0.05,3355.71,Cartão de crédito,4743.42,237.17,4506.25,3355.71,1150.54,0.255321
2025-07-11,PED-2025-01117,Prime Engenharia 079,RJ,Rio de Janeiro,Ana Martins,Roteador Empresarial,Conectividade,1,780.01,0.0,375.22,Pix,780.01,0.0,780.01,375.22,404.79,0.518955
2025-07-12,PED-2025-00231,Central Tecnologia 003,BA,Salvador,Bruno Costa,Notebook Pro 15,Informática,3,5114.37,0.0,3524.79,Cartão de crédito,15343.11,0.0,15343.11,10574.37,4768.74,0.310807
2025-07-12,PED-2025-00439,Horizonte Tecnologia 115,GO,Anápolis,Fernanda Alves,Mouse Sem Fio,Acessórios,2,148.51,0.05,69.15,Pix,297.02,14.85,282.17,138.3,143.87,0.509868
2025-07-12,PED-2025-00530,Horizonte Serviços 045,RS,Pelotas,Camila Rocha,Headset Corporativo,Acessórios,1,341.84,0.05,155.9,Cartão de crédito,341.84,17.09,324.75,155.9,168.85,0.519935
2025-07-12,PED-2025-00579,Vértice Soluções 200,RS,Caxias do Sul,Fernanda Alves,Impressora Multifuncional,Impressão,1,1639.7,0.0,1027.61,Cartão de crédito,1639.7,0.0,1639.7,1027.61,612.09,0.373294
2025-07-12,PED-2025-00579,Vértice Soluções 200,RS,Caxias do Sul,Fernanda Alves,Toner Preto,Impressão,1,341.74,0.03,144.11,Cartão de crédito,341.74,10.25,331.49,144.11,187.38,0.565263
2025-07-13,PED-2025-00087,Prime Serviços 109,DF,Brasília,Lucas Barros,Monitor Ultrawide 29,Informática,4,1857.94,0.08,1154.32,Boleto,7431.76,594.54,6837.22,4617.28,2219.94,0.324685
2025-07-13,PED-2025-00087,Prime Serviços 109,DF,Brasília,Lucas Barros,Teclado Mecânico,Acessórios,1,396.52,0.12,198.78,Boleto,396.52,47.58,348.94,198.78,150.16,0.430328
2025-07-13,PED-2025-00357,Aurora Varejo 102,SP,Campinas,Camila Rocha,Filtro de Linha Premium,Energia,6,119.97,0.0,52.91,Pix,719.82,0.0,719.82,317.46,402.36,0.558973
2025-07-13,PED-2025-00835,Nova Engenharia 207,RS,Porto Alegre,Gustavo Ribeiro,Impressora Multifuncional,Impressão,2,1591.4,0.12,1011.42,Cartão de crédito,3182.8,381.94,2800.86,2022.84,778.02,0.27778
2025-07-13,PED-2025-00835,Nova Engenharia 207,RS,Porto Alegre,Gustavo Ribeiro,Mouse Sem Fio,Acessórios,3,157.39,0.0,66.92,Cartão de crédito,472.17,0.0,472.17,200.76,271.41,0.574814
2025-07-14,PED-2025-01061,Central Serviços 053,RJ,Petrópolis,Juliana Mendes,Monitor Ultrawide 29,Informática,3,1816.79,0.1,1202.83,Pix,5450.37,545.04,4905.33,3608.49,1296.84,0.264374
2025-07-14,PED-2025-01061,Central Serviços 053,RJ,Petrópolis,Juliana Mendes,Webcam Full HD,Acessórios,5,276.38,0.12,131.8,Pix,1381.9,165.83,1216.07,659.0,557.07,0.458091
2025-07-15,PED-2025-00830,Integra Soluções 016,MG,Belo Horizonte,Juliana Mendes,Cadeira Ergonômica,Móveis,4,1449.15,0.12,783.71,Boleto,5796.6,695.59,5101.01,3134.84,1966.17,0.385447
2025-07-15,PED-2025-00830,Integra Soluções 016,MG,Belo Horizonte,Juliana Mendes,Kit Toner Colorido,Impressão,2,892.06,0.05,419.1,Boleto,1784.12,89.21,1694.91,838.2,856.71,0.505462
2025-07-15,PED-2025-00830,Integra Soluções 016,MG,Belo Horizonte,Juliana Mendes,Toner Preto,Impressão,6,317.8,0.0,141.75,Boleto,1906.8,0.0,1906.8,850.5,1056.3,0.553965
2025-07-15,PED-2025-00967,Aurora Distribuidora 052,BA,Salvador,Lucas Barros,Notebook Pro 15,Informática,4,4783.17,0.0,3424.11,Boleto,19132.68,0.0,19132.68,13696.44,5436.24,0.284134
2025-07-15,PED-2025-00967,Aurora Distribuidora 052,BA,Salvador,Lucas Barros,Roteador Empresarial,Conectividade,3,735.01,0.03,372.67,Boleto,2205.03,66.15,2138.88,1118.01,1020.87,0.477292
2025-07-15,PED-2025-00967,Aurora Distribuidora 052,BA,Salvador,Lucas Barros,Teclado Mecânico,Acessórios,5,396.59,0.0,187.0,Boleto,1982.95,0.0,1982.95,935.0,1047.95,0.52848
2025-07-15,PED-2025-01103,Horizonte Serviços 165,RJ,Petrópolis,Gustavo Ribeiro,Cadeira Ergonômica,Móveis,2,1417.3,0.08,770.48,Pix,2834.6,226.77,2607.83,1540.96,1066.87,0.409103
2025-07-15,PED-2025-01103,Horizonte Serviços 165,RJ,Petrópolis,Gustavo Ribeiro,Mouse Sem Fio,Acessórios,2,147.13,0.05,68.41,Pix,294.26,14.71,279.55,136.82,142.73,0.510565
2025-07-16,PED-2025-00169,Nova Serviços 117,SP,Ribeirão Preto,Lucas Barros,Impressora Multifuncional,Impressão,1,1644.81,0.08,1021.51,Cartão de crédito,1644.81,131.58,1513.23,1021.51,491.72,0.324945
2025-07-16,PED-2025-00297,Prime Tecnologia 219,GO,Aparecida de Goiânia,Juliana Mendes,Access Point Wi-Fi 6,Conectividade,1,906.94,0.0,493.52,Cartão de débito,906.94,0.0,906.94,493.52,413.42,0.455841
2025-07-17,PED-2025-00075,Alfa Comercial 201,SP,Campinas,Lucas Barros,Kit Toner Colorido,Impressão,1,894.85,0.0,400.16,Cartão de débito,894.85,0.0,894.85,400.16,494.69,0.552819
2025-07-17,PED-2025-00075,Alfa Comercial 201,SP,Campinas,Lucas Barros,Roteador Empresarial,Conectividade,3,733.79,0.1,379.13,Cartão de débito,2201.37,220.14,1981.23,1137.39,843.84,0.425918
2025-07-17,PED-2025-00075,Alfa Comercial 201,SP,Campinas,Lucas Barros,Webcam Full HD,Acessórios,1,277.17,0.1,135.79,Cartão de débito,277.17,27.72,249.45,135.79,113.66,0.455649
2025-07-17,PED-2025-00893,Integra Varejo 166,SP,Santos,Juliana Mendes,Cadeira Ergonômica,Móveis,5,1389.63,0.12,748.75,Pix,6948.15,833.78,6114.37,3743.75,2370.62,0.387713
2025-07-17,PED-2025-00893,Integra Varejo 166,SP,Santos,Juliana Mendes,Monitor Ultrawide 29,Informática,5,1782.39,0.08,1199.02,Pix,8911.95,712.96,8198.99,5995.1,2203.89,0.268801
2025-07-17,PED-2025-00893,Integra Varejo 166,SP,Santos,Juliana Mendes,Mouse Sem Fio,Acessórios,3,155.07,0.0,67.32,Pix,465.21,0.0,465.21,201.96,263.25,0.565873
2025-07-18,PED-2025-00178,Prime Comercial 169,RJ,Petrópolis,Gustavo Ribeiro,Teclado Mecânico,Acessórios,1,388.58,0.12,199.02,Cartão de crédito,388.58,46.63,341.95,199.02,142.93,0.417986
2025-07-18,PED-2025-00302,Aurora Soluções 032,SP,São Paulo,Bruno Costa,Filtro de Linha Premium,Energia,4,121.32,0.05,52.43,Pix,485.28,24.26,461.02,209.72,251.3,0.545092
2025-07-18,PED-2025-00309,Conecta Distribuidora 204,RS,Caxias do Sul,Juliana Mendes,Kit Toner Colorido,Impressão,1,904.8,0.03,411.39,Cartão de crédito,904.8,27.14,877.66,411.39,466.27,0.531263
2025-07-18,PED-2025-00309,Conecta Distribuidora 204,RS,Caxias do Sul,Juliana Mendes,Toner Preto,Impressão,1,318.51,0.08,150.47,Cartão de crédito,318.51,25.48,293.03,150.47,142.56,0.486502
2025-07-18,PED-2025-00565,Prime Engenharia 079,SC,Blumenau,Fernanda Alves,Monitor Ultrawide 29,Informática,4,1860.59,0.1,1141.41,Cartão de crédito,7442.36,744.24,6698.12,4565.64,2132.48,0.31837
2025-07-18,PED-2025-00565,Prime Engenharia 079,SC,Blumenau,Fernanda Alves,Notebook Pro 15,Informática,3,4991.32,0.0,3531.79,Cartão de crédito,14973.96,0.0,14973.96,10595.37,4378.59,0.292414
2025-07-19,PED-2025-00409,Ponto Varejo 118,SP,Santos,Diego Lima,Roteador Empresarial,Conectividade,1,763.93,0.05,370.85,Transferência,763.93,38.2,725.73,370.85,354.88,0.489
2025-07-19,PED-2025-00697,Vértice Distribuidora 180,RJ,Petrópolis,Ana Martins,Gaveteiro Executivo,Móveis,1,693.94,0.0,372.02,Cartão de crédito,693.94,0.0,693.94,372.02,321.92,0.463902
2025-07-19,PED-2025-00697,Vértice Distribuidora 180,RJ,Petrópolis,Ana Martins,Webcam Full HD,Acessórios,1,283.14,0.08,133.11,Cartão de crédito,283.14,22.65,260.49,133.11,127.38,0.488999
2025-07-20,PED-2025-00474,Integra Distribuidora 156,RS,Porto Alegre,Gustavo Ribeiro,Roteador Empresarial,Conectividade,2,759.33,0.0,357.09,Transferência,1518.66,0.0,1518.66,714.18,804.48,0.52973
2025-07-20,PED-2025-00509,Prime Tecnologia 059,DF,Brasília,Juliana Mendes,Cadeira Ergonômica,Móveis,4,1409.86,0.05,750.1,Pix,5639.44,281.97,5357.47,3000.4,2357.07,0.439959
2025-07-20,PED-2025-00509,Prime Tecnologia 059,DF,Brasília,Juliana Mendes,Headset Corporativo,Acessórios,1,338.54,0.15,162.64,Pix,338.54,50.78,287.76,162.64,125.12,0.434805
2025-07-20,PED-2025-00509,Prime Tecnologia 059,DF,Brasília,Juliana Mendes,Kit Toner Colorido,Impressão,3,883.52,0.1,398.19,Pix,2650.56,265.06,2385.5,1194.57,1190.93,0.499238
2025-07-21,PED-2025-00080,Vértice Logística 010,BA,Feira de Santana,Ana Martins,Roteador Empresarial,Conectividade,1,727.06,0.0,361.5,Boleto,727.06,0.0,727.06,361.5,365.56,0.502792
2025-07-21,PED-2025-00080,Vértice Logística 010,BA,Feira de Santana,Ana Martins,Teclado Mecânico,Acessórios,2,390.61,0.03,189.19,Boleto,781.22,23.44,757.78,378.38,379.4,0.500675
2025-07-21,PED-2025-01011,Conecta Distribuidora 124,SC,Florianópolis,Camila Rocha,Filtro de Linha Premium,Energia,5,124.23,0.05,52.59,Cartão de débito,621.15,31.06,590.09,262.95,327.14,0.554392
2025-07-22,PED-2025-00403,Nova Serviços 037,SP,São Paulo,Ana Martins,Kit Toner Colorido,Impressão,4,861.52,0.1,420.06,Cartão de crédito,3446.08,344.61,3101.47,1680.24,1421.23,0.458244
2025-07-22,PED-2025-00715,Nova Engenharia 087,RS,Pelotas,Diego Lima,Roteador Empresarial,Conectividade,3,750.68,0.05,374.58,Pix,2252.04,112.6,2139.44,1123.74,1015.7,0.47475
2025-07-23,PED-2025-00108,Prime Engenharia 039,SP,Santos,Bruno Costa,Monitor Ultrawide 29,Informática,1,1873.78,0.0,1160.11,Pix,1873.78,0.0,1873.78,1160.11,713.67,0.380872
2025-07-23,PED-2025-00108,Prime Engenharia 039,SP,Santos,Bruno Costa,Switch 24 Portas,Conectividade,1,1075.63,0.05,634.15,Pix,1075.63,53.78,1021.85,634.15,387.7,0.379409
2025-07-23,PED-2025-00108,Prime Engenharia 039,SP,Santos,Bruno Costa,Toner Preto,Impressão,1,338.81,0.1,145.49,Pix,338.81,33.88,304.93,145.49,159.44,0.522873
2025-07-23,PED-2025-00551,Vértice Soluções 200,SP,Campinas,Lucas Barros,Filtro de Linha Premium,Energia,1,119.39,0.1,50.81,Cartão de crédito,119.39,11.94,107.45,50.81,56.64,0.527133
2025-07-24,PED-2025-00628,Aurora Distribuidora 212,SP,São Paulo,Camila Rocha,Headset Corporativo,Acessórios,7,323.88,0.03,161.06,Cartão de crédito,2267.16,68.01,2199.15,1127.42,1071.73,0.487337
2025-07-25,PED-2025-00091,Prime Engenharia 119,MG,Belo Horizonte,Bruno Costa,Impressora Multifuncional,Impressão,2,1613.29,0.05,1005.86,Transferência,3226.58,161.33,3065.25,2011.72,1053.53,0.343701
2025-07-25,PED-2025-00091,Prime Engenharia 119,MG,Belo Horizonte,Bruno Costa,Mouse Sem Fio,Acessórios,2,145.27,0.1,68.25,Transferência,290.54,29.05,261.49,136.5,124.99,0.477984
2025-07-25,PED-2025-00117,Nova Comercial 057,RS,Caxias do Sul,Fernanda Alves,Mesa Ajustável,Móveis,2,1899.88,0.05,1043.46,Cartão de crédito,3799.76,189.99,3609.77,2086.92,1522.85,0.421869
2025-07-25,PED-2025-00117,Nova Comercial 057,RS,Caxias do Sul,Fernanda Alves,Mouse Sem Fio,Acessórios,2,147.02,0.0,70.52,Cartão de crédito,294.04,0.0,294.04,141.04,153.0,0.520337
2025-07-25,PED-2025-00202,Alfa Tecnologia 211,BA,Salvador,Gustavo Ribeiro,Filtro de Linha Premium,Energia,1,125.57,0.0,51.58,Pix,125.57,0.0,125.57,51.58,73.99,0.589233
2025-07-25,PED-2025-00202,Alfa Tecnologia 211,BA,Salvador,Gustavo Ribeiro,Monitor Ultrawide 29,Informática,2,1743.7,0.0,1145.33,Pix,3487.4,0.0,3487.4,2290.66,1196.74,0.343161
2025-07-25,PED-2025-00206,Horizonte Comercial 065,RS,Porto Alegre,Camila Rocha,Teclado Mecânico,Acessórios,5,385.75,0.0,191.53,Cartão de crédito,1928.75,0.0,1928.75,957.65,971.1,0.503487
2025-07-25,PED-2025-00206,Horizonte Comercial 065,RS,Porto Alegre,Camila Rocha,Toner Preto,Impressão,1,332.74,0.03,143.06,Cartão de crédito,332.74,9.98,322.76,143.06,179.7,0.556757
2025-07-26,PED-2025-00526,Vértice Logística 210,BA,Feira de Santana,Diego Lima,Impressora Multifuncional,Impressão,2,1589.1,0.03,996.73,Pix,3178.2,95.35,3082.85,1993.46,1089.39,0.353372
2025-07-26,PED-2025-00569,Horizonte Tecnologia 195,DF,Brasília,Juliana Mendes,Gaveteiro Executivo,Móveis,3,713.65,0.0,372.26,Cartão de crédito,2140.95,0.0,2140.95,1116.78,1024.17,0.478372
2025-07-26,PED-2025-00607,Alfa Tecnologia 091,PR,Curitiba,Bruno Costa,Gaveteiro Executivo,Móveis,2,682.23,0.12,367.7,Boleto,1364.46,163.74,1200.72,735.4,465.32,0.387537
2025-07-26,PED-2025-00607,Alfa Tecnologia 091,PR,Curitiba,Bruno Costa,Headset Corporativo,Acessórios,6,341.27,0.0,156.56,Boleto,2047.62,0.0,2047.62,939.36,1108.26,0.541243
2025-07-26,PED-2025-00635,Ponto Soluções 008,RS,Caxias do Sul,Camila Rocha,Filtro de Linha Premium,Energia,5,118.73,0.0,51.13,Cartão de crédito,593.65,0.0,593.65,255.65,338.0,0.569359
2025-07-26,PED-2025-00635,Ponto Soluções 008,RS,Caxias do Sul,Camila Rocha,Roteador Empresarial,Conectividade,7,784.34,0.05,362.56,Cartão de crédito,5490.38,274.52,5215.86,2537.92,2677.94,0.513423
2025-07-26,PED-2025-01008,Aurora Distribuidora 092,SP,Campinas,Lucas Barros,Mouse Sem Fio,Acessórios,6,147.23,0.0,68.8,Cartão de crédito,883.38,0.0,883.38,412.8,470.58,0.532704
2025-07-27,PED-2025-00533,Central Tecnologia 203,SP,Ribeirão Preto,Juliana Mendes,Filtro de Linha Premium,Energia,2,123.1,0.03,52.6,Pix,246.2,7.39,238.81,105.2,133.61,0.55949
2025-07-27,PED-2025-00533,Central Tecnologia 203,SP,Ribeirão Preto,Juliana Mendes,Mouse Sem Fio,Acessórios,1,153.26,0.08,67.57,Pix,153.26,12.26,141.0,67.57,73.43,0.520777
2025-07-27,PED-2025-00561,Nova Serviços 077,RS,Pelotas,Juliana Mendes,Headset Corporativo,Acessórios,3,327.08,0.0,161.48,Pix,981.24,0.0,981.24,484.44,496.8,0.506298
2025-07-27,PED-2025-00561,Nova Serviços 077,RS,Pelotas,Juliana Mendes,Kit Toner Colorido,Impressão,4,917.07,0.03,406.25,Pix,3668.28,110.05,3558.23,1625.0,1933.23,0.543312
2025-07-27,PED-2025-00561,Nova Serviços 077,RS,Pelotas,Juliana Mendes,Teclado Mecânico,Acessórios,1,392.0,0.0,188.49,Pix,392.0,0.0,392.0,188.49,203.51,0.519158
2025-07-28,PED-2025-00182,Ponto Varejo 158,SP,Santos,Juliana Mendes,Nobreak 1500VA,Energia,3,1222.14,0.05,698.55,Cartão de crédito,3666.42,183.32,3483.1,2095.65,1387.45,0.398338
2025-07-28,PED-2025-00182,Ponto Varejo 158,SP,Santos,Juliana Mendes,Teclado Mecânico,Acessórios,6,397.62,0.1,199.59,Cartão de crédito,2385.72,238.57,2147.15,1197.54,949.61,0.442265
2025-07-28,PED-2025-00317,Central Tecnologia 043,GO,Aparecida de Goiânia,Bruno Costa,Access Point Wi-Fi 6,Conectividade,4,864.37,0.05,492.77,Boleto,3457.48,172.87,3284.61,1971.08,1313.53,0.399904
2025-07-28,PED-2025-00519,Ponto Logística 138,PE,Caruaru,Fernanda Alves,Cadeira Ergonômica,Móveis,1,1381.05,0.0,796.22,Pix,1381.05,0.0,1381.05,796.22,584.83,0.423468
2025-07-29,PED-2025-00189,Integra Soluções 176,PE,Olinda,Lucas Barros,Mesa Ajustável,Móveis,1,1828.57,0.0,1077.58,Cartão de crédito,1828.57,0.0,1828.57,1077.58,750.99,0.410698
2025-07-29,PED-2025-00189,Integra Soluções 176,PE,Olinda,Lucas Barros,Toner Preto,Impressão,3,340.75,0.15,143.27,Cartão de crédito,1022.25,153.34,868.91,429.81,439.1,0.505347
2025-07-29,PED-2025-00255,Prime Serviços 189,SP,São Paulo,Juliana Mendes,Mouse Sem Fio,Acessórios,3,145.05,0.05,68.11,Pix,435.15,21.76,413.39,204.33,209.06,0.505724
2025-07-29,PED-2025-00255,Prime Serviços 189,SP,São Paulo,Juliana Mendes,Nobreak 1500VA,Energia,2,1179.22,0.0,667.89,Pix,2358.44,0.0,2358.44,1335.78,1022.66,0.433617
2025-07-30,PED-2025-00615,Ponto Varejo 198,SP,Campinas,Bruno Costa,Teclado Mecânico,Acessórios,1,389.2,0.08,193.52,Pix,389.2,31.14,358.06,193.52,164.54,0.459538
2025-07-30,PED-2025-00808,Nova Comercial 217,RS,Caxias do Sul,Gustavo Ribeiro,Headset Corporativo,Acessórios,1,335.57,0.12,160.37,Cartão de crédito,335.57,40.27,295.3,160.37,134.93,0.456928
2025-07-30,PED-2025-00808,Nova Comercial 217,RS,Caxias do Sul,Gustavo Ribeiro,Mouse Sem Fio,Acessórios,2,153.57,0.1,69.71,Cartão de crédito,307.14,30.71,276.43,139.42,137.01,0.495634
2025-07-31,PED-2025-00665,Nova Comercial 017,MG,Belo Horizonte,Juliana Mendes,Mouse Sem Fio,Acessórios,1,155.17,0.05,67.76,Transferência,155.17,7.76,147.41,67.76,79.65,0.540334
2025-07-31,PED-2025-00665,Nova Comercial 017,MG,Belo Horizonte,Juliana Mendes,Toner Preto,Impressão,3,336.51,0.03,143.24,Transferência,1009.53,30.29,979.24,429.72,549.52,0.561172
2025-08-01,PED-2025-00589,Central Engenharia 103,SP,Campinas,Camila Rocha,Teclado Mecânico,Acessórios,2,386.36,0.05,191.89,Pix,772.72,38.64,734.08,383.78,350.3,0.477199
2025-08-01,PED-2025-00590,Central Serviços 133,SP,São Paulo,Ana Martins,Monitor Ultrawide 29,Informática,1,1722.71,0.0,1129.76,Boleto,1722.71,0.0,1722.71,1129.76,592.95,0.344196
2025-08-01,PED-2025-00590,Central Serviços 133,SP,São Paulo,Ana Martins,Roteador Empresarial,Conectividade,2,773.15,0.05,375.71,Boleto,1546.3,77.32,1468.98,751.42,717.56,0.488477
2025-08-01,PED-2025-00899,Prime Tecnologia 219,RJ,Petrópolis,Ana Martins,Filtro de Linha Premium,Energia,2,115.24,0.05,50.35,Pix,230.48,11.52,218.96,100.7,118.26,0.54009
2025-08-01,PED-2025-00899,Prime Tecnologia 219,RJ,Petrópolis,Ana Martins,Mouse Sem Fio,Acessórios,5,150.18,0.08,66.18,Pix,750.9,60.07,690.83,330.9,359.93,0.52101
2025-08-01,PED-2025-00899,Prime Tecnologia 219,RJ,Petrópolis,Ana Martins,Nobreak 1500VA,Energia,2,1160.1,0.0,670.76,Pix,2320.2,0.0,2320.2,1341.52,978.68,0.421808
2025-08-02,PED-2025-00581,Central Serviços 053,SP,Campinas,Diego Lima,Mesa Ajustável,Móveis,6,1788.82,0.0,1056.86,Cartão de crédito,10732.92,0.0,10732.92,6341.16,4391.76,0.409186
2025-08-02,PED-2025-00581,Central Serviços 053,SP,Campinas,Diego Lima,Notebook Pro 15,Informática,2,4875.06,0.05,3329.51,Cartão de crédito,9750.12,487.51,9262.61,6659.02,2603.59,0.281086
2025-08-02,PED-2025-00915,Central Comercial 033,RS,Caxias do Sul,Juliana Mendes,Monitor Ultrawide 29,Informática,5,1744.68,0.0,1137.23,Cartão de crédito,8723.4,0.0,8723.4,5686.15,3037.25,0.348173
2025-08-02,PED-2025-00915,Central Comercial 033,RS,Caxias do Sul,Juliana Mendes,Notebook Essencial 14,Informática,4,2892.43,0.08,2066.3,Cartão de crédito,11569.72,925.58,10644.14,8265.2,2378.94,0.223498
2025-08-03,PED-2025-00487,Integra Logística 026,SP,Campinas,Lucas Barros,Teclado Mecânico,Acessórios,1,386.83,0.0,191.65,Transferência,386.83,0.0,386.83,191.65,195.18,0.504563
2025-08-03,PED-2025-00656,Horizonte Engenharia 095,RS,Pelotas,Fernanda Alves,Access Point Wi-Fi 6,Conectividade,4,893.47,0.0,466.55,Cartão de débito,3573.88,0.0,3573.88,1866.2,1707.68,0.477822
2025-08-03,PED-2025-00671,Prime Comercial 089,PR,Maringá,Camila Rocha,Impressora Multifuncional,Impressão,4,1632.95,0.0,1011.26,Pix,6531.8,0.0,6531.8,4045.04,2486.76,0.380716
2025-08-03,PED-2025-00671,Prime Comercial 089,PR,Maringá,Camila Rocha,Mouse Sem Fio,Acessórios,3,157.32,0.1,68.28,Pix,471.96,47.2,424.76,204.84,219.92,0.517756
2025-08-04,PED-2025-00035,Vértice Logística 130,PR,Maringá,Gustavo Ribeiro,Mesa Ajustável,Móveis,2,1861.37,0.1,1073.33,Boleto,3722.74,372.27,3350.47,2146.66,1203.81,0.359295
2025-08-04,PED-2025-00035,Vértice Logística 130,PR,Maringá,Gustavo Ribeiro,Webcam Full HD,Acessórios,4,281.81,0.1,130.95,Boleto,1127.24,112.72,1014.52,523.8,490.72,0.483695
2025-08-04,PED-2025-00244,Ponto Varejo 198,GO,Aparecida de Goiânia,Juliana Mendes,Roteador Empresarial,Conectividade,3,741.16,0.1,359.2,Boleto,2223.48,222.35,2001.13,1077.6,923.53,0.461505
2025-08-05,PED-2025-00453,Aurora Logística 162,RJ,Rio de Janeiro,Gustavo Ribeiro,Notebook Pro 15,Informática,2,4985.16,0.15,3477.67,Pix,9970.32,1495.55,8474.77,6955.34,1519.43,0.179289
2025-08-05,PED-2025-00641,Alfa Tecnologia 171,SP,São Paulo,Fernanda Alves,Notebook Pro 15,Informática,2,4798.09,0.0,3466.04,Transferência,9596.18,0.0,9596.18,6932.08,2664.1,0.277621
2025-08-05,PED-2025-00641,Alfa Tecnologia 171,SP,São Paulo,Fernanda Alves,Teclado Mecânico,Acessórios,4,397.83,0.0,186.5,Transferência,1591.32,0.0,1591.32,746.0,845.32,0.531207
2025-08-05,PED-2025-00777,Central Tecnologia 123,SP,Campinas,Fernanda Alves,Access Point Wi-Fi 6,Conectividade,2,917.83,0.0,487.87,Boleto,1835.66,0.0,1835.66,975.74,859.92,0.468453
2025-08-05,PED-2025-01054,Prime Tecnologia 019,RJ,Petrópolis,Juliana Mendes,Monitor Ultrawide 29,Informática,2,1810.06,0.0,1186.16,Transferência,3620.12,0.0,3620.12,2372.32,1247.8,0.344685
2025-08-07,PED-2025-00477,Central Engenharia 023,MG,Uberlândia,Bruno Costa,Impressora Multifuncional,Impressão,2,1559.16,0.0,988.46,Cartão de crédito,3118.32,0.0,3118.32,1976.92,1141.4,0.36603
2025-08-07,PED-2025-00942,Vértice Varejo 070,GO,Aparecida de Goiânia,Camila Rocha,Access Point Wi-Fi 6,Conectividade,4,866.99,0.0,484.12,Cartão de débito,3467.96,0.0,3467.96,1936.48,1531.48,0.441608
2025-08-08,PED-2025-00208,Prime Engenharia 039,DF,Brasília,Diego Lima,Mouse Sem Fio,Acessórios,2,152.2,0.05,68.9,Cartão de crédito,304.4,15.22,289.18,137.8,151.38,0.52348
2025-08-08,PED-2025-00208,Prime Engenharia 039,DF,Brasília,Diego Lima,Nobreak 1500VA,Energia,3,1171.31,0.08,675.63,Cartão de crédito,3513.93,281.11,3232.82,2026.89,1205.93,0.373026
2025-08-08,PED-2025-00208,Prime Engenharia 039,DF,Brasília,Diego Lima,Notebook Essencial 14,Informática,7,2871.66,0.05,2017.33,Cartão de crédito,20101.62,1005.08,19096.54,14121.31,4975.23,0.26053
2025-08-08,PED-2025-00423,Integra Distribuidora 116,DF,Brasília,Gustavo Ribeiro,Webcam Full HD,Acessórios,2,289.14,0.08,129.87,Boleto,578.28,46.26,532.02,259.74,272.28,0.511783
2025-08-08,PED-2025-00643,Conecta Logística 034,GO,Anápolis,Lucas Barros,Monitor Ultrawide 29,Informática,1,1875.79,0.0,1181.3,Cartão de crédito,1875.79,0.0,1875.79,1181.3,694.49,0.370239
2025-08-08,PED-2025-00988,Conecta Varejo 094,SP,São Paulo,Juliana Mendes,Access Point Wi-Fi 6,Conectividade,3,896.67,0.08,468.49,Cartão de crédito,2690.01,215.2,2474.81,1405.47,1069.34,0.43209
2025-08-08,PED-2025-00988,Conecta Varejo 094,SP,São Paulo,Juliana Mendes,Notebook Pro 15,Informática,2,4921.84,0.12,3556.36,Cartão de crédito,9843.68,1181.24,8662.44,7112.72,1549.72,0.178901
2025-08-08,PED-2025-01055,Ponto Logística 138,SP,Santos,Gustavo Ribeiro,Toner Preto,Impressão,3,324.3,0.15,151.27,Pix,972.9,145.94,826.97,453.81,373.16,0.451234
2025-08-08,PED-2025-01055,Ponto Logística 138,SP,Santos,Gustavo Ribeiro,Webcam Full HD,Acessórios,1,288.24,0.0,132.84,Pix,288.24,0.0,288.24,132.84,155.4,0.539134
2025-08-09,PED-2025-00549,Prime Serviços 069,PR,Curitiba,Ana Martins,Switch 24 Portas,Conectividade,2,1121.84,0.0,606.18,Cartão de crédito,2243.68,0.0,2243.68,1212.36,1031.32,0.459656
2025-08-09,PED-2025-00586,Prime Comercial 209,DF,Brasília,Diego Lima,Mouse Sem Fio,Acessórios,2,149.65,0.0,67.29,Boleto,299.3,0.0,299.3,134.58,164.72,0.550351
2025-08-09,PED-2025-00649,Alfa Serviços 101,SC,Florianópolis,Ana Martins,Mouse Sem Fio,Acessórios,2,153.68,0.0,70.31,Pix,307.36,0.0,307.36,140.62,166.74,0.542491
2025-08-09,PED-2025-00649,Alfa Serviços 101,SC,Florianópolis,Ana Martins,Notebook Essencial 14,Informática,6,2996.56,0.03,2034.07,Pix,17979.36,539.38,17439.98,12204.42,5235.56,0.300204
2025-08-09,PED-2025-00802,Nova Serviços 197,MG,Juiz de Fora,Lucas Barros,Filtro de Linha Premium,Energia,4,120.87,0.05,51.19,Cartão de crédito,483.48,24.17,459.31,204.76,254.55,0.554197
2025-08-09,PED-2025-00876,Vértice Logística 010,BA,Vitória da Conquista,Camila Rocha,Switch 24 Portas,Conectividade,3,1090.08,0.12,624.37,Pix,3270.24,392.43,2877.81,1873.11,1004.7,0.34912
2025-08-09,PED-2025-00876,Vértice Logística 010,BA,Vitória da Conquista,Camila Rocha,Toner Preto,Impressão,1,326.2,0.0,149.03,Pix,326.2,0.0,326.2,149.03,177.17,0.543133
2025-08-09,PED-2025-00876,Vértice Logística 010,BA,Vitória da Conquista,Camila Rocha,Webcam Full HD,Acessórios,2,284.44,0.08,130.54,Pix,568.88,45.51,523.37,261.08,262.29,0.501156
2025-08-10,PED-2025-00205,Alfa Comercial 121,RJ,Petrópolis,Juliana Mendes,Filtro de Linha Premium,Energia,6,121.47,0.0,49.75,Boleto,728.82,0.0,728.82,298.5,430.32,0.590434
2025-08-10,PED-2025-00205,Alfa Comercial 121,RJ,Petrópolis,Juliana Mendes,Mouse Sem Fio,Acessórios,5,151.92,0.0,69.51,Boleto,759.6,0.0,759.6,347.55,412.05,0.542457
2025-08-10,PED-2025-00217,Ponto Distribuidora 108,MG,Belo Horizonte,Gustavo Ribeiro,Gaveteiro Executivo,Móveis,3,720.26,0.1,377.63,Cartão de crédito,2160.78,216.08,1944.7,1132.89,811.81,0.417448
2025-08-10,PED-2025-00657,Conecta Varejo 014,SP,Ribeirão Preto,Gustavo Ribeiro,Headset Corporativo,Acessórios,1,323.84,0.0,159.98,Transferência,323.84,0.0,323.84,159.98,163.86,0.505991
2025-08-10,PED-2025-01039,Ponto Logística 018,DF,Brasília,Diego Lima,Mouse Sem Fio,Acessórios,2,152.51,0.0,68.81,Pix,305.02,0.0,305.02,137.62,167.4,0.548816
2025-08-10,PED-2025-01039,Ponto Logística 018,DF,Brasília,Diego Lima,Toner Preto,Impressão,1,337.65,0.05,147.17,Pix,337.65,16.88,320.77,147.17,173.6,0.541194
2025-08-11,PED-2025-00451,Vértice Soluções 120,SP,Ribeirão Preto,Ana Martins,Cadeira Ergonômica,Móveis,2,1334.76,0.05,747.58,Pix,2669.52,133.48,2536.04,1495.16,1040.88,0.410436
2025-08-11,PED-2025-00451,Cliente não informado,SP,Ribeirão Preto,Ana Martins,Teclado Mecânico,Acessórios,2,404.19,0.0,189.83,Pix,808.38,0.0,808.38,379.66,428.72,0.530345
2025-08-11,PED-2025-00931,Nova Engenharia 007,SP,São Paulo,Camila Rocha,Cadeira Ergonômica,Móveis,1,1373.87,0.0,784.0,Boleto,1373.87,0.0,1373.87,784.0,589.87,0.429349
2025-08-12,PED-2025-00740,Nova Comercial 057,MG,Juiz de Fora,Bruno Costa,Filtro de Linha Premium,Energia,2,125.29,0.08,50.91,Boleto,250.58,20.05,230.53,101.82,128.71,0.558329
2025-08-12,PED-2025-00740,Nova Comercial 057,MG,Juiz de Fora,Bruno Costa,Headset Corporativo,Acessórios,7,333.18,0.05,164.18,Boleto,2332.26,116.61,2215.65,1149.26,1066.39,0.481298
2025-08-12,PED-2025-00740,Nova Comercial 057,MG,Juiz de Fora,Bruno Costa,Roteador Empresarial,Conectividade,5,783.97,0.0,370.78,Boleto,3919.85,0.0,3919.85,1853.9,2065.95,0.527048
2025-08-12,PED-2025-00817,Alfa Engenharia 191,RJ,Petrópolis,Diego Lima,Gaveteiro Executivo,Móveis,5,665.71,0.0,371.99,Cartão de crédito,3328.55,0.0,3328.55,1859.95,1468.6,0.441213
2025-08-12,PED-2025-00817,Alfa Engenharia 191,RJ,Petrópolis,Diego Lima,Notebook Essencial 14,Informática,1,2914.66,0.08,2030.73,Cartão de crédito,2914.66,233.17,2681.49,2030.73,650.76,0.242685
2025-08-13,PED-2025-00261,Central Serviços 173,PR,Londrina,Diego Lima,Webcam Full HD,Acessórios,6,288.73,0.0,134.35,Boleto,1732.38,0.0,1732.38,806.1,926.28,0.534686
2025-08-13,PED-2025-00397,Alfa Engenharia 191,MG,Belo Horizonte,Fernanda Alves,Switch 24 Portas,Conectividade,4,1088.55,0.0,624.66,Cartão de crédito,4354.2,0.0,4354.2,2498.64,1855.56,0.426154
2025-08-13,PED-2025-00397,Alfa Engenharia 191,MG,Belo Horizonte,Fernanda Alves,Webcam Full HD,Acessórios,2,291.56,0.08,131.7,Cartão de crédito,583.12,46.65,536.47,263.4,273.07,0.509013
2025-08-13,PED-2025-01120,Conecta Distribuidora 044,RS,Porto Alegre,Gustavo Ribeiro,Teclado Mecânico,Acessórios,2,381.82,0.12,193.13,Transferência,763.64,91.64,672.0,386.26,285.74,0.425211
2025-08-14,PED-2025-00122,Horizonte Engenharia 135,SC,Blumenau,Ana Martins,Notebook Essencial 14,Informática,4,2967.63,0.0,2076.73,Boleto,11870.52,0.0,11870.52,8306.92,3563.6,0.300206
2025-08-14,PED-2025-00200,Alfa Serviços 101,SC,Florianópolis,Camila Rocha,Notebook Pro 15,Informática,6,4765.28,0.08,3331.76,Pix,28591.68,2287.33,26304.35,19990.56,6313.79,0.240028
2025-08-14,PED-2025-00200,Alfa Serviços 101,SC,Florianópolis,Camila Rocha,Toner Preto,Impressão,1,333.26,0.03,148.75,Pix,333.26,10.0,323.26,148.75,174.51,0.539847
2025-08-14,PED-2025-00443,Integra Soluções 176,PE,Caruaru,Diego Lima,Gaveteiro Executivo,Móveis,3,677.73,0.03,373.4,Cartão de crédito,2033.19,61.0,1972.19,1120.2,851.99,0.432003
2025-08-14,PED-2025-00443,Integra Soluções 176,PE,Caruaru,Diego Lima,Monitor Ultrawide 29,Informática,1,1836.8,0.15,1197.35,Cartão de crédito,1836.8,275.52,1561.28,1197.35,363.93,0.233097
2025-08-14,PED-2025-00443,Integra Soluções 176,PE,Caruaru,Diego Lima,Notebook Pro 15,Informática,3,4703.44,0.15,3379.88,Cartão de crédito,14110.32,2116.55,11993.77,10139.64,1854.13,0.154591
2025-08-14,PED-2025-00467,Vértice Logística 090,SC,Joinville,Camila Rocha,Headset Corporativo,Acessórios,6,323.16,0.12,154.2,Boleto,1938.96,232.68,1706.28,925.2,781.08,0.457769
2025-08-14,PED-2025-01002,Alfa Serviços 061,BA,Salvador,Lucas Barros,Headset Corporativo,Acessórios,2,322.78,0.1,154.1,Pix,645.56,64.56,581.0,308.2,272.8,0.469539
2025-08-15,PED-2025-00577,Vértice Distribuidora 220,SP,Ribeirão Preto,Fernanda Alves,Filtro de Linha Premium,Energia,3,115.51,0.0,52.8,Pix,346.53,0.0,346.53,158.4,188.13,0.542897
2025-08-15,PED-2025-00577,Vértice Distribuidora 220,SP,Ribeirão Preto,Fernanda Alves,Headset Corporativo,Acessórios,4,341.47,0.1,160.95,Pix,1365.88,136.59,1229.29,643.8,585.49,0.476284
2025-08-15,PED-2025-00926,Integra Logística 066,RJ,Niterói,Lucas Barros,Nobreak 1500VA,Energia,1,1226.56,0.15,656.97,Cartão de crédito,1226.56,183.98,1042.58,656.97,385.61,0.369859
2025-08-15,PED-2025-00926,Integra Logística 066,RJ,Niterói,Lucas Barros,Toner Preto,Impressão,2,345.26,0.0,148.86,Cartão de crédito,690.52,0.0,690.52,297.72,392.8,0.568847
2025-08-15,PED-2025-00937,Conecta Varejo 134,RJ,Rio de Janeiro,Juliana Mendes,Webcam Full HD,Acessórios,5,283.67,0.05,137.15,Cartão de débito,1418.35,70.92,1347.43,685.75,661.68,0.491069
2025-08-17,PED-2025-00154,Horizonte Engenharia 175,PE,Caruaru,Camila Rocha,Filtro de Linha Premium,Energia,7,116.47,0.1,51.28,Boleto,815.29,81.53,733.76,358.96,374.8,0.510794
2025-08-17,PED-2025-00154,Horizonte Engenharia 175,PE,Caruaru,Camila Rocha,Webcam Full HD,Acessórios,1,284.55,0.08,135.01,Boleto,284.55,22.76,261.79,135.01,126.78,0.484273
2025-08-17,PED-2025-00216,Vértice Distribuidora 180,SP,Ribeirão Preto,Diego Lima,Notebook Essencial 14,Informática,7,2811.67,0.0,1986.98,Pix,19681.69,0.0,19681.69,13908.86,5772.83,0.29331
2025-08-17,PED-2025-00417,Prime Serviços 109,BA,Feira de Santana,Ana Martins,Monitor Ultrawide 29,Informática,3,1740.89,0.05,1141.26,Boleto,5222.67,261.13,4961.54,3423.78,1537.76,0.309936
2025-08-17,PED-2025-00417,Prime Serviços 109,BA,Feira de Santana,Ana Martins,Notebook Essencial 14,Informática,14,3027.34,0.03,1968.6,Boleto,42382.76,1271.48,41111.28,27560.4,13550.88,0.329615
2025-08-18,PED-2025-00877,Central Tecnologia 123,RJ,Petrópolis,Ana Martins,Teclado Mecânico,Acessórios,2,391.98,0.1,190.05,Cartão de crédito,783.96,78.4,705.56,380.1,325.46,0.461282
2025-08-18,PED-2025-01085,Central Engenharia 063,RJ,Petrópolis,Juliana Mendes,Notebook Essencial 14,Informática,1,2955.29,0.08,2023.8,Cartão de crédito,2955.29,236.42,2718.87,2023.8,695.07,0.255646
2025-08-19,PED-2025-00102,Horizonte Serviços 165,PR,Curitiba,Bruno Costa,Filtro de Linha Premium,Energia,2,118.25,0.05,52.62,Pix,236.5,11.82,224.68,105.24,119.44,0.53159
2025-08-19,PED-2025-00426,Alfa Serviços 061,SP,Santos,Bruno Costa,Mouse Sem Fio,Acessórios,1,151.53,0.0,68.39,Cartão de crédito,151.53,0.0,151.53,68.39,83.14,0.54867
2025-08-19,PED-2025-00426,Alfa Serviços 061,SP,Santos,Bruno Costa,Webcam Full HD,Acessórios,1,276.55,0.05,132.05,Cartão de crédito,276.55,13.83,262.72,132.05,130.67,0.497378
2025-08-19,PED-2025-01083,Ponto Varejo 038,PE,Recife,Fernanda Alves,Webcam Full HD,Acessórios,3,286.38,0.0,129.97,Cartão de crédito,859.14,0.0,859.14,389.91,469.23,0.546162
2025-08-20,PED-2025-00237,Conecta Distribuidora 044,GO,Aparecida de Goiânia,Lucas Barros,Roteador Empresarial,Conectividade,2,784.21,0.05,368.48,Pix,1568.42,78.42,1490.0,736.96,753.04,0.505396
2025-08-20,PED-2025-00237,Conecta Distribuidora 044,GO,Aparecida de Goiânia,Lucas Barros,Webcam Full HD,Acessórios,2,287.63,0.1,133.77,Pix,575.26,57.53,517.73,267.54,250.19,0.483248
2025-08-20,PED-2025-00584,Conecta Logística 114,MG,Belo Horizonte,Diego Lima,Cadeira Ergonômica,Móveis,2,1401.59,0.0,762.24,Cartão de crédito,2803.18,0.0,2803.18,1524.48,1278.7,0.456161
2025-08-20,PED-2025-00678,Prime Tecnologia 179,SC,Florianópolis,Diego Lima,Notebook Pro 15,Informática,2,5122.06,0.12,3433.29,Cartão de débito,10244.12,1229.29,9014.83,6866.58,2148.25,0.238301
2025-08-20,PED-2025-00734,Alfa Engenharia 151,PR,Curitiba,Juliana Mendes,Roteador Empresarial,Conectividade,2,755.83,0.0,357.82,Cartão de crédito,1511.66,0.0,1511.66,715.64,796.02,0.526587
2025-08-20,PED-2025-00745,Prime Serviços 029,MG,Juiz de Fora,Juliana Mendes,Webcam Full HD,Acessórios,3,293.0,0.03,134.86,Transferência,879.0,26.37,852.63,404.58,448.05,0.525492
2025-08-20,PED-2025-00901,Nova Serviços 117,GO,Anápolis,Juliana Mendes,Notebook Pro 15,Informática,1,5134.36,0.1,3442.8,Boleto,5134.36,513.44,4620.92,3442.8,1178.12,0.254954
2025-08-20,PED-2025-00901,Nova Serviços 117,GO,Anápolis,Juliana Mendes,Teclado Mecânico,Acessórios,1,408.45,0.08,198.39,Boleto,408.45,32.68,375.77,198.39,177.38,0.47205
2025-08-20,PED-2025-01097,Nova Comercial 017,SC,Joinville,Juliana Mendes,Filtro de Linha Premium,Energia,2,117.25,0.15,52.04,Pix,234.5,35.17,199.32,104.08,95.24,0.477838
2025-08-22,PED-2025-00071,Prime Comercial 009,BA,Feira de Santana,Lucas Barros,Filtro de Linha Premium,Energia,2,125.33,0.03,52.11,Transferência,250.66,7.52,243.14,104.22,138.92,0.571358
2025-08-22,PED-2025-00071,Prime Comercial 009,BA,Feira de Santana,Lucas Barros,Mesa Ajustável,Móveis,2,1895.84,0.05,1074.84,Transferência,3791.68,189.58,3602.1,2149.68,1452.42,0.403214
2025-08-22,PED-2025-00627,Prime Comercial 169,PR,Maringá,Lucas Barros,Headset Corporativo,Acessórios,1,345.24,0.0,158.72,Pix,345.24,0.0,345.24,158.72,186.52,0.540262
2025-08-22,PED-2025-00779,Conecta Soluções 144,BA,Vitória da Conquista,Ana Martins,Headset Corporativo,Acessórios,3,324.91,0.08,154.74,Boleto,974.73,77.98,896.75,464.22,432.53,0.482332
2025-08-22,PED-2025-00779,Conecta Soluções 144,BA,Vitória da Conquista,Ana Martins,Toner Preto,Impressão,1,319.14,0.08,146.03,Boleto,319.14,25.53,293.61,146.03,147.58,0.502638
2025-08-22,PED-2025-01088,Central Engenharia 063,RJ,Petrópolis,Gustavo Ribeiro,Headset Corporativo,Acessórios,2,340.11,0.0,159.11,Boleto,680.22,0.0,680.22,318.22,362.0,0.532181
2025-08-22,PED-2025-01088,Central Engenharia 063,RJ,Petrópolis,Gustavo Ribeiro,Mouse Sem Fio,Acessórios,5,149.84,0.08,67.04,Boleto,749.2,59.94,689.26,335.2,354.06,0.513684
2025-08-23,PED-2025-00111,Prime Comercial 089,GO,Anápolis,Lucas Barros,Notebook Pro 15,Informática,4,5038.96,0.0,3537.02,Cartão de débito,20155.84,0.0,20155.84,14148.08,6007.76,0.298065
2025-08-23,PED-2025-00176,Horizonte Serviços 165,SC,Florianópolis,Bruno Costa,Notebook Pro 15,Informática,7,5132.54,0.0,3450.89,Cartão de crédito,35927.78,0.0,35927.78,24156.23,11771.55,0.327645
2025-08-23,PED-2025-00935,Integra Soluções 096,RJ,Niterói,Gustavo Ribeiro,Cadeira Ergonômica,Móveis,1,1402.41,0.08,780.85,Cartão de débito,1402.41,112.19,1290.22,780.85,509.37,0.394792
2025-08-23,PED-2025-00935,Integra Soluções 096,RJ,Niterói,Gustavo Ribeiro,Headset Corporativo,Acessórios,10,342.69,0.1,158.15,Cartão de débito,3426.9,342.69,3084.21,1581.5,1502.71,0.487227
2025-08-23,PED-2025-01099,Conecta Logística 074,PE,Recife,Lucas Barros,Mouse Sem Fio,Acessórios,1,145.06,0.0,68.85,Transferência,145.06,0.0,145.06,68.85,76.21,0.525369
2025-08-24,PED-2025-00473,Conecta Soluções 064,MG,Belo Horizonte,Lucas Barros,Gaveteiro Executivo,Móveis,2,664.09,0.1,359.08,Boleto,1328.18,132.82,1195.36,718.16,477.2,0.399211
2025-08-24,PED-2025-00473,Conecta Soluções 064,MG,Belo Horizonte,Lucas Barros,Headset Corporativo,Acessórios,2,333.47,0.05,155.18,Boleto,666.94,33.35,633.59,310.36,323.23,0.510159
2025-08-24,PED-2025-00473,Conecta Soluções 064,MG,Belo Horizonte,Lucas Barros,Mouse Sem Fio,Acessórios,8,154.34,0.03,67.14,Boleto,1234.72,37.04,1197.68,537.12,660.56,0.551532
2025-08-24,PED-2025-00982,Alfa Engenharia 191,RJ,Rio de Janeiro,Lucas Barros,Monitor Ultrawide 29,Informática,3,1846.82,0.05,1193.33,Boleto,5540.46,277.02,5263.44,3579.99,1683.45,0.319838
2025-08-25,PED-2025-00355,Alfa Tecnologia 011,SP,Ribeirão Preto,Bruno Costa,Mesa Ajustável,Móveis,2,1776.53,0.08,1012.75,Pix,3553.06,284.24,3268.82,2025.5,1243.32,0.380357
2025-08-25,PED-2025-00947,Central Comercial 193,SP,São Paulo,Camila Rocha,Gaveteiro Executivo,Móveis,8,694.32,0.05,362.34,Transferência,5554.56,277.73,5276.83,2898.72,2378.11,0.45067
2025-08-25,PED-2025-00947,Central Comercial 193,SP,São Paulo,Camila Rocha,Notebook Essencial 14,Informática,1,2970.9,0.05,2020.17,Transferência,2970.9,148.55,2822.36,2020.17,802.18,0.284225
2025-08-26,PED-2025-00043,Central Engenharia 063,RS,Pelotas,Lucas Barros,Kit Toner Colorido,Impressão,3,903.17,0.03,396.36,Cartão de débito,2709.51,81.29,2628.22,1189.08,1439.14,0.547573
2025-08-26,PED-2025-00043,Central Engenharia 063,RS,Pelotas,Lucas Barros,Monitor Ultrawide 29,Informática,1,1823.78,0.15,1205.15,Cartão de débito,1823.78,273.57,1550.21,1205.15,345.06,0.222591
2025-08-26,PED-2025-00195,Aurora Distribuidora 052,PR,Maringá,Fernanda Alves,Headset Corporativo,Acessórios,1,326.23,0.1,163.65,Cartão de crédito,326.23,32.62,293.61,163.65,129.96,0.442622
2025-08-26,PED-2025-00209,Horizonte Engenharia 015,RS,Porto Alegre,Diego Lima,Kit Toner Colorido,Impressão,4,896.0,0.1,414.42,Pix,3584.0,358.4,3225.6,1657.68,1567.92,0.486086
2025-08-26,PED-2025-00209,Horizonte Engenharia 015,RS,Porto Alegre,Diego Lima,Nobreak 1500VA,Energia,5,1190.98,0.05,698.18,Pix,5954.9,297.74,5657.16,3490.9,2166.26,0.382923
2025-08-26,PED-2025-00209,Horizonte Engenharia 015,RS,Porto Alegre,Diego Lima,Switch 24 Portas,Conectividade,2,1136.78,0.08,603.11,Pix,2273.56,181.88,2091.68,1206.22,885.46,0.423323
2025-08-26,PED-2025-00512,Integra Soluções 056,PR,Londrina,Lucas Barros,Mesa Ajustável,Móveis,2,1777.19,0.12,1057.67,Cartão de crédito,3554.38,426.53,3127.85,2115.34,1012.51,0.323709
2025-08-26,PED-2025-00752,Integra Distribuidora 076,SP,São Paulo,Bruno Costa,Notebook Pro 15,Informática,2,4775.74,0.0,3362.54,Cartão de crédito,9551.48,0.0,9551.48,6725.08,2826.4,0.295912
2025-08-27,PED-2025-00006,Ponto Logística 018,PR,Londrina,Juliana Mendes,Gaveteiro Executivo,Móveis,2,675.73,0.05,375.85,Cartão de crédito,1351.46,67.57,1283.89,751.7,532.19,0.414512
2025-08-27,PED-2025-00006,Ponto Logística 018,PR,Londrina,Juliana Mendes,Teclado Mecânico,Acessórios,1,384.18,0.0,195.14,Cartão de crédito,384.18,0.0,384.18,195.14,189.04,0.492061
2025-08-27,PED-2025-00271,Central Serviços 213,MG,Belo Horizonte,Gustavo Ribeiro,Gaveteiro Executivo,Móveis,1,666.86,0.0,365.98,Pix,666.86,0.0,666.86,365.98,300.88,0.451189
2025-08-27,PED-2025-00444,Ponto Soluções 128,BA,Feira de Santana,Bruno Costa,Webcam Full HD,Acessórios,1,283.48,0.12,131.06,Cartão de débito,283.48,34.02,249.46,131.06,118.4,0.47463
2025-08-27,PED-2025-00472,Conecta Logística 154,PR,Curitiba,Gustavo Ribeiro,Gaveteiro Executivo,Móveis,7,696.47,0.08,363.83,Cartão de crédito,4875.29,390.02,4485.27,2546.81,1938.46,0.432183
2025-08-27,PED-2025-00472,Conecta Logística 154,PR,Curitiba,Gustavo Ribeiro,Notebook Essencial 14,Informática,2,2960.19,0.08,2085.3,Cartão de crédito,5920.38,473.63,5446.75,4170.6,1276.15,0.234296
2025-08-27,PED-2025-00472,Conecta Logística 154,PR,Curitiba,Gustavo Ribeiro,Teclado Mecânico,Acessórios,1,378.49,0.08,195.88,Cartão de crédito,378.49,30.28,348.21,195.88,152.33,0.437467
2025-08-28,PED-2025-00500,Central Comercial 033,MG,Uberlândia,Ana Martins,Headset Corporativo,Acessórios,3,344.76,0.0,154.58,Transferência,1034.28,0.0,1034.28,463.74,570.54,0.55163
2025-08-28,PED-2025-00610,Nova Tecnologia 187,MG,Belo Horizonte,Gustavo Ribeiro,Filtro de Linha Premium,Energia,7,119.33,0.08,52.38,Transferência,835.31,66.82,768.49,366.66,401.83,0.52288
2025-08-28,PED-2025-00873,Nova Engenharia 207,DF,Brasília,Fernanda Alves,Cadeira Ergonômica,Móveis,1,1405.39,0.05,794.32,Boleto,1405.39,70.27,1335.12,794.32,540.8,0.405057
2025-08-28,PED-2025-00873,Nova Engenharia 207,DF,Brasília,Fernanda Alves,Mesa Ajustável,Móveis,2,1931.25,0.08,1011.57,Boleto,3862.5,309.0,3553.5,2023.14,1530.36,0.430663
2025-08-28,PED-2025-00873,Nova Engenharia 207,DF,Brasília,Fernanda Alves,Mouse Sem Fio,Acessórios,1,152.24,0.08,70.59,Boleto,152.24,12.18,140.06,70.59,69.47,0.496005
2025-08-28,PED-2025-01052,Vértice Logística 130,SP,São Paulo,Lucas Barros,Impressora Multifuncional,Impressão,3,1622.68,0.08,1001.14,Pix,4868.04,389.44,4478.6,3003.42,1475.18,0.329384
2025-08-28,PED-2025-01052,Vértice Logística 130,SP,São Paulo,Lucas Barros,Monitor Ultrawide 29,Informática,5,1832.39,0.0,1197.91,Pix,9161.95,0.0,9161.95,5989.55,3172.4,0.346258
2025-08-29,PED-2025-00466,Prime Serviços 109,RS,Pelotas,Fernanda Alves,Monitor Ultrawide 29,Informática,1,1815.26,0.0,1143.2,Pix,1815.26,0.0,1815.26,1143.2,672.06,0.370228
2025-08-29,PED-2025-00466,Prime Serviços 109,RS,Pelotas,Fernanda Alves,Notebook Essencial 14,Informática,2,3022.41,0.15,2011.85,Pix,6044.82,906.72,5138.1,4023.7,1114.4,0.216889
2025-08-29,PED-2025-00466,Prime Serviços 109,RS,Pelotas,Fernanda Alves,Webcam Full HD,Acessórios,2,291.27,0.08,137.19,Pix,582.54,46.6,535.94,274.38,261.56,0.488037
2025-08-29,PED-2025-00909,Alfa Engenharia 031,GO,Goiânia,Diego Lima,Mouse Sem Fio,Acessórios,6,153.03,0.0,68.29,Cartão de crédito,918.18,0.0,918.18,409.74,508.44,0.553748
2025-08-29,PED-2025-00925,Integra Distribuidora 076,BA,Feira de Santana,Fernanda Alves,Webcam Full HD,Acessórios,1,285.2,0.0,136.99,Cartão de crédito,285.2,0.0,285.2,136.99,148.21,0.51967
2025-08-29,PED-2025-01082,Ponto Logística 018,PE,Olinda,Juliana Mendes,Mouse Sem Fio,Acessórios,2,144.96,0.15,67.46,Cartão de crédito,289.92,43.49,246.43,134.92,111.51,0.452506
2025-08-30,PED-2025-00132,Horizonte Tecnologia 155,SP,Santos,Gustavo Ribeiro,Cadeira Ergonômica,Móveis,1,1426.11,0.03,756.32,Cartão de débito,1426.11,42.78,1383.33,756.32,627.01,0.45326
2025-08-30,PED-2025-00583,Integra Logística 026,SP,Santos,Lucas Barros,Kit Toner Colorido,Impressão,3,915.48,0.05,417.36,Cartão de crédito,2746.44,137.32,2609.12,1252.08,1357.04,0.520114
2025-08-30,PED-2025-00583,Integra Logística 026,SP,Santos,Lucas Barros,Mouse Sem Fio,Acessórios,4,146.55,0.08,67.59,Cartão de crédito,586.2,46.9,539.3,270.36,268.94,0.498687
2025-08-30,PED-2025-00598,Integra Varejo 126,SP,Santos,Fernanda Alves,Toner Preto,Impressão,6,336.4,0.0,143.02,Boleto,2018.4,0.0,2018.4,858.12,1160.28,0.574851
2025-08-31,PED-2025-00009,Alfa Engenharia 031,PR,Londrina,Fernanda Alves,Webcam Full HD,Acessórios,3,277.01,0.0,129.0,Cartão de crédito,831.03,0.0,831.03,387.0,444.03,0.534313
2025-08-31,PED-2025-00861,Horizonte Tecnologia 155,MG,Belo Horizonte,Ana Martins,Toner Preto,Impressão,4,323.95,0.12,143.06,Boleto,1295.8,155.5,1140.3,572.24,568.06,0.498169
2025-08-31,PED-2025-00872,Aurora Varejo 142,SP,Santos,Fernanda Alves,Kit Toner Colorido,Impressão,3,917.74,0.0,407.06,Cartão de débito,2753.22,0.0,2753.22,1221.18,1532.04,0.556454
2025-08-31,PED-2025-00872,Aurora Varejo 142,SP,Santos,Fernanda Alves,Monitor Ultrawide 29,Informática,3,1801.45,0.0,1137.93,Cartão de débito,5404.35,0.0,5404.35,3413.79,1990.56,0.368326
2025-09-01,PED-2025-00037,Alfa Engenharia 111,RJ,Rio de Janeiro,Lucas Barros,Teclado Mecânico,Acessórios,1,396.79,0.0,189.05,Transferência,396.79,0.0,396.79,189.05,207.74,0.523552
2025-09-01,PED-2025-00037,Alfa Engenharia 111,RJ,Rio de Janeiro,Lucas Barros,Toner Preto,Impressão,3,320.75,0.1,151.73,Transferência,962.25,96.22,866.02,455.19,410.84,0.474392
2025-09-01,PED-2025-00411,Integra Varejo 126,PE,Caruaru,Ana Martins,Access Point Wi-Fi 6,Conectividade,1,899.99,0.0,465.7,Cartão de crédito,899.99,0.0,899.99,465.7,434.29,0.48255
2025-09-01,PED-2025-00411,Integra Varejo 126,PE,Caruaru,Ana Martins,Switch 24 Portas,Conectividade,1,1161.3,0.1,628.3,Cartão de crédito,1161.3,116.13,1045.17,628.3,416.87,0.398854
2025-09-01,PED-2025-00685,Vértice Soluções 200,RJ,Rio de Janeiro,Lucas Barros,Access Point Wi-Fi 6,Conectividade,3,913.31,0.08,475.78,Pix,2739.93,219.19,2520.74,1427.34,1093.4,0.433761
2025-09-02,PED-2025-00264,Cliente não informado,RJ,Niterói,Bruno Costa,Filtro de Linha Premium,Energia,2,125.39,0.0,50.96,Pix,250.78,0.0,250.78,101.92,148.86,0.593588
2025-09-02,PED-2025-00278,Central Tecnologia 163,DF,Brasília,Gustavo Ribeiro,Monitor Ultrawide 29,Informática,3,1865.02,0.0,1157.1,Pix,5595.06,0.0,5595.06,3471.3,2123.76,0.379578
2025-09-02,PED-2025-00278,Central Tecnologia 163,DF,Brasília,Gustavo Ribeiro,Roteador Empresarial,Conectividade,2,730.82,0.0,367.43,Pix,1461.64,0.0,1461.64,734.86,726.78,0.497236
2025-09-02,PED-2025-00401,Central Tecnologia 083,SP,Campinas,Lucas Barros,Nobreak 1500VA,Energia,1,1169.31,0.0,693.53,Pix,1169.31,0.0,1169.31,693.53,475.78,0.40689
2025-09-02,PED-2025-00401,Central Tecnologia 083,SP,Campinas,Lucas Barros,Webcam Full HD,Acessórios,1,271.23,0.1,137.23,Pix,271.23,27.12,244.11,137.23,106.88,0.437828
2025-09-02,PED-2025-00510,Aurora Distribuidora 172,SC,Blumenau,Fernanda Alves,Headset Corporativo,Acessórios,6,330.42,0.0,155.35,Cartão de débito,1982.52,0.0,1982.52,932.1,1050.42,0.529841
2025-09-02,PED-2025-00510,Aurora Distribuidora 172,SC,Blumenau,Fernanda Alves,Notebook Pro 15,Informática,1,5033.84,0.05,3358.66,Cartão de débito,5033.84,251.69,4782.15,3358.66,1423.49,0.297667
2025-09-02,PED-2025-00513,Vértice Distribuidora 140,SP,Campinas,Gustavo Ribeiro,Teclado Mecânico,Acessórios,1,406.38,0.0,187.86,Transferência,406.38,0.0,406.38,187.86,218.52,0.537723
2025-09-02,PED-2025-00630,Prime Comercial 089,SP,Ribeirão Preto,Camila Rocha,Cadeira Ergonômica,Móveis,1,1442.76,0.08,751.34,Transferência,1442.76,115.42,1327.34,751.34,576.0,0.43395
2025-09-02,PED-2025-00630,Prime Comercial 089,SP,Ribeirão Preto,Camila Rocha,Filtro de Linha Premium,Energia,1,124.52,0.05,50.91,Transferência,124.52,6.23,118.29,50.91,67.38,0.569632
2025-09-02,PED-2025-00630,Prime Comercial 089,SP,Ribeirão Preto,Camila Rocha,Mouse Sem Fio,Acessórios,2,145.27,0.12,69.06,Transferência,290.54,34.86,255.68,138.12,117.56,0.459783
2025-09-02,PED-2025-00704,Integra Distribuidora 076,SP,São Paulo,Gustavo Ribeiro,Webcam Full HD,Acessórios,2,280.94,0.0,135.29,Pix,561.88,0.0,561.88,270.58,291.3,0.518438
2025-09-02,PED-2025-00865,Aurora Distribuidora 052,RJ,Niterói,Juliana Mendes,Filtro de Linha Premium,Energia,1,124.5,0.08,51.03,Pix,124.5,9.96,114.54,51.03,63.51,0.554479
2025-09-02,PED-2025-01113,Conecta Distribuidora 004,RJ,Niterói,Camila Rocha,Filtro de Linha Premium,Energia,3,116.89,0.03,49.65,Boleto,350.67,10.52,340.15,148.95,191.2,0.562105
2025-09-02,PED-2025-01113,Conecta Distribuidora 004,RJ,Niterói,Camila Rocha,Toner Preto,Impressão,1,318.38,0.05,145.21,Boleto,318.38,15.92,302.46,145.21,157.25,0.519905
2025-09-04,PED-2025-00052,Horizonte Serviços 085,SP,Santos,Juliana Mendes,Teclado Mecânico,Acessórios,2,374.36,0.0,197.84,Cartão de crédito,748.72,0.0,748.72,395.68,353.04,0.471525
2025-09-04,PED-2025-00703,Conecta Distribuidora 044,MG,Uberlândia,Ana Martins,Filtro de Linha Premium,Energia,1,117.99,0.05,49.55,Boleto,117.99,5.9,112.09,49.55,62.54,0.557946
2025-09-04,PED-2025-00703,Conecta Distribuidora 044,MG,Uberlândia,Ana Martins,Monitor Ultrawide 29,Informática,2,1768.29,0.15,1163.48,Boleto,3536.58,530.49,3006.09,2326.96,679.13,0.225919
2025-09-04,PED-2025-00703,Conecta Distribuidora 044,MG,Uberlândia,Ana Martins,Switch 24 Portas,Conectividade,2,1096.36,0.0,625.09,Boleto,2192.72,0.0,2192.72,1250.18,942.54,0.42985
2025-09-04,PED-2025-00735,Central Comercial 153,SP,São Paulo,Juliana Mendes,Switch 24 Portas,Conectividade,2,1131.98,0.0,612.88,Boleto,2263.96,0.0,2263.96,1225.76,1038.2,0.458577
2025-09-05,PED-2025-00319,Vértice Logística 090,SP,São Paulo,Bruno Costa,Filtro de Linha Premium,Energia,2,125.86,0.03,50.49,Pix,251.72,7.55,244.17,100.98,143.19,0.586433
2025-09-05,PED-2025-00319,Vértice Logística 090,SP,São Paulo,Bruno Costa,Notebook Essencial 14,Informática,3,2963.91,0.05,1993.98,Pix,8891.73,444.59,8447.14,5981.94,2465.2,0.291839
2025-09-05,PED-2025-00787,Central Tecnologia 083,DF,Brasília,Gustavo Ribeiro,Impressora Multifuncional,Impressão,1,1609.82,0.03,1003.66,Pix,1609.82,48.29,1561.53,1003.66,557.87,0.357257
2025-09-05,PED-2025-00968,Central Engenharia 063,RJ,Niterói,Ana Martins,Mouse Sem Fio,Acessórios,3,156.72,0.0,68.14,Boleto,470.16,0.0,470.16,204.42,265.74,0.565212
2025-09-05,PED-2025-00968,Central Engenharia 063,RJ,Niterói,Ana Martins,Toner Preto,Impressão,1,331.85,0.08,143.69,Boleto,331.85,26.55,305.3,143.69,161.61,0.529351
2025-09-05,PED-2025-01130,Alfa Engenharia 071,PE,Olinda,Camila Rocha,Notebook Pro 15,Informática,2,4700.29,0.1,3552.3,Pix,9400.58,940.06,8460.52,7104.6,1355.92,0.160265
2025-09-06,PED-2025-00770,Nova Comercial 017,SP,São Paulo,Ana Martins,Access Point Wi-Fi 6,Conectividade,3,857.21,0.1,492.02,Cartão de crédito,2571.63,257.16,2314.47,1476.06,838.41,0.362246
2025-09-06,PED-2025-00770,Nova Comercial 017,SP,São Paulo,Ana Martins,Cadeira Ergonômica,Móveis,1,1438.83,0.0,750.9,Cartão de crédito,1438.83,0.0,1438.83,750.9,687.93,0.478118
2025-09-06,PED-2025-00770,Cliente não informado,SP,São Paulo,Não informado,Roteador Empresarial,Conectividade,2,726.16,0.08,360.06,Cartão de crédito,1452.32,116.19,1336.13,720.12,616.01,0.461042
2025-09-07,PED-2025-00008,Aurora Distribuidora 212,RJ,Niterói,Ana Martins,Filtro de Linha Premium,Energia,6,122.84,0.05,50.44,Pix,737.04,36.85,700.19,302.64,397.55,0.567773
2025-09-07,PED-2025-00008,Aurora Distribuidora 212,RJ,Niterói,Ana Martins,Teclado Mecânico,Acessórios,3,404.36,0.1,195.91,Pix,1213.08,121.31,1091.77,587.73,504.04,0.461673
2025-09-07,PED-2025-00008,Aurora Distribuidora 212,RJ,Niterói,Ana Martins,Toner Preto,Impressão,1,329.34,0.0,144.75,Pix,329.34,0.0,329.34,144.75,184.59,0.560485
2025-09-07,PED-2025-00061,Conecta Distribuidora 164,SP,Campinas,Diego Lima,Kit Toner Colorido,Impressão,2,869.09,0.08,409.32,Transferência,1738.18,139.05,1599.13,818.64,780.49,0.48807
2025-09-07,PED-2025-00515,Prime Engenharia 199,SP,Ribeirão Preto,Juliana Mendes,Monitor Ultrawide 29,Informática,6,1789.18,0.03,1198.75,Cartão de crédito,10735.08,322.05,10413.03,7192.5,3220.53,0.309279
2025-09-07,PED-2025-00693,Integra Soluções 016,BA,Salvador,Bruno Costa,Teclado Mecânico,Acessórios,2,386.15,0.03,196.8,Boleto,772.3,23.17,749.13,393.6,355.53,0.474591
2025-09-08,PED-2025-00496,Aurora Soluções 072,MG,Juiz de Fora,Bruno Costa,Filtro de Linha Premium,Energia,7,125.55,0.05,50.46,Pix,878.85,43.94,834.91,353.22,481.69,0.576935
2025-09-09,PED-2025-00041,Horizonte Engenharia 095,MG,Juiz de Fora,Lucas Barros,Cadeira Ergonômica,Móveis,1,1358.37,0.0,796.89,Cartão de crédito,1358.37,0.0,1358.37,796.89,561.48,0.413348
2025-09-09,PED-2025-00041,Horizonte Engenharia 095,MG,Juiz de Fora,Lucas Barros,Headset Corporativo,Acessórios,2,328.54,0.12,160.24,Cartão de crédito,657.08,78.85,578.23,320.48,257.75,0.445757
2025-09-10,PED-2025-00042,Aurora Soluções 032,RJ,Niterói,Fernanda Alves,Toner Preto,Impressão,3,334.21,0.05,149.4,Pix,1002.63,50.13,952.5,448.2,504.3,0.529448
2025-09-10,PED-2025-00490,Ponto Logística 138,SP,Campinas,Fernanda Alves,Impressora Multifuncional,Impressão,1,1628.8,0.0,993.53,Cartão de débito,1628.8,0.0,1628.8,993.53,635.27,0.390023
2025-09-10,PED-2025-00490,Ponto Logística 138,SP,Campinas,Fernanda Alves,Switch 24 Portas,Conectividade,1,1128.0,0.0,619.85,Cartão de débito,1128.0,0.0,1128.0,619.85,508.15,0.450488
2025-09-10,PED-2025-00532,Conecta Varejo 214,GO,Anápolis,Ana Martins,Mouse Sem Fio,Acessórios,1,151.7,0.03,67.16,Pix,151.7,4.55,147.15,67.16,79.99,0.543592
2025-09-10,PED-2025-00532,Conecta Varejo 214,GO,Anápolis,Ana Martins,Toner Preto,Impressão,3,332.25,0.08,151.56,Pix,996.75,79.74,917.01,454.68,462.33,0.504171
2025-09-10,PED-2025-00765,Conecta Logística 154,SP,Campinas,Juliana Mendes,Webcam Full HD,Acessórios,5,279.24,0.0,129.4,Cartão de crédito,1396.2,0.0,1396.2,647.0,749.2,0.536599
2025-09-10,PED-2025-00958,Ponto Distribuidora 188,RJ,Niterói,Gustavo Ribeiro,Notebook Essencial 14,Informática,5,2903.05,0.05,2091.39,Boleto,14515.25,725.76,13789.49,10456.95,3332.54,0.241672
2025-09-11,PED-2025-00774,Central Tecnologia 123,BA,Vitória da Conquista,Fernanda Alves,Toner Preto,Impressão,1,344.11,0.12,144.0,Cartão de crédito,344.11,41.29,302.82,144.0,158.82,0.524465
2025-09-11,PED-2025-00869,Prime Comercial 129,RS,Caxias do Sul,Fernanda Alves,Kit Toner Colorido,Impressão,3,865.16,0.08,397.05,Cartão de crédito,2595.48,207.64,2387.84,1191.15,1196.69,0.50116
2025-09-11,PED-2025-00945,Central Tecnologia 203,SP,Santos,Fernanda Alves,Mouse Sem Fio,Acessórios,2,148.55,0.05,68.62,Transferência,297.1,14.86,282.24,137.24,145.0,0.513756
2025-09-11,PED-2025-01028,Aurora Logística 162,BA,Salvador,Fernanda Alves,Mouse Sem Fio,Acessórios,3,145.34,0.15,70.54,Cartão de crédito,436.02,65.4,370.62,211.62,159.0,0.429006
2025-09-11,PED-2025-01028,Aurora Logística 162,BA,Salvador,Fernanda Alves,Notebook Essencial 14,Informática,2,2920.19,0.12,1965.94,Cartão de crédito,5840.38,700.85,5139.53,3931.88,1207.65,0.234974
2025-09-11,PED-2025-01070,Conecta Varejo 014,SP,Santos,Camila Rocha,Filtro de Linha Premium,Energia,3,119.27,0.0,49.49,Pix,357.81,0.0,357.81,148.47,209.34,0.585059
2025-09-11,PED-2025-01084,Ponto Distribuidora 108,SP,São Paulo,Bruno Costa,Gaveteiro Executivo,Móveis,2,709.16,0.05,369.96,Cartão de crédito,1418.32,70.92,1347.4,739.92,607.48,0.450855
2025-09-11,PED-2025-01084,Ponto Distribuidora 108,SP,São Paulo,Bruno Costa,Mouse Sem Fio,Acessórios,1,155.89,0.08,69.06,Cartão de crédito,155.89,12.47,143.42,69.06,74.36,0.518473
2025-09-12,PED-2025-00160,Prime Comercial 209,RS,Porto Alegre,Camila Rocha,Access Point Wi-Fi 6,Conectividade,1,856.3,0.0,492.22,Cartão de crédito,856.3,0.0,856.3,492.22,364.08,0.425178
2025-09-12,PED-2025-00528,Prime Serviços 189,MG,Uberlândia,Gustavo Ribeiro,Access Point Wi-Fi 6,Conectividade,2,888.4,0.12,467.69,Pix,1776.8,213.22,1563.58,935.38,628.2,0.401772
2025-09-12,PED-2025-00528,Prime Serviços 189,MG,Uberlândia,Gustavo Ribeiro,Teclado Mecânico,Acessórios,3,394.15,0.03,198.9,Pix,1182.45,35.47,1146.98,596.7,550.28,0.479763
2025-09-12,PED-2025-00699,Horizonte Comercial 105,SP,Santos,Bruno Costa,Filtro de Linha Premium,Energia,1,125.63,0.0,52.87,Transferência,125.63,0.0,125.63,52.87,72.76,0.579161
2025-09-12,PED-2025-00699,Horizonte Comercial 105,SP,Santos,Bruno Costa,Teclado Mecânico,Acessórios,3,393.42,0.05,191.07,Transferência,1180.26,59.01,1121.25,573.21,548.04,0.488775
2025-09-12,PED-2025-00709,Horizonte Comercial 145,GO,Anápolis,Diego Lima,Headset Corporativo,Acessórios,3,327.57,0.0,155.15,Transferência,982.71,0.0,982.71,465.45,517.26,0.526361
2025-09-12,PED-2025-00709,Horizonte Comercial 145,GO,Anápolis,Diego Lima,Toner Preto,Impressão,1,338.23,0.08,142.49,Transferência,338.23,27.06,311.17,142.49,168.68,0.542085
2025-09-12,PED-2025-00721,Horizonte Comercial 065,PR,Londrina,Lucas Barros,Mouse Sem Fio,Acessórios,1,154.12,0.12,68.69,Pix,154.12,18.49,135.63,68.69,66.94,0.493532
2025-09-12,PED-2025-00887,Central Engenharia 183,SP,Campinas,Bruno Costa,Mouse Sem Fio,Acessórios,1,149.32,0.05,67.41,Boleto,149.32,7.47,141.85,67.41,74.44,0.524793
2025-09-13,PED-2025-00511,Ponto Soluções 048,SP,São Paulo,Diego Lima,Filtro de Linha Premium,Energia,2,116.5,0.0,52.85,Pix,233.0,0.0,233.0,105.7,127.3,0.546352
2025-09-13,PED-2025-00999,Central Serviços 133,SP,Ribeirão Preto,Camila Rocha,Mesa Ajustável,Móveis,1,1803.25,0.1,1047.54,Pix,1803.25,180.32,1622.92,1047.54,575.38,0.354536
2025-09-13,PED-2025-00999,Central Serviços 133,SP,Ribeirão Preto,Camila Rocha,Notebook Essencial 14,Informática,1,2861.19,0.12,1991.28,Pix,2861.19,343.34,2517.85,1991.28,526.57,0.209134
2025-09-13,PED-2025-01058,Integra Distribuidora 116,RS,Pelotas,Gustavo Ribeiro,Filtro de Linha Premium,Energia,3,120.59,0.03,53.01,Pix,361.77,10.85,350.92,159.03,191.89,0.546816
2025-09-14,PED-2025-00310,Central Tecnologia 203,RJ,Rio de Janeiro,Ana Martins,Cadeira Ergonômica,Móveis,1,1425.19,0.0,750.7,Pix,1425.19,0.0,1425.19,750.7,674.49,0.473263
2025-09-14,PED-2025-00310,Central Tecnologia 203,RJ,Rio de Janeiro,Ana Martins,Headset Corporativo,Acessórios,3,336.77,0.0,161.51,Pix,1010.31,0.0,1010.31,484.53,525.78,0.520415
2025-09-14,PED-2025-00310,Central Tecnologia 203,RJ,Rio de Janeiro,Ana Martins,Teclado Mecânico,Acessórios,2,375.16,0.0,199.55,Pix,750.32,0.0,750.32,399.1,351.22,0.468094
2025-09-14,PED-2025-00316,Ponto Distribuidora 188,SP,Santos,Camila Rocha,Mouse Sem Fio,Acessórios,1,150.3,0.0,67.26,Cartão de crédito,150.3,0.0,150.3,67.26,83.04,0.552495
2025-09-14,PED-2025-00859,Central Tecnologia 163,SP,São Paulo,Gustavo Ribeiro,Notebook Essencial 14,Informática,2,2847.62,0.05,2085.94,Cartão de crédito,5695.24,284.76,5410.48,4171.88,1238.6,0.228926
2025-09-14,PED-2025-00859,Central Tecnologia 163,SP,São Paulo,Gustavo Ribeiro,Toner Preto,Impressão,3,321.53,0.05,142.98,Cartão de crédito,964.59,48.23,916.36,428.94,487.42,0.531909
2025-09-14,PED-2025-00859,Central Tecnologia 163,SP,São Paulo,Gustavo Ribeiro,Webcam Full HD,Acessórios,3,281.95,0.05,133.3,Cartão de crédito,845.85,42.29,803.56,399.9,403.66,0.502338
2025-09-15,PED-2025-00780,Horizonte Serviços 045,DF,Brasília,Não informado,Mesa Ajustável,Móveis,3,1847.92,0.05,1062.19,Cartão de crédito,5543.76,277.19,5266.57,3186.57,2080.0,0.394944
2025-09-15,PED-2025-00780,Horizonte Serviços 045,DF,Brasília,Camila Rocha,Webcam Full HD,Acessórios,4,289.68,0.15,131.02,Cartão de crédito,1158.72,173.81,984.91,524.08,460.83,0.467892
2025-09-15,PED-2025-00820,Prime Engenharia 199,RJ,Niterói,Camila Rocha,Nobreak 1500VA,Energia,2,1150.22,0.08,678.39,Boleto,2300.44,184.04,2116.4,1356.78,759.62,0.358922
2025-09-15,PED-2025-00820,Prime Engenharia 199,RJ,Niterói,Camila Rocha,Roteador Empresarial,Conectividade,11,745.47,0.05,367.01,Boleto,8200.17,410.01,7790.16,4037.11,3753.05,0.481768
2025-09-16,PED-2025-00187,Alfa Engenharia 031,RS,Porto Alegre,Bruno Costa,Teclado Mecânico,Acessórios,4,383.85,0.05,188.68,Transferência,1535.4,76.77,1458.63,754.72,703.91,0.482583
2025-09-16,PED-2025-01071,Horizonte Comercial 105,BA,Vitória da Conquista,Bruno Costa,Toner Preto,Impressão,5,340.91,0.0,151.73,Transferência,1704.55,0.0,1704.55,758.65,945.9,0.554927
2025-09-17,PED-2025-00047,Integra Logística 026,RJ,Niterói,Camila Rocha,Notebook Essencial 14,Informática,3,2984.41,0.15,2001.31,Transferência,8953.23,1342.98,7610.25,6003.93,1606.32,0.211073
2025-09-17,PED-2025-00067,Prime Serviços 029,MG,Uberlândia,Camila Rocha,Filtro de Linha Premium,Energia,3,117.35,0.0,49.58,Transferência,352.05,0.0,352.05,148.74,203.31,0.577503
2025-09-17,PED-2025-00953,Prime Tecnologia 099,PE,Recife,Fernanda Alves,Headset Corporativo,Acessórios,3,333.26,0.03,159.03,Transferência,999.78,29.99,969.79,477.09,492.7,0.508046
2025-09-17,PED-2025-00953,Prime Tecnologia 099,PE,Recife,Fernanda Alves,Webcam Full HD,Acessórios,3,289.38,0.08,130.35,Transferência,868.14,69.45,798.69,391.05,407.64,0.510385
2025-09-17,PED-2025-00993,Aurora Logística 122,RS,Pelotas,Bruno Costa,Notebook Essencial 14,Informática,1,2816.68,0.08,2063.72,Boleto,2816.68,225.33,2591.35,2063.72,527.63,0.203611
2025-09-18,PED-2025-00994,Vértice Varejo 070,MG,Belo Horizonte,Diego Lima,Kit Toner Colorido,Impressão,3,852.47,0.05,410.19,Cartão de crédito,2557.41,127.87,2429.54,1230.57,1198.97,0.493497
2025-09-18,PED-2025-00994,Vértice Varejo 070,MG,Belo Horizonte,Diego Lima,Toner Preto,Impressão,3,324.3,0.1,150.75,Cartão de crédito,972.9,97.29,875.61,452.25,423.36,0.483503
2025-09-19,PED-2025-00131,Aurora Distribuidora 052,PE,Caruaru,Lucas Barros,Access Point Wi-Fi 6,Conectividade,5,887.82,0.05,468.8,Cartão de crédito,4439.1,221.96,4217.15,2344.0,1873.15,0.444174
2025-09-19,PED-2025-00143,Ponto Distribuidora 028,MG,Uberlândia,Lucas Barros,Switch 24 Portas,Conectividade,2,1146.8,0.08,634.09,Cartão de crédito,2293.6,183.49,2110.11,1268.18,841.93,0.398999
2025-09-19,PED-2025-00400,Horizonte Engenharia 175,MG,Uberlândia,Diego Lima,Toner Preto,Impressão,2,341.72,0.05,146.46,Pix,683.44,34.17,649.27,292.92,356.35,0.548846
2025-09-20,PED-2025-00539,Vértice Distribuidora 180,SP,Ribeirão Preto,Lucas Barros,Headset Corporativo,Acessórios,1,322.46,0.0,158.13,Boleto,322.46,0.0,322.46,158.13,164.33,0.509614
2025-09-20,PED-2025-00539,Vértice Distribuidora 180,SP,Ribeirão Preto,Lucas Barros,Switch 24 Portas,Conectividade,2,1105.04,0.05,594.69,Boleto,2210.08,110.5,2099.58,1189.38,910.2,0.433514
2025-09-20,PED-2025-00781,Ponto Logística 178,PE,Olinda,Juliana Mendes,Toner Preto,Impressão,3,338.45,0.03,145.53,Boleto,1015.35,30.46,984.89,436.59,548.3,0.556712
2025-09-20,PED-2025-01072,Nova Engenharia 087,PR,Curitiba,Fernanda Alves,Mouse Sem Fio,Acessórios,1,157.39,0.03,68.25,Cartão de crédito,157.39,4.72,152.67,68.25,84.42,0.552952
2025-09-21,PED-2025-00932,Prime Comercial 049,SP,Santos,Lucas Barros,Headset Corporativo,Acessórios,1,342.55,0.03,154.31,Boleto,342.55,10.28,332.27,154.31,177.96,0.535593
2025-09-22,PED-2025-00969,Central Tecnologia 203,SC,Florianópolis,Fernanda Alves,Impressora Multifuncional,Impressão,3,1652.68,0.15,1008.23,Cartão de débito,4958.04,743.71,4214.33,3024.69,1189.64,0.282285
2025-09-22,PED-2025-00969,Central Tecnologia 203,SC,Florianópolis,Não informado,Mesa Ajustável,Móveis,4,1804.99,0.08,1039.96,Cartão de débito,7219.96,577.6,6642.36,4159.84,2482.52,0.373741
2025-09-23,PED-2025-00026,Conecta Logística 114,BA,Vitória da Conquista,Diego Lima,Monitor Ultrawide 29,Informática,4,1826.54,0.03,1198.15,Cartão de crédito,7306.16,219.18,7086.98,4792.6,2294.38,0.323745
2025-09-23,PED-2025-00026,Conecta Logística 114,BA,Vitória da Conquista,Diego Lima,Notebook Essencial 14,Informática,3,2869.13,0.03,1981.69,Cartão de crédito,8607.39,258.22,8349.17,5945.07,2404.1,0.287945
2025-09-23,PED-2025-00026,Conecta Logística 114,BA,Vitória da Conquista,Diego Lima,Toner Preto,Impressão,3,328.81,0.05,149.08,Cartão de crédito,986.43,49.32,937.11,447.24,489.87,0.522745
2025-09-23,PED-2025-00525,Nova Engenharia 047,SP,Campinas,Camila Rocha,Access Point Wi-Fi 6,Conectividade,2,870.11,0.1,465.56,Pix,1740.22,174.02,1566.2,931.12,635.08,0.40549
2025-09-23,PED-2025-00644,Ponto Soluções 048,PR,Londrina,Bruno Costa,Gaveteiro Executivo,Móveis,1,699.11,0.05,360.44,Cartão de crédito,699.11,34.96,664.15,360.44,303.71,0.457295
2025-09-23,PED-2025-00644,Ponto Soluções 048,PR,Londrina,Bruno Costa,Mouse Sem Fio,Acessórios,5,156.49,0.12,67.68,Cartão de crédito,782.45,93.89,688.56,338.4,350.16,0.508537
2025-09-23,PED-2025-00844,Central Serviços 213,PR,Maringá,Fernanda Alves,Mouse Sem Fio,Acessórios,3,144.05,0.0,66.1,Pix,432.15,0.0,432.15,198.3,233.85,0.541132
2025-09-23,PED-2025-00844,Central Serviços 213,PR,Maringá,Fernanda Alves,Teclado Mecânico,Acessórios,4,409.32,0.05,189.74,Pix,1637.28,81.86,1555.42,758.96,796.46,0.512053
2025-09-24,PED-2025-00343,Horizonte Comercial 025,SP,Santos,Ana Martins,Mesa Ajustável,Móveis,1,1925.14,0.0,1073.19,Cartão de débito,1925.14,0.0,1925.14,1073.19,851.95,0.442539
2025-09-25,PED-2025-00213,Aurora Distribuidora 052,RJ,Petrópolis,Lucas Barros,Kit Toner Colorido,Impressão,3,848.33,0.1,403.52,Pix,2544.99,254.5,2290.49,1210.56,1079.93,0.471484
2025-09-25,PED-2025-00422,Conecta Soluções 144,PE,Caruaru,Gustavo Ribeiro,Toner Preto,Impressão,1,327.45,0.05,145.97,Boleto,327.45,16.37,311.08,145.97,165.11,0.53076
2025-09-25,PED-2025-00973,Aurora Soluções 072,RJ,Niterói,Bruno Costa,Mouse Sem Fio,Acessórios,10,144.36,0.0,66.55,Transferência,1443.6,0.0,1443.6,665.5,778.1,0.539
2025-09-26,PED-2025-00161,Prime Comercial 169,MG,Belo Horizonte,Diego Lima,Cadeira Ergonômica,Móveis,6,1438.32,0.0,772.65,Cartão de débito,8629.92,0.0,8629.92,4635.9,3994.02,0.462811
2025-09-26,PED-2025-00763,Central Tecnologia 003,PE,Olinda,Bruno Costa,Gaveteiro Executivo,Móveis,5,684.05,0.0,371.74,Boleto,3420.25,0.0,3420.25,1858.7,1561.55,0.45656
2025-09-26,PED-2025-00763,Central Tecnologia 003,PE,Olinda,Bruno Costa,Mouse Sem Fio,Acessórios,1,148.42,0.05,70.05,Boleto,148.42,7.42,141.0,70.05,70.95,0.503188
2025-09-27,PED-2025-00029,Nova Engenharia 087,SP,Ribeirão Preto,Lucas Barros,Access Point Wi-Fi 6,Conectividade,1,861.64,0.12,464.63,Cartão de débito,861.64,103.4,758.24,464.63,293.61,0.387228
2025-09-27,PED-2025-00550,Central Comercial 193,SP,São Paulo,Lucas Barros,Mesa Ajustável,Móveis,2,1915.84,0.08,1052.64,Pix,3831.68,306.53,3525.15,2105.28,1419.87,0.402782
2025-09-27,PED-2025-00550,Central Comercial 193,SP,São Paulo,Lucas Barros,Notebook Essencial 14,Informática,1,2826.17,0.0,2065.27,Pix,2826.17,0.0,2826.17,2065.27,760.9,0.269234
2025-09-27,PED-2025-00658,Alfa Comercial 041,SP,Ribeirão Preto,Diego Lima,Notebook Essencial 14,Informática,7,2821.33,0.08,2052.66,Transferência,19749.31,1579.94,18169.37,14368.62,3800.75,0.209184
2025-09-27,PED-2025-00882,Prime Serviços 149,MG,Belo Horizonte,Diego Lima,Switch 24 Portas,Conectividade,2,1110.95,0.1,614.95,Boleto,2221.9,222.19,1999.71,1229.9,769.81,0.384961
2025-09-27,PED-2025-01100,Alfa Comercial 201,SP,Ribeirão Preto,Lucas Barros,Webcam Full HD,Acessórios,5,287.42,0.08,134.35,Cartão de débito,1437.1,114.97,1322.13,671.75,650.38,0.491919
2025-09-30,PED-2025-00197,Horizonte Serviços 205,MG,Belo Horizonte,Bruno Costa,Notebook Pro 15,Informática,1,4815.24,0.05,3444.05,Cartão de crédito,4815.24,240.76,4574.48,3444.05,1130.43,0.247116
2025-09-30,PED-2025-00407,Horizonte Comercial 145,RJ,Niterói,Lucas Barros,Monitor Ultrawide 29,Informática,1,1727.59,0.08,1155.11,Cartão de crédito,1727.59,138.21,1589.38,1155.11,434.27,0.273234
2025-09-30,PED-2025-00407,Horizonte Comercial 145,RJ,Niterói,Lucas Barros,Switch 24 Portas,Conectividade,3,1121.14,0.05,593.65,Cartão de crédito,3363.42,168.17,3195.25,1780.95,1414.3,0.442626
2025-09-30,PED-2025-00689,Ponto Logística 218,PR,Curitiba,Camila Rocha,Filtro de Linha Premium,Energia,10,120.19,0.0,52.76,Pix,1201.9,0.0,1201.9,527.6,674.3,0.561028
2025-09-30,PED-2025-00692,Integra Logística 186,RS,Pelotas,Gustavo Ribeiro,Headset Corporativo,Acessórios,2,326.64,0.0,161.9,Pix,653.28,0.0,653.28,323.8,329.48,0.504347
2025-09-30,PED-2025-00921,Aurora Soluções 072,SP,São Paulo,Camila Rocha,Filtro de Linha Premium,Energia,1,115.84,0.1,50.81,Pix,115.84,11.58,104.26,50.81,53.45,0.512642
2025-09-30,PED-2025-00921,Aurora Soluções 072,SP,São Paulo,Camila Rocha,Notebook Essencial 14,Informática,3,2912.13,0.15,2079.96,Pix,8736.39,1310.46,7425.93,6239.88,1186.05,0.159718
2025-10-01,PED-2025-00529,Integra Logística 106,SP,Campinas,Gustavo Ribeiro,Filtro de Linha Premium,Energia,4,117.27,0.12,50.19,Pix,469.08,56.29,412.79,200.76,212.03,0.513651
2025-10-01,PED-2025-00529,Integra Logística 106,SP,Campinas,Gustavo Ribeiro,Headset Corporativo,Acessórios,4,319.45,0.0,163.8,Pix,1277.8,0.0,1277.8,655.2,622.6,0.487244
2025-10-02,PED-2025-00270,Alfa Tecnologia 011,SP,Santos,Fernanda Alves,Headset Corporativo,Acessórios,3,320.96,0.15,154.86,Transferência,962.88,144.43,818.45,464.58,353.87,0.432365
2025-10-02,PED-2025-00270,Alfa Tecnologia 011,SP,Santos,Fernanda Alves,Notebook Essencial 14,Informática,2,2845.63,0.03,1972.18,Transferência,5691.26,170.74,5520.52,3944.36,1576.16,0.28551
2025-10-02,PED-2025-00270,Alfa Tecnologia 011,SP,Santos,Fernanda Alves,Teclado Mecânico,Acessórios,2,376.98,0.0,186.98,Transferência,753.96,0.0,753.96,373.96,380.0,0.504006
2025-10-02,PED-2025-00362,Central Comercial 193,GO,Anápolis,Fernanda Alves,Roteador Empresarial,Conectividade,6,731.02,0.1,381.63,Cartão de débito,4386.12,438.61,3947.51,2289.78,1657.73,0.419943
2025-10-02,PED-2025-00564,Prime Comercial 009,RJ,Petrópolis,Ana Martins,Mouse Sem Fio,Acessórios,1,146.77,0.08,69.9,Pix,146.77,11.74,135.03,69.9,65.13,0.482331
2025-10-02,PED-2025-00564,Prime Comercial 009,RJ,Petrópolis,Ana Martins,Nobreak 1500VA,Energia,6,1193.34,0.0,684.98,Pix,7160.04,0.0,7160.04,4109.88,3050.16,0.425998
2025-10-02,PED-2025-00564,Prime Comercial 009,RJ,Petrópolis,Ana Martins,Toner Preto,Impressão,4,337.56,0.0,147.41,Pix,1350.24,0.0,1350.24,589.64,760.6,0.563307
2025-10-02,PED-2025-00897,Prime Serviços 109,RJ,Petrópolis,Gustavo Ribeiro,Filtro de Linha Premium,Energia,1,120.68,0.05,51.85,Cartão de débito,120.68,6.03,114.65,51.85,62.8,0.547738
2025-10-02,PED-2025-00951,Aurora Distribuidora 132,PE,Caruaru,Bruno Costa,Filtro de Linha Premium,Energia,2,115.11,0.05,50.77,Cartão de débito,230.22,11.51,218.71,101.54,117.17,0.53573
2025-10-02,PED-2025-00951,Aurora Distribuidora 132,PE,Caruaru,Bruno Costa,Headset Corporativo,Acessórios,3,324.86,0.05,156.0,Cartão de débito,974.58,48.73,925.85,468.0,457.85,0.494519
2025-10-02,PED-2025-00955,Alfa Serviços 061,BA,Feira de Santana,Ana Martins,Notebook Essencial 14,Informática,4,3021.72,0.1,2015.5,Transferência,12086.88,1208.69,10878.19,8062.0,2816.19,0.258884
2025-10-03,PED-2025-00812,Nova Engenharia 207,SP,Santos,Ana Martins,Notebook Essencial 14,Informática,4,3004.86,0.05,1992.4,Pix,12019.44,600.97,11418.47,7969.6,3448.87,0.302043
2025-10-04,PED-2025-00060,Nova Engenharia 087,PE,Olinda,Bruno Costa,Access Point Wi-Fi 6,Conectividade,2,912.96,0.1,482.73,Pix,1825.92,182.59,1643.33,965.46,677.87,0.412497
2025-10-04,PED-2025-00060,Nova Engenharia 087,PE,Olinda,Bruno Costa,Filtro de Linha Premium,Energia,1,124.44,0.1,49.83,Pix,124.44,12.44,112.0,49.83,62.17,0.555073
2025-10-04,PED-2025-00060,Nova Engenharia 087,PE,Olinda,Bruno Costa,Mouse Sem Fio,Acessórios,1,153.8,0.12,67.76,Pix,153.8,18.46,135.34,67.76,67.58,0.49935
2025-10-04,PED-2025-00936,Nova Engenharia 127,SP,Santos,Lucas Barros,Nobreak 1500VA,Energia,3,1178.43,0.03,699.69,Cartão de crédito,3535.29,106.06,3429.23,2099.07,1330.16,0.387889
2025-10-04,PED-2025-00936,Nova Engenharia 127,SP,Santos,Lucas Barros,Notebook Essencial 14,Informática,3,2824.51,0.05,2023.9,Cartão de crédito,8473.53,423.68,8049.85,6071.7,1978.15,0.245738
2025-10-04,PED-2025-00936,Nova Engenharia 127,SP,Santos,Lucas Barros,Teclado Mecânico,Acessórios,3,385.27,0.08,194.6,Cartão de crédito,1155.81,92.46,1063.35,583.8,479.55,0.450978
2025-10-05,PED-2025-00183,Horizonte Serviços 125,RJ,Niterói,Fernanda Alves,Headset Corporativo,Acessórios,1,343.28,0.0,159.62,Pix,343.28,0.0,343.28,159.62,183.66,0.535015
2025-10-05,PED-2025-00183,Horizonte Serviços 125,RJ,Niterói,Fernanda Alves,Mouse Sem Fio,Acessórios,1,149.94,0.05,68.21,Pix,149.94,7.5,142.44,68.21,74.23,0.521142
2025-10-05,PED-2025-00399,Vértice Varejo 150,SP,Santos,Fernanda Alves,Mouse Sem Fio,Acessórios,6,146.04,0.08,67.14,Cartão de crédito,876.24,70.1,806.14,402.84,403.3,0.500286
2025-10-05,PED-2025-00399,Vértice Varejo 150,SP,Santos,Fernanda Alves,Teclado Mecânico,Acessórios,8,398.73,0.1,195.93,Cartão de crédito,3189.84,318.98,2870.86,1567.44,1303.42,0.454017
2025-10-05,PED-2025-00608,Central Tecnologia 043,SP,São Paulo,Lucas Barros,Gaveteiro Executivo,Móveis,1,686.41,0.12,358.66,Cartão de crédito,686.41,82.37,604.04,358.66,245.38,0.406232
2025-10-05,PED-2025-00608,Central Tecnologia 043,SP,São Paulo,Lucas Barros,Mesa Ajustável,Móveis,2,1875.38,0.1,1029.26,Cartão de crédito,3750.76,375.08,3375.68,2058.52,1317.16,0.390192
2025-10-05,PED-2025-00639,Integra Varejo 206,MG,Uberlândia,Juliana Mendes,Roteador Empresarial,Conectividade,3,757.0,0.12,375.13,Cartão de crédito,2271.0,272.52,1998.48,1125.39,873.09,0.436877
2025-10-05,PED-2025-00733,Alfa Tecnologia 171,RS,Porto Alegre,Diego Lima,Filtro de Linha Premium,Energia,4,122.92,0.12,50.44,Pix,491.68,59.0,432.68,201.76,230.92,0.533695
2025-10-05,PED-2025-00733,Alfa Tecnologia 171,RS,Porto Alegre,Diego Lima,Mouse Sem Fio,Acessórios,1,154.69,0.05,68.11,Pix,154.69,7.73,146.96,68.11,78.85,0.536526
2025-10-06,PED-2025-00365,Prime Comercial 009,RJ,Niterói,Ana Martins,Notebook Essencial 14,Informática,2,2785.1,0.0,1980.1,Boleto,5570.2,0.0,5570.2,3960.2,1610.0,0.289038
2025-10-06,PED-2025-00725,Central Engenharia 183,SC,Florianópolis,Juliana Mendes,Impressora Multifuncional,Impressão,3,1636.09,0.0,1019.57,Cartão de crédito,4908.27,0.0,4908.27,3058.71,1849.56,0.376825
2025-10-07,PED-2025-00065,Vértice Logística 170,RS,Porto Alegre,Ana Martins,Filtro de Linha Premium,Energia,1,124.24,0.0,50.95,Transferência,124.24,0.0,124.24,50.95,73.29,0.589907
2025-10-07,PED-2025-00761,Central Engenharia 063,DF,Brasília,Não informado,Access Point Wi-Fi 6,Conectividade,1,898.58,0.05,492.1,Boleto,898.58,44.93,853.65,492.1,361.55,0.423535
2025-10-07,PED-2025-00773,Prime Serviços 069,BA,Feira de Santana,Juliana Mendes,Notebook Pro 15,Informática,4,4705.15,0.0,3522.6,Boleto,18820.6,0.0,18820.6,14090.4,4730.2,0.251331
2025-10-07,PED-2025-00832,Aurora Distribuidora 092,MG,Uberlândia,Fernanda Alves,Notebook Essencial 14,Informática,4,2893.73,0.0,2061.4,Pix,11574.92,0.0,11574.92,8245.6,3329.32,0.287632
2025-10-07,PED-2025-00832,Aurora Distribuidora 092,MG,Uberlândia,Fernanda Alves,Notebook Pro 15,Informática,3,4696.25,0.03,3500.14,Pix,14088.75,422.66,13666.09,10500.42,3165.67,0.231644
2025-10-08,PED-2025-00005,Integra Logística 186,BA,Vitória da Conquista,Diego Lima,Monitor Ultrawide 29,Informática,2,1825.51,0.08,1188.6,Pix,3651.02,292.08,3358.94,2377.2,981.74,0.292276
2025-10-08,PED-2025-00005,Integra Logística 186,BA,Vitória da Conquista,Diego Lima,Mouse Sem Fio,Acessórios,2,145.79,0.0,69.14,Pix,291.58,0.0,291.58,138.28,153.3,0.525756
2025-10-08,PED-2025-00139,Vértice Distribuidora 060,PR,Maringá,Lucas Barros,Webcam Full HD,Acessórios,3,277.18,0.15,128.19,Transferência,831.54,124.73,706.81,384.57,322.24,0.455907
2025-10-08,PED-2025-00392,Ponto Varejo 118,RS,Caxias do Sul,Ana Martins,Impressora Multifuncional,Impressão,3,1669.04,0.0,986.79,Transferência,5007.12,0.0,5007.12,2960.37,2046.75,0.408768
2025-10-08,PED-2025-00392,Ponto Varejo 118,RS,Caxias do Sul,Ana Martins,Notebook Essencial 14,Informática,2,3030.08,0.08,1974.13,Transferência,6060.16,484.81,5575.35,3948.26,1627.09,0.291836
2025-10-08,PED-2025-00683,Ponto Distribuidora 108,GO,Goiânia,Juliana Mendes,Teclado Mecânico,Acessórios,6,374.67,0.05,198.91,Boleto,2248.02,112.4,2135.62,1193.46,942.16,0.441164
2025-10-08,PED-2025-00757,Horizonte Tecnologia 075,SP,Campinas,Bruno Costa,Roteador Empresarial,Conectividade,5,770.08,0.1,360.49,Pix,3850.4,385.04,3465.36,1802.45,1662.91,0.479866
2025-10-08,PED-2025-00757,Horizonte Tecnologia 075,SP,Campinas,Bruno Costa,Toner Preto,Impressão,1,317.45,0.1,149.19,Pix,317.45,31.74,285.7,149.19,136.51,0.477818
2025-10-08,PED-2025-00776,Vértice Distribuidora 220,MG,Uberlândia,Diego Lima,Cadeira Ergonômica,Móveis,4,1367.62,0.03,800.05,Cartão de crédito,5470.48,164.11,5306.37,3200.2,2106.17,0.396913
2025-10-08,PED-2025-00776,Vértice Distribuidora 220,MG,Uberlândia,Diego Lima,Teclado Mecânico,Acessórios,2,385.04,0.0,199.65,Cartão de crédito,770.08,0.0,770.08,399.3,370.78,0.481482
2025-10-09,PED-2025-00024,Aurora Distribuidora 212,MG,Belo Horizonte,Juliana Mendes,Impressora Multifuncional,Impressão,2,1540.01,0.1,985.67,Cartão de crédito,3080.02,308.0,2772.02,1971.34,800.68,0.288843
2025-10-09,PED-2025-00024,Aurora Distribuidora 212,MG,Belo Horizonte,Juliana Mendes,Mesa Ajustável,Móveis,1,1809.7,0.08,1071.46,Cartão de crédito,1809.7,144.78,1664.92,1071.46,593.46,0.356451
2025-10-09,PED-2025-00940,Horizonte Comercial 185,MG,Uberlândia,Juliana Mendes,Access Point Wi-Fi 6,Conectividade,4,919.06,0.03,480.59,Cartão de débito,3676.24,110.29,3565.95,1922.36,1643.59,0.460913
2025-10-09,PED-2025-00940,Horizonte Comercial 185,MG,Uberlândia,Juliana Mendes,Filtro de Linha Premium,Energia,3,118.8,0.08,50.94,Cartão de débito,356.4,28.51,327.89,152.82,175.07,0.533926
2025-10-09,PED-2025-00940,Horizonte Comercial 185,MG,Uberlândia,Juliana Mendes,Teclado Mecânico,Acessórios,2,375.79,0.05,197.53,Cartão de débito,751.58,37.58,714.0,395.06,318.94,0.446695
2025-10-09,PED-2025-01076,Integra Soluções 176,SP,Santos,Ana Martins,Kit Toner Colorido,Impressão,1,850.45,0.12,402.18,Transferência,850.45,102.05,748.4,402.18,346.22,0.462611
2025-10-09,PED-2025-01076,Integra Soluções 176,SP,Santos,Ana Martins,Notebook Pro 15,Informática,2,5111.76,0.08,3444.97,Transferência,10223.52,817.88,9405.64,6889.94,2515.7,0.267467
2025-10-10,PED-2025-00048,Nova Tecnologia 027,SP,Campinas,Fernanda Alves,Headset Corporativo,Acessórios,4,330.16,0.08,157.06,Transferência,1320.64,105.65,1214.99,628.24,586.75,0.482925
2025-10-10,PED-2025-00048,Nova Tecnologia 027,SP,Campinas,Fernanda Alves,Impressora Multifuncional,Impressão,2,1545.63,0.03,984.45,Transferência,3091.26,92.74,2998.52,1968.9,1029.62,0.343377
2025-10-10,PED-2025-00084,Horizonte Comercial 185,SP,Santos,Lucas Barros,Filtro de Linha Premium,Energia,4,121.43,0.0,51.9,Boleto,485.72,0.0,485.72,207.6,278.12,0.572593
2025-10-10,PED-2025-00181,Integra Varejo 206,SP,Santos,Lucas Barros,Headset Corporativo,Acessórios,9,331.45,0.12,160.23,Boleto,2983.05,357.97,2625.08,1442.07,1183.01,0.450658
2025-10-10,PED-2025-00181,Integra Varejo 206,SP,Santos,Lucas Barros,Teclado Mecânico,Acessórios,3,390.6,0.0,197.3,Boleto,1171.8,0.0,1171.8,591.9,579.9,0.49488
2025-10-10,PED-2025-00934,Conecta Logística 034,PR,Curitiba,Ana Martins,Mesa Ajustável,Móveis,1,1779.07,0.12,1053.63,Pix,1779.07,213.49,1565.58,1053.63,511.95,0.327004
2025-10-10,PED-2025-00934,Conecta Logística 034,PR,Curitiba,Ana Martins,Notebook Essencial 14,Informática,1,2968.87,0.1,2099.72,Pix,2968.87,296.89,2671.98,2099.72,572.26,0.214172
2025-10-10,PED-2025-00964,Integra Distribuidora 036,BA,Vitória da Conquista,Camila Rocha,Cadeira Ergonômica,Móveis,1,1374.29,0.12,755.29,Cartão de crédito,1374.29,164.91,1209.38,755.29,454.09,0.375471
2025-10-10,PED-2025-00964,Integra Distribuidora 036,BA,Vitória da Conquista,Camila Rocha,Mouse Sem Fio,Acessórios,2,150.12,0.0,68.28,Cartão de crédito,300.24,0.0,300.24,136.56,163.68,0.545164
2025-10-11,PED-2025-00623,Horizonte Comercial 105,RS,Caxias do Sul,Gustavo Ribeiro,Mesa Ajustável,Móveis,3,1800.33,0.05,1026.66,Boleto,5400.99,270.05,5130.94,3079.98,2050.96,0.399724
2025-10-11,PED-2025-00783,Conecta Distribuidora 084,SP,Ribeirão Preto,Camila Rocha,Access Point Wi-Fi 6,Conectividade,2,933.99,0.0,467.04,Cartão de crédito,1867.98,0.0,1867.98,934.08,933.9,0.499952
2025-10-12,PED-2025-00074,Horizonte Serviços 045,GO,Aparecida de Goiânia,Lucas Barros,Headset Corporativo,Acessórios,1,331.25,0.08,156.96,Cartão de crédito,331.25,26.5,304.75,156.96,147.79,0.484955
2025-10-12,PED-2025-00074,Horizonte Serviços 045,GO,Aparecida de Goiânia,Lucas Barros,Impressora Multifuncional,Impressão,5,1624.48,0.0,1007.98,Cartão de crédito,8122.4,0.0,8122.4,5039.9,3082.5,0.379506
2025-10-12,PED-2025-00074,Horizonte Serviços 045,GO,Aparecida de Goiânia,Lucas Barros,Teclado Mecânico,Acessórios,2,389.88,0.12,197.72,Cartão de crédito,779.76,93.57,686.19,395.44,290.75,0.423715
2025-10-12,PED-2025-00337,Nova Comercial 217,RS,Caxias do Sul,Gustavo Ribeiro,Impressora Multifuncional,Impressão,2,1559.0,0.1,996.52,Pix,3118.0,311.8,2806.2,1993.04,813.16,0.289773
2025-10-12,PED-2025-00337,Nova Comercial 217,RS,Caxias do Sul,Gustavo Ribeiro,Notebook Essencial 14,Informática,6,2982.65,0.08,2070.13,Pix,17895.9,1431.67,16464.23,12420.78,4043.45,0.24559
2025-10-12,PED-2025-00351,Aurora Logística 202,DF,Brasília,Bruno Costa,Cadeira Ergonômica,Móveis,7,1339.39,0.0,792.33,Pix,9375.73,0.0,9375.73,5546.31,3829.42,0.40844
2025-10-13,PED-2025-00105,Nova Tecnologia 067,MG,Juiz de Fora,Juliana Mendes,Cadeira Ergonômica,Móveis,2,1392.06,0.0,747.75,Pix,2784.12,0.0,2784.12,1495.5,1288.62,0.462846
2025-10-13,PED-2025-00105,Nova Tecnologia 067,MG,Juiz de Fora,Juliana Mendes,Filtro de Linha Premium,Energia,2,125.88,0.08,52.65,Pix,251.76,20.14,231.62,105.3,126.32,0.545374
2025-10-13,PED-2025-00120,Nova Engenharia 167,SP,Campinas,Bruno Costa,Toner Preto,Impressão,1,338.49,0.03,143.83,Cartão de débito,338.49,10.15,328.34,143.83,184.51,0.561942
2025-10-14,PED-2025-00243,Horizonte Serviços 125,MG,Juiz de Fora,Juliana Mendes,Monitor Ultrawide 29,Informática,1,1780.75,0.1,1146.04,Boleto,1780.75,178.08,1602.68,1146.04,456.64,0.284921
2025-10-14,PED-2025-00243,Horizonte Serviços 125,MG,Juiz de Fora,Juliana Mendes,Teclado Mecânico,Acessórios,5,401.17,0.1,191.64,Boleto,2005.85,200.59,1805.26,958.2,847.07,0.469219
2025-10-15,PED-2025-00555,Aurora Soluções 152,DF,Brasília,Lucas Barros,Impressora Multifuncional,Impressão,3,1634.49,0.0,982.1,Boleto,4903.47,0.0,4903.47,2946.3,1957.17,0.39914
2025-10-15,PED-2025-00555,Aurora Soluções 152,DF,Brasília,Lucas Barros,Mesa Ajustável,Móveis,3,1838.25,0.05,1054.22,Boleto,5514.75,275.74,5239.01,3162.66,2076.35,0.396325
2025-10-15,PED-2025-00555,Aurora Soluções 152,DF,Brasília,Lucas Barros,Toner Preto,Impressão,1,334.36,0.05,147.13,Boleto,334.36,16.72,317.64,147.13,170.51,0.536806
2025-10-15,PED-2025-00954,Alfa Comercial 161,RS,Caxias do Sul,Ana Martins,Cadeira Ergonômica,Móveis,1,1438.0,0.1,793.41,Boleto,1438.0,143.8,1294.2,793.41,500.79,0.386949
2025-10-15,PED-2025-00954,Alfa Comercial 161,RS,Caxias do Sul,Ana Martins,Mouse Sem Fio,Acessórios,1,156.21,0.03,69.98,Boleto,156.21,4.69,151.52,69.98,81.54,0.538158
2025-10-16,PED-2025-00268,Horizonte Tecnologia 155,MG,Uberlândia,Ana Martins,Headset Corporativo,Acessórios,2,319.47,0.0,155.31,Cartão de crédito,638.94,0.0,638.94,310.62,328.32,0.513851
2025-10-16,PED-2025-00642,Conecta Soluções 064,RJ,Rio de Janeiro,Lucas Barros,Kit Toner Colorido,Impressão,2,884.27,0.15,418.5,Cartão de crédito,1768.54,265.28,1503.26,837.0,666.26,0.44321
2025-10-16,PED-2025-00642,Conecta Soluções 064,RJ,Rio de Janeiro,Lucas Barros,Teclado Mecânico,Acessórios,10,409.36,0.08,196.3,Cartão de crédito,4093.6,327.49,3766.11,1963.0,1803.11,0.478773
2025-10-17,PED-2025-00238,Central Tecnologia 083,RJ,Niterói,Fernanda Alves,Cadeira Ergonômica,Móveis,7,1396.75,0.08,747.03,Boleto,9777.25,782.18,8995.07,5229.21,3765.86,0.418658
2025-10-17,PED-2025-00238,Central Tecnologia 083,RJ,Niterói,Fernanda Alves,Filtro de Linha Premium,Energia,1,124.15,0.0,51.97,Boleto,124.15,0.0,124.15,51.97,72.18,0.581393
2025-10-17,PED-2025-00979,Central Engenharia 143,RS,Pelotas,Diego Lima,Filtro de Linha Premium,Energia,2,116.69,0.08,50.8,Pix,233.38,18.67,214.71,101.6,113.11,0.526803
2025-10-17,PED-2025-00979,Central Engenharia 143,RS,Pelotas,Diego Lima,Gaveteiro Executivo,Móveis,1,669.15,0.0,364.23,Pix,669.15,0.0,669.15,364.23,304.92,0.455683
2025-10-17,PED-2025-00979,Central Engenharia 143,RS,Pelotas,Diego Lima,Webcam Full HD,Acessórios,5,286.08,0.1,136.15,Pix,1430.4,143.04,1287.36,680.75,606.61,0.471205
2025-10-17,PED-2025-00981,Integra Soluções 096,GO,Aparecida de Goiânia,Ana Martins,Mouse Sem Fio,Acessórios,2,148.84,0.08,68.86,Cartão de crédito,297.68,23.81,273.87,137.72,136.15,0.497126
2025-10-17,PED-2025-00981,Integra Soluções 096,GO,Aparecida de Goiânia,Ana Martins,Teclado Mecânico,Acessórios,1,401.23,0.08,188.0,Cartão de crédito,401.23,32.1,369.13,188.0,181.13,0.490697
2025-10-18,PED-2025-00093,Ponto Distribuidora 148,SP,Santos,Ana Martins,Webcam Full HD,Acessórios,3,272.22,0.0,131.22,Cartão de crédito,816.66,0.0,816.66,393.66,423.0,0.517963
2025-10-18,PED-2025-00540,Aurora Distribuidora 012,PR,Curitiba,Camila Rocha,Mouse Sem Fio,Acessórios,1,148.8,0.08,68.41,Pix,148.8,11.9,136.9,68.41,68.49,0.500278
2025-10-19,PED-2025-00522,Nova Serviços 077,RJ,Petrópolis,Diego Lima,Filtro de Linha Premium,Energia,2,125.86,0.08,51.08,Cartão de crédito,251.72,20.14,231.58,102.16,129.42,0.558861
2025-10-19,PED-2025-00670,Nova Comercial 017,MG,Juiz de Fora,Bruno Costa,Teclado Mecânico,Acessórios,3,399.08,0.12,189.32,Cartão de débito,1197.24,143.67,1053.57,567.96,485.61,0.460919
2025-10-19,PED-2025-00743,Horizonte Engenharia 095,SP,Santos,Juliana Mendes,Nobreak 1500VA,Energia,1,1214.17,0.0,700.82,Cartão de crédito,1214.17,0.0,1214.17,700.82,513.35,0.422799
2025-10-19,PED-2025-01066,Nova Tecnologia 067,GO,Aparecida de Goiânia,Lucas Barros,Monitor Ultrawide 29,Informática,1,1860.87,0.1,1204.47,Transferência,1860.87,186.09,1674.78,1204.47,470.31,0.28082
2025-10-20,PED-2025-00260,Aurora Distribuidora 092,RS,Pelotas,Gustavo Ribeiro,Kit Toner Colorido,Impressão,1,869.78,0.12,410.55,Cartão de crédito,869.78,104.37,765.41,410.55,354.86,0.463618
2025-10-20,PED-2025-00768,Ponto Varejo 118,MG,Uberlândia,Camila Rocha,Toner Preto,Impressão,2,325.82,0.05,148.8,Pix,651.64,32.58,619.06,297.6,321.46,0.51927
2025-10-21,PED-2025-00596,Prime Engenharia 039,BA,Vitória da Conquista,Camila Rocha,Cadeira Ergonômica,Móveis,2,1432.22,0.05,748.17,Cartão de crédito,2864.44,143.22,2721.22,1496.34,1224.88,0.450121
2025-10-21,PED-2025-00596,Prime Engenharia 039,BA,Vitória da Conquista,Camila Rocha,Impressora Multifuncional,Impressão,1,1584.91,0.0,999.5,Cartão de crédito,1584.91,0.0,1584.91,999.5,585.41,0.369365
2025-10-21,PED-2025-00815,Nova Comercial 057,SP,Campinas,Fernanda Alves,Filtro de Linha Premium,Energia,5,118.09,0.05,50.62,Transferência,590.45,29.52,560.93,253.1,307.83,0.548783
2025-10-21,PED-2025-00815,Nova Comercial 057,SP,Campinas,Fernanda Alves,Webcam Full HD,Acessórios,1,270.23,0.05,128.54,Transferência,270.23,13.51,256.72,128.54,128.18,0.499296
2025-10-21,PED-2025-00972,Prime Serviços 149,RJ,Niterói,Ana Martins,Cadeira Ergonômica,Móveis,1,1424.47,0.08,775.46,Pix,1424.47,113.96,1310.51,775.46,535.05,0.408277
2025-10-21,PED-2025-00972,Prime Serviços 149,RJ,Niterói,Ana Martins,Filtro de Linha Premium,Energia,2,124.42,0.03,51.11,Pix,248.84,7.47,241.37,102.22,139.15,0.576509
2025-10-22,PED-2025-00148,Vértice Distribuidora 060,PE,Recife,Juliana Mendes,Cadeira Ergonômica,Móveis,1,1397.29,0.0,765.87,Boleto,1397.29,0.0,1397.29,765.87,631.42,0.451889
2025-10-22,PED-2025-00228,Aurora Logística 042,MG,Belo Horizonte,Camila Rocha,Notebook Essencial 14,Informática,2,2981.32,0.08,2068.82,Cartão de débito,5962.64,477.01,5485.63,4137.64,1347.99,0.245731
2025-10-22,PED-2025-00282,Conecta Logística 114,BA,Feira de Santana,Lucas Barros,Cadeira Ergonômica,Móveis,2,1400.57,0.0,767.54,Cartão de crédito,2801.14,0.0,2801.14,1535.08,1266.06,0.45198
2025-10-22,PED-2025-00282,Conecta Logística 114,BA,Feira de Santana,Lucas Barros,Webcam Full HD,Acessórios,3,281.38,0.1,134.59,Cartão de crédito,844.14,84.41,759.73,403.77,355.96,0.468532
2025-10-22,PED-2025-00345,Ponto Distribuidora 108,RJ,Rio de Janeiro,Fernanda Alves,Mesa Ajustável,Móveis,2,1929.5,0.05,1054.2,Pix,3859.0,192.95,3666.05,2108.4,1557.65,0.424885
2025-10-22,PED-2025-00345,Ponto Distribuidora 108,RJ,Rio de Janeiro,Fernanda Alves,Teclado Mecânico,Acessórios,3,376.25,0.0,188.41,Pix,1128.75,0.0,1128.75,565.23,563.52,0.499243
2025-10-23,PED-2025-00789,Aurora Soluções 072,PE,Caruaru,Diego Lima,Toner Preto,Impressão,2,316.0,0.0,144.65,Cartão de crédito,632.0,0.0,632.0,289.3,342.7,0.542247
2025-10-23,PED-2025-01127,Integra Distribuidora 076,MG,Juiz de Fora,Diego Lima,Teclado Mecânico,Acessórios,1,391.09,0.0,194.6,Transferência,391.09,0.0,391.09,194.6,196.49,0.502416
2025-10-24,PED-2025-00109,Integra Varejo 046,SP,São Paulo,Lucas Barros,Headset Corporativo,Acessórios,1,322.31,0.0,157.8,Cartão de débito,322.31,0.0,322.31,157.8,164.51,0.510409
2025-10-24,PED-2025-00212,Conecta Soluções 144,SP,Campinas,Bruno Costa,Webcam Full HD,Acessórios,5,282.35,0.0,134.41,Boleto,1411.75,0.0,1411.75,672.05,739.7,0.52396
2025-10-24,PED-2025-00218,Integra Distribuidora 116,PR,Maringá,Lucas Barros,Notebook Essencial 14,Informática,2,2865.88,0.08,2071.2,Boleto,5731.76,458.54,5273.22,4142.4,1130.82,0.214446
2025-10-24,PED-2025-00350,Vértice Logística 090,SP,Ribeirão Preto,Fernanda Alves,Webcam Full HD,Acessórios,1,269.76,0.05,130.02,Cartão de crédito,269.76,13.49,256.27,130.02,126.25,0.492648
2025-10-24,PED-2025-00989,Nova Comercial 217,SP,Ribeirão Preto,Ana Martins,Mouse Sem Fio,Acessórios,1,152.65,0.0,66.45,Boleto,152.65,0.0,152.65,66.45,86.2,0.56469
2025-10-24,PED-2025-01017,Conecta Logística 074,DF,Brasília,Fernanda Alves,Headset Corporativo,Acessórios,5,337.84,0.05,162.57,Cartão de crédito,1689.2,84.46,1604.74,812.85,791.89,0.493469
2025-10-24,PED-2025-01017,Conecta Logística 074,DF,Brasília,Fernanda Alves,Switch 24 Portas,Conectividade,1,1111.69,0.05,629.83,Cartão de crédito,1111.69,55.58,1056.11,629.83,426.28,0.40363
2025-10-25,PED-2025-00508,Aurora Logística 202,MG,Belo Horizonte,Ana Martins,Roteador Empresarial,Conectividade,2,729.87,0.0,381.36,Cartão de crédito,1459.74,0.0,1459.74,762.72,697.02,0.477496
2025-10-25,PED-2025-00542,Conecta Varejo 094,RJ,Petrópolis,Camila Rocha,Monitor Ultrawide 29,Informática,1,1849.56,0.05,1194.09,Pix,1849.56,92.48,1757.08,1194.09,562.99,0.320413
2025-10-25,PED-2025-00542,Conecta Varejo 094,RJ,Petrópolis,Camila Rocha,Teclado Mecânico,Acessórios,11,396.66,0.0,193.3,Pix,4363.26,0.0,4363.26,2126.3,2236.96,0.512681
2025-10-25,PED-2025-00542,Conecta Varejo 094,RJ,Petrópolis,Camila Rocha,Toner Preto,Impressão,2,342.48,0.1,151.41,Pix,684.96,68.5,616.46,302.82,313.64,0.508779
2025-10-25,PED-2025-00588,Aurora Logística 042,SC,Blumenau,Bruno Costa,Mouse Sem Fio,Acessórios,2,144.06,0.0,69.73,Cartão de crédito,288.12,0.0,288.12,139.46,148.66,0.515966
2025-10-25,PED-2025-00588,Aurora Logística 042,SC,Blumenau,Bruno Costa,Nobreak 1500VA,Energia,2,1169.88,0.0,693.74,Cartão de crédito,2339.76,0.0,2339.76,1387.48,952.28,0.406999
2025-10-25,PED-2025-00594,Horizonte Comercial 185,SC,Florianópolis,Diego Lima,Filtro de Linha Premium,Energia,3,125.56,0.08,52.16,Boleto,376.68,30.13,346.55,156.48,190.07,0.548458
2025-10-25,PED-2025-00594,Horizonte Comercial 185,SC,Florianópolis,Diego Lima,Gaveteiro Executivo,Móveis,1,690.24,0.1,376.19,Boleto,690.24,69.02,621.22,376.19,245.03,0.39443
2025-10-25,PED-2025-00880,Central Tecnologia 083,SP,Campinas,Diego Lima,Impressora Multifuncional,Impressão,9,1579.28,0.0,1007.63,Transferência,14213.52,0.0,14213.52,9068.67,5144.85,0.361969
2025-10-25,PED-2025-00880,Central Tecnologia 083,SP,Campinas,Não informado,Monitor Ultrawide 29,Informática,3,1797.15,0.1,1172.59,Transferência,5391.45,539.15,4852.3,3517.77,1334.54,0.275031
2025-10-27,PED-2025-00269,Central Engenharia 183,PR,Curitiba,Bruno Costa,Notebook Essencial 14,Informática,2,2885.05,0.0,2092.93,Transferência,5770.1,0.0,5770.1,4185.86,1584.24,0.27456
2025-10-27,PED-2025-00771,Prime Engenharia 119,MG,Juiz de Fora,Diego Lima,Access Point Wi-Fi 6,Conectividade,2,858.45,0.0,464.52,Pix,1716.9,0.0,1716.9,929.04,787.86,0.458885
2025-10-27,PED-2025-00771,Prime Engenharia 119,MG,Juiz de Fora,Diego Lima,Teclado Mecânico,Acessórios,2,398.52,0.05,197.5,Pix,797.04,39.85,757.19,395.0,362.19,0.478333
2025-10-27,PED-2025-01012,Horizonte Comercial 025,SP,São Paulo,Lucas Barros,Notebook Essencial 14,Informática,2,2841.73,0.05,2046.18,Cartão de crédito,5683.46,284.17,5399.29,4092.36,1306.93,0.242055
2025-10-27,PED-2025-01012,Horizonte Comercial 025,SP,São Paulo,Lucas Barros,Webcam Full HD,Acessórios,1,284.91,0.08,128.99,Cartão de crédito,284.91,22.79,262.12,128.99,133.13,0.507892
2025-10-28,PED-2025-00150,Integra Logística 146,SP,São Paulo,Diego Lima,Gaveteiro Executivo,Móveis,1,684.46,0.05,364.68,Transferência,684.46,34.22,650.24,364.68,285.56,0.439158
2025-10-28,PED-2025-00150,Integra Logística 146,SP,São Paulo,Diego Lima,Mouse Sem Fio,Acessórios,4,146.01,0.0,70.72,Transferência,584.04,0.0,584.04,282.88,301.16,0.51565
2025-10-28,PED-2025-00150,Integra Logística 146,SP,São Paulo,Diego Lima,Teclado Mecânico,Acessórios,4,391.23,0.12,187.42,Transferência,1564.92,187.79,1377.13,749.68,627.45,0.455621
2025-10-28,PED-2025-00289,Nova Serviços 157,PE,Recife,Fernanda Alves,Filtro de Linha Premium,Energia,2,120.9,0.08,52.27,Pix,241.8,19.34,222.46,104.54,117.92,0.530064
2025-10-28,PED-2025-00289,Nova Serviços 157,PE,Recife,Fernanda Alves,Teclado Mecânico,Acessórios,1,401.43,0.0,188.55,Pix,401.43,0.0,401.43,188.55,212.88,0.530304
2025-10-29,PED-2025-00363,Nova Comercial 217,RJ,Petrópolis,Bruno Costa,Roteador Empresarial,Conectividade,1,760.06,0.03,368.51,Pix,760.06,22.8,737.26,368.51,368.75,0.500162
2025-10-29,PED-2025-00803,Ponto Soluções 048,MG,Juiz de Fora,Bruno Costa,Mouse Sem Fio,Acessórios,1,147.13,0.03,67.02,Pix,147.13,4.41,142.72,67.02,75.7,0.530396
2025-10-29,PED-2025-00997,Prime Engenharia 159,PR,Londrina,Lucas Barros,Filtro de Linha Premium,Energia,3,124.99,0.0,52.06,Cartão de crédito,374.97,0.0,374.97,156.18,218.79,0.583487
2025-10-29,PED-2025-00997,Prime Engenharia 159,PR,Londrina,Lucas Barros,Roteador Empresarial,Conectividade,4,781.09,0.0,372.0,Cartão de crédito,3124.36,0.0,3124.36,1488.0,1636.36,0.523742
2025-10-30,PED-2025-00370,Alfa Tecnologia 091,MG,Uberlândia,Camila Rocha,Notebook Pro 15,Informática,1,4758.89,0.05,3492.01,Boleto,4758.89,237.94,4520.95,3492.01,1028.94,0.227593
2025-10-30,PED-2025-00370,Alfa Tecnologia 091,MG,Uberlândia,Camila Rocha,Toner Preto,Impressão,1,322.55,0.1,144.36,Boleto,322.55,32.26,290.3,144.36,145.94,0.502713
2025-10-30,PED-2025-00609,Prime Comercial 009,RJ,Rio de Janeiro,Diego Lima,Cadeira Ergonômica,Móveis,2,1365.18,0.05,748.5,Transferência,2730.36,136.52,2593.84,1497.0,1096.84,0.422864
2025-10-30,PED-2025-00609,Prime Comercial 009,RJ,Rio de Janeiro,Diego Lima,Filtro de Linha Premium,Energia,3,116.38,0.05,51.95,Transferência,349.14,17.46,331.68,155.85,175.83,0.530124
2025-10-30,PED-2025-00651,Ponto Logística 098,GO,Goiânia,Fernanda Alves,Filtro de Linha Premium,Energia,7,122.92,0.0,52.09,Cartão de crédito,860.44,0.0,860.44,364.63,495.81,0.576228
2025-10-30,PED-2025-00651,Ponto Logística 098,GO,Goiânia,Fernanda Alves,Headset Corporativo,Acessórios,3,318.24,0.05,153.37,Cartão de crédito,954.72,47.74,906.98,460.11,446.87,0.492703
2025-10-30,PED-2025-00651,Ponto Logística 098,GO,Goiânia,Fernanda Alves,Toner Preto,Impressão,1,339.08,0.08,143.92,Cartão de crédito,339.08,27.13,311.95,143.92,168.03,0.538649
2025-10-30,PED-2025-00962,Horizonte Tecnologia 075,PR,Curitiba,Lucas Barros,Access Point Wi-Fi 6,Conectividade,2,894.95,0.0,485.19,Pix,1789.9,0.0,1789.9,970.38,819.52,0.457858
2025-10-30,PED-2025-00962,Horizonte Tecnologia 075,PR,Curitiba,Lucas Barros,Filtro de Linha Premium,Energia,5,120.3,0.08,52.95,Pix,601.5,48.12,553.38,264.75,288.63,0.521576
2025-10-30,PED-2025-01032,Integra Logística 026,GO,Aparecida de Goiânia,Ana Martins,Headset Corporativo,Acessórios,2,323.81,0.08,160.73,Pix,647.62,51.81,595.81,321.46,274.35,0.460466
2025-10-30,PED-2025-01032,Integra Logística 026,GO,Aparecida de Goiânia,Ana Martins,Notebook Essencial 14,Informática,6,2942.39,0.1,2003.76,Pix,17654.34,1765.43,15888.91,12022.56,3866.35,0.243336
2025-10-31,PED-2025-00254,Vértice Soluções 200,GO,Goiânia,Diego Lima,Filtro de Linha Premium,Energia,2,123.69,0.05,50.22,Cartão de crédito,247.38,12.37,235.01,100.44,134.57,0.572616
2025-10-31,PED-2025-00348,Conecta Distribuidora 004,RJ,Rio de Janeiro,Juliana Mendes,Filtro de Linha Premium,Energia,2,122.05,0.1,52.55,Boleto,244.1,24.41,219.69,105.1,114.59,0.521599
2025-10-31,PED-2025-00566,Ponto Varejo 038,SP,Ribeirão Preto,Gustavo Ribeiro,Mesa Ajustável,Móveis,9,1902.03,0.03,1017.32,Cartão de crédito,17118.27,513.55,16604.72,9155.88,7448.84,0.448598
2025-11-01,PED-2025-00312,Vértice Varejo 150,SP,Campinas,Gustavo Ribeiro,Filtro de Linha Premium,Energia,3,124.95,0.08,52.62,Cartão de débito,374.85,29.99,344.86,157.86,187.0,0.542252
2025-11-01,PED-2025-00312,Vértice Varejo 150,SP,Campinas,Gustavo Ribeiro,Toner Preto,Impressão,1,337.45,0.0,143.78,Cartão de débito,337.45,0.0,337.45,143.78,193.67,0.573922
2025-11-01,PED-2025-00874,Ponto Distribuidora 028,SP,São Paulo,Fernanda Alves,Toner Preto,Impressão,3,342.53,0.0,141.87,Transferência,1027.59,0.0,1027.59,425.61,601.98,0.585817
2025-11-01,PED-2025-01036,Horizonte Serviços 045,RJ,Rio de Janeiro,Lucas Barros,Mouse Sem Fio,Acessórios,2,145.39,0.0,66.45,Cartão de crédito,290.78,0.0,290.78,132.9,157.88,0.542953
2025-11-01,PED-2025-01092,Prime Engenharia 039,MG,Uberlândia,Camila Rocha,Notebook Essencial 14,Informática,6,2790.76,0.0,2058.46,Cartão de crédito,16744.56,0.0,16744.56,12350.76,4393.8,0.262402
2025-11-02,PED-2025-00022,Central Serviços 053,PE,Caruaru,Lucas Barros,Roteador Empresarial,Conectividade,2,737.0,0.0,369.27,Cartão de débito,1474.0,0.0,1474.0,738.54,735.46,0.498955
2025-11-02,PED-2025-00022,Central Serviços 053,PE,Caruaru,Lucas Barros,Toner Preto,Impressão,2,331.07,0.1,146.35,Cartão de débito,662.14,66.21,595.93,292.7,303.23,0.508832
2025-11-02,PED-2025-00408,Aurora Varejo 142,MG,Belo Horizonte,Juliana Mendes,Notebook Pro 15,Informática,2,4967.64,0.1,3409.7,Pix,9935.28,993.53,8941.75,6819.4,2122.35,0.237353
2025-11-02,PED-2025-00408,Aurora Varejo 142,MG,Belo Horizonte,Juliana Mendes,Teclado Mecânico,Acessórios,2,385.2,0.08,189.47,Pix,770.4,61.63,708.77,378.94,329.83,0.465354
2025-11-02,PED-2025-00483,Horizonte Tecnologia 075,PR,Curitiba,Diego Lima,Mesa Ajustável,Móveis,2,1777.13,0.15,1072.02,Transferência,3554.26,533.14,3021.12,2144.04,877.08,0.290316
2025-11-02,PED-2025-00483,Horizonte Tecnologia 075,PR,Curitiba,Diego Lima,Toner Preto,Impressão,2,327.17,0.08,143.97,Transferência,654.34,52.35,601.99,287.94,314.05,0.521689
2025-11-02,PED-2025-00695,Central Engenharia 023,RJ,Rio de Janeiro,Diego Lima,Mouse Sem Fio,Acessórios,1,148.68,0.0,66.6,Pix,148.68,0.0,148.68,66.6,82.08,0.552058
2025-11-02,PED-2025-00695,Central Engenharia 023,RJ,Rio de Janeiro,Diego Lima,Toner Preto,Impressão,6,317.21,0.15,148.48,Pix,1903.26,285.49,1617.77,890.88,726.89,0.449316
2025-11-02,PED-2025-01025,Nova Tecnologia 027,RS,Porto Alegre,Bruno Costa,Toner Preto,Impressão,7,332.82,0.15,148.89,Cartão de crédito,2329.74,349.46,1980.28,1042.23,938.05,0.473695
2025-11-03,PED-2025-00482,Nova Engenharia 127,MG,Juiz de Fora,Fernanda Alves,Cadeira Ergonômica,Móveis,1,1368.24,0.0,781.47,Cartão de crédito,1368.24,0.0,1368.24,781.47,586.77,0.42885
2025-11-03,PED-2025-00482,Nova Engenharia 127,MG,Juiz de Fora,Fernanda Alves,Teclado Mecânico,Acessórios,6,374.66,0.03,189.68,Cartão de crédito,2247.96,67.44,2180.52,1138.08,1042.44,0.47807
2025-11-03,PED-2025-00939,Vértice Varejo 070,PR,Curitiba,Gustavo Ribeiro,Impressora Multifuncional,Impressão,4,1613.56,0.15,986.12,Pix,6454.24,968.14,5486.1,3944.48,1541.62,0.281005
2025-11-03,PED-2025-00939,Vértice Varejo 070,PR,Curitiba,Gustavo Ribeiro,Notebook Pro 15,Informática,1,4989.04,0.05,3548.86,Pix,4989.04,249.45,4739.59,3548.86,1190.73,0.25123
2025-11-04,PED-2025-01096,Integra Soluções 176,PR,Curitiba,Juliana Mendes,Headset Corporativo,Acessórios,1,342.36,0.03,155.46,Transferência,342.36,10.27,332.09,155.46,176.63,0.531873
2025-11-04,PED-2025-01129,Horizonte Engenharia 215,MG,Uberlândia,Fernanda Alves,Filtro de Linha Premium,Energia,5,122.89,0.08,50.01,Pix,614.45,49.16,565.29,250.05,315.24,0.557664
2025-11-05,PED-2025-00748,Vértice Varejo 150,SP,Santos,Juliana Mendes,Mouse Sem Fio,Acessórios,2,155.6,0.08,68.59,Cartão de crédito,311.2,24.9,286.3,137.18,149.12,0.520859
2025-11-05,PED-2025-00748,Vértice Varejo 150,SP,Santos,Juliana Mendes,Toner Preto,Impressão,2,317.38,0.08,143.22,Cartão de crédito,634.76,50.78,583.98,286.44,297.54,0.509503
2025-11-05,PED-2025-00983,Central Serviços 173,MG,Belo Horizonte,Juliana Mendes,Cadeira Ergonômica,Móveis,3,1444.95,0.12,761.91,Cartão de crédito,4334.85,520.18,3814.67,2285.73,1528.94,0.400805
2025-11-05,PED-2025-00983,Central Serviços 173,MG,Belo Horizonte,Juliana Mendes,Teclado Mecânico,Acessórios,1,402.93,0.03,187.49,Cartão de crédito,402.93,12.09,390.84,187.49,203.35,0.520292
2025-11-05,PED-2025-01109,Prime Comercial 129,RS,Pelotas,Lucas Barros,Filtro de Linha Premium,Energia,2,118.73,0.1,51.81,Transferência,237.46,23.75,213.71,103.62,110.09,0.515146
2025-11-05,PED-2025-01133,Integra Varejo 006,SP,Campinas,Bruno Costa,Monitor Ultrawide 29,Informática,2,1850.98,0.08,1196.65,Boleto,3701.96,296.16,3405.8,2393.3,1012.5,0.297288
2025-11-06,PED-2025-00287,Nova Engenharia 007,PR,Curitiba,Gustavo Ribeiro,Notebook Essencial 14,Informática,1,2956.28,0.03,2022.94,Cartão de crédito,2956.28,88.69,2867.59,2022.94,844.65,0.294551
2025-11-06,PED-2025-00707,Aurora Logística 202,SP,Santos,Diego Lima,Notebook Pro 15,Informática,1,5032.11,0.1,3412.6,Cartão de crédito,5032.11,503.21,4528.9,3412.6,1116.3,0.246484
2025-11-06,PED-2025-00707,Aurora Logística 202,SP,Santos,Diego Lima,Teclado Mecânico,Acessórios,5,389.53,0.0,198.28,Cartão de crédito,1947.65,0.0,1947.65,991.4,956.25,0.490976
2025-11-06,PED-2025-00707,Aurora Logística 202,SP,Santos,Diego Lima,Toner Preto,Impressão,1,321.75,0.05,144.23,Cartão de crédito,321.75,16.09,305.66,144.23,161.43,0.52814
2025-11-06,PED-2025-00854,Prime Tecnologia 019,RJ,Petrópolis,Camila Rocha,Teclado Mecânico,Acessórios,6,407.29,0.03,188.87,Cartão de crédito,2443.74,73.31,2370.43,1133.22,1237.21,0.521934
2025-11-06,PED-2025-00949,Ponto Logística 178,BA,Vitória da Conquista,Gustavo Ribeiro,Filtro de Linha Premium,Energia,4,124.1,0.15,51.72,Transferência,496.4,74.46,421.94,206.88,215.06,0.509693
2025-11-07,PED-2025-00322,Central Serviços 013,PR,Londrina,Fernanda Alves,Mesa Ajustável,Móveis,3,1787.68,0.03,1067.35,Pix,5363.04,160.89,5202.15,3202.05,2000.1,0.384476
2025-11-07,PED-2025-00557,Conecta Varejo 134,SC,Blumenau,Bruno Costa,Gaveteiro Executivo,Móveis,2,711.06,0.03,377.58,Pix,1422.12,42.66,1379.46,755.16,624.3,0.452567
2025-11-07,PED-2025-00557,Conecta Varejo 134,SC,Blumenau,Bruno Costa,Webcam Full HD,Acessórios,3,286.29,0.0,136.81,Pix,858.87,0.0,858.87,410.43,448.44,0.522128
2025-11-08,PED-2025-00040,Vértice Logística 090,PR,Londrina,Gustavo Ribeiro,Headset Corporativo,Acessórios,4,341.78,0.05,161.76,Cartão de crédito,1367.12,68.36,1298.76,647.04,651.72,0.501803
2025-11-08,PED-2025-00215,Central Engenharia 103,GO,Goiânia,Camila Rocha,Impressora Multifuncional,Impressão,2,1578.59,0.0,1015.56,Transferência,3157.18,0.0,3157.18,2031.12,1126.06,0.356666
2025-11-08,PED-2025-00215,Central Engenharia 103,GO,Goiânia,Camila Rocha,Kit Toner Colorido,Impressão,6,900.07,0.15,412.07,Transferência,5400.42,810.06,4590.36,2472.42,2117.94,0.461388
2025-11-08,PED-2025-00215,Central Engenharia 103,GO,Goiânia,Camila Rocha,Monitor Ultrawide 29,Informática,1,1748.78,0.0,1174.26,Transferência,1748.78,0.0,1748.78,1174.26,574.52,0.328526
2025-11-09,PED-2025-00929,Aurora Varejo 022,RS,Pelotas,Lucas Barros,Mouse Sem Fio,Acessórios,3,146.41,0.15,68.26,Cartão de débito,439.23,65.88,373.35,204.78,168.57,0.4515
2025-11-09,PED-2025-01134,Aurora Distribuidora 172,PR,Curitiba,Ana Martins,Notebook Pro 15,Informática,2,4703.15,0.0,3451.27,Boleto,9406.3,0.0,9406.3,6902.54,2503.76,0.266179
2025-11-09,PED-2025-01134,Aurora Distribuidora 172,PR,Curitiba,Ana Martins,Toner Preto,Impressão,7,331.88,0.0,141.86,Boleto,2323.16,0.0,2323.16,993.02,1330.14,0.572556
2025-11-10,PED-2025-01069,Ponto Varejo 118,SP,Campinas,Ana Martins,Notebook Essencial 14,Informática,5,2914.54,0.05,1996.92,Cartão de crédito,14572.7,728.64,13844.06,9984.6,3859.46,0.278781
2025-11-11,PED-2025-00051,Horizonte Comercial 105,DF,Brasília,Fernanda Alves,Gaveteiro Executivo,Móveis,1,694.45,0.03,355.35,Cartão de débito,694.45,20.83,673.62,355.35,318.27,0.472474
2025-11-11,PED-2025-00051,Horizonte Comercial 105,DF,Brasília,Fernanda Alves,Mouse Sem Fio,Acessórios,5,145.29,0.0,67.13,Cartão de débito,726.45,0.0,726.45,335.65,390.8,0.537959
2025-11-11,PED-2025-00051,Horizonte Comercial 105,DF,Brasília,Fernanda Alves,Roteador Empresarial,Conectividade,7,783.44,0.05,368.11,Cartão de débito,5484.08,274.2,5209.88,2576.77,2633.11,0.505407
2025-11-11,PED-2025-00230,Alfa Serviços 061,RJ,Rio de Janeiro,Fernanda Alves,Headset Corporativo,Acessórios,1,320.71,0.05,163.13,Cartão de crédito,320.71,16.04,304.67,163.13,141.54,0.464576
2025-11-11,PED-2025-00262,Integra Soluções 016,SC,Joinville,Fernanda Alves,Kit Toner Colorido,Impressão,3,866.25,0.05,400.72,Transferência,2598.75,129.94,2468.81,1202.16,1266.65,0.513061
2025-11-11,PED-2025-01087,Central Serviços 053,RS,Porto Alegre,Fernanda Alves,Mouse Sem Fio,Acessórios,1,151.97,0.05,68.71,Pix,151.97,7.6,144.37,68.71,75.66,0.524075
2025-11-12,PED-2025-00163,Ponto Logística 178,SP,Campinas,Juliana Mendes,Toner Preto,Impressão,1,320.3,0.0,142.1,Cartão de crédito,320.3,0.0,320.3,142.1,178.2,0.556353
2025-11-12,PED-2025-00171,Aurora Distribuidora 052,MG,Juiz de Fora,Lucas Barros,Headset Corporativo,Acessórios,1,334.78,0.15,157.71,Boleto,334.78,50.22,284.56,157.71,126.85,0.445782
2025-11-12,PED-2025-00171,Aurora Distribuidora 052,MG,Juiz de Fora,Lucas Barros,Roteador Empresarial,Conectividade,5,778.61,0.05,371.19,Boleto,3893.05,194.65,3698.4,1855.95,1842.45,0.498175
2025-11-12,PED-2025-00305,Vértice Soluções 080,SP,São Paulo,Gustavo Ribeiro,Filtro de Linha Premium,Energia,2,115.54,0.05,51.81,Transferência,231.08,11.55,219.53,103.62,115.91,0.527983
2025-11-12,PED-2025-00328,Integra Logística 146,GO,Anápolis,Diego Lima,Cadeira Ergonômica,Móveis,4,1423.79,0.0,782.74,Pix,5695.16,0.0,5695.16,3130.96,2564.2,0.450242
2025-11-12,PED-2025-00570,Vértice Logística 210,SC,Blumenau,Gustavo Ribeiro,Notebook Essencial 14,Informática,4,2944.98,0.15,2007.86,Cartão de crédito,11779.92,1766.99,10012.93,8031.44,1981.49,0.197893
2025-11-12,PED-2025-00570,Vértice Logística 210,SC,Blumenau,Gustavo Ribeiro,Teclado Mecânico,Acessórios,1,404.37,0.03,187.5,Cartão de crédito,404.37,12.13,392.24,187.5,204.74,0.521975
2025-11-12,PED-2025-00822,Ponto Distribuidora 068,SP,Campinas,Ana Martins,Kit Toner Colorido,Impressão,4,868.1,0.05,413.24,Boleto,3472.4,173.62,3298.78,1652.96,1645.82,0.498918
2025-11-12,PED-2025-01005,Nova Tecnologia 107,PR,Maringá,Diego Lima,Notebook Essencial 14,Informática,1,2932.17,0.1,2032.54,Cartão de débito,2932.17,293.22,2638.95,2032.54,606.41,0.229793
2025-11-12,PED-2025-01005,Nova Tecnologia 107,PR,Maringá,Diego Lima,Toner Preto,Impressão,3,316.04,0.12,144.35,Cartão de débito,948.12,113.77,834.35,433.05,401.3,0.48097
2025-11-13,PED-2025-00118,Alfa Serviços 141,MG,Belo Horizonte,Camila Rocha,Gaveteiro Executivo,Móveis,4,667.99,0.0,355.87,Transferência,2671.96,0.0,2671.96,1423.48,1248.48,0.467253
2025-11-13,PED-2025-00118,Alfa Serviços 141,MG,Belo Horizonte,Camila Rocha,Headset Corporativo,Acessórios,2,343.51,0.12,156.93,Transferência,687.02,82.44,604.58,313.86,290.72,0.480861
2025-11-14,PED-2025-00190,Integra Distribuidora 196,BA,Salvador,Bruno Costa,Toner Preto,Impressão,3,319.84,0.0,142.68,Cartão de crédito,959.52,0.0,959.52,428.04,531.48,0.553902
2025-11-14,PED-2025-00246,Alfa Engenharia 071,SP,Ribeirão Preto,Camila Rocha,Webcam Full HD,Acessórios,1,282.83,0.12,134.25,Cartão de crédito,282.83,33.94,248.89,134.25,114.64,0.460606
2025-11-14,PED-2025-00391,Central Tecnologia 043,SP,Santos,Lucas Barros,Mesa Ajustável,Móveis,1,1913.14,0.0,1013.41,Transferência,1913.14,0.0,1913.14,1013.41,899.73,0.47029
2025-11-14,PED-2025-00391,Central Tecnologia 043,SP,Santos,Lucas Barros,Notebook Essencial 14,Informática,1,2850.11,0.0,2086.76,Transferência,2850.11,0.0,2850.11,2086.76,763.35,0.267832
2025-11-14,PED-2025-00416,Integra Distribuidora 116,BA,Salvador,Gustavo Ribeiro,Access Point Wi-Fi 6,Conectividade,4,900.27,0.0,466.86,Boleto,3601.08,0.0,3601.08,1867.44,1733.64,0.481422
2025-11-14,PED-2025-00759,Central Serviços 013,MG,Uberlândia,Camila Rocha,Mesa Ajustável,Móveis,4,1869.44,0.08,1012.42,Cartão de crédito,7477.76,598.22,6879.54,4049.68,2829.86,0.411344
2025-11-14,PED-2025-00759,Central Serviços 013,MG,Uberlândia,Camila Rocha,Teclado Mecânico,Acessórios,1,385.53,0.15,188.98,Cartão de crédito,385.53,57.83,327.7,188.98,138.72,0.423315
2025-11-15,PED-2025-00170,Prime Tecnologia 099,RJ,Petrópolis,Juliana Mendes,Headset Corporativo,Acessórios,2,322.44,0.03,163.7,Cartão de crédito,644.88,19.35,625.53,327.4,298.13,0.476607
2025-11-16,PED-2025-00203,Vértice Soluções 120,SP,Ribeirão Preto,Camila Rocha,Cadeira Ergonômica,Móveis,4,1423.99,0.12,779.97,Pix,5695.96,683.52,5012.44,3119.88,1892.56,0.377573
2025-11-16,PED-2025-00203,Vértice Soluções 120,SP,Ribeirão Preto,Camila Rocha,Mouse Sem Fio,Acessórios,2,156.46,0.05,69.86,Pix,312.92,15.65,297.27,139.72,157.55,0.529996
2025-11-16,PED-2025-00296,Vértice Varejo 150,BA,Feira de Santana,Ana Martins,Cadeira Ergonômica,Móveis,4,1349.99,0.05,759.53,Pix,5399.96,270.0,5129.96,3038.12,2091.84,0.407769
2025-11-16,PED-2025-00378,Horizonte Comercial 025,RJ,Niterói,Bruno Costa,Monitor Ultrawide 29,Informática,7,1758.6,0.05,1179.89,Pix,12310.2,615.51,11694.69,8259.23,3435.46,0.293762
2025-11-16,PED-2025-00633,Integra Soluções 096,PR,Londrina,Ana Martins,Access Point Wi-Fi 6,Conectividade,3,870.44,0.08,482.97,Boleto,2611.32,208.91,2402.41,1448.91,953.5,0.396894
2025-11-16,PED-2025-00633,Integra Soluções 096,PR,Londrina,Ana Martins,Toner Preto,Impressão,1,332.97,0.03,142.17,Boleto,332.97,9.99,322.98,142.17,180.81,0.559819
2025-11-16,PED-2025-00821,Integra Logística 026,RJ,Niterói,Bruno Costa,Webcam Full HD,Acessórios,2,284.04,0.08,134.49,Cartão de crédito,568.08,45.45,522.63,268.98,253.65,0.485337
2025-11-17,PED-2025-00321,Integra Logística 186,SP,Campinas,Camila Rocha,Mouse Sem Fio,Acessórios,4,156.06,0.05,66.88,Pix,624.24,31.21,593.03,267.52,325.51,0.548891
2025-11-17,PED-2025-00338,Nova Engenharia 207,SP,Ribeirão Preto,Bruno Costa,Headset Corporativo,Acessórios,6,321.43,0.05,155.96,Cartão de débito,1928.58,96.43,1832.15,935.76,896.39,0.489256
2025-11-17,PED-2025-00414,Vértice Distribuidora 100,RJ,Niterói,Juliana Mendes,Headset Corporativo,Acessórios,7,317.84,0.0,159.57,Cartão de crédito,2224.88,0.0,2224.88,1116.99,1107.89,0.497955
2025-11-17,PED-2025-00414,Vértice Distribuidora 100,RJ,Niterói,Juliana Mendes,Mesa Ajustável,Móveis,2,1847.9,0.05,1070.61,Cartão de crédito,3695.8,184.79,3511.01,2141.22,1369.79,0.390141
2025-11-17,PED-2025-00414,Vértice Distribuidora 100,RJ,Niterói,Juliana Mendes,Notebook Essencial 14,Informática,3,2939.59,0.05,1981.25,Cartão de crédito,8818.77,440.94,8377.83,5943.75,2434.08,0.290538
2025-11-17,PED-2025-01121,Integra Soluções 176,BA,Vitória da Conquista,Diego Lima,Switch 24 Portas,Conectividade,4,1097.19,0.15,632.14,Cartão de crédito,4388.76,658.31,3730.45,2528.56,1201.89,0.322183
2025-11-18,PED-2025-00406,Central Tecnologia 003,MG,Juiz de Fora,Bruno Costa,Mouse Sem Fio,Acessórios,6,144.52,0.15,67.14,Boleto,867.12,130.07,737.05,402.84,334.21,0.453444
2025-11-18,PED-2025-00406,Central Tecnologia 003,MG,Juiz de Fora,Bruno Costa,Switch 24 Portas,Conectividade,3,1102.17,0.05,601.94,Boleto,3306.51,165.33,3141.18,1805.82,1335.36,0.425115
2025-11-18,PED-2025-00795,Integra Soluções 016,SC,Joinville,Fernanda Alves,Filtro de Linha Premium,Energia,1,118.34,0.08,51.0,Boleto,118.34,9.47,108.87,51.0,57.87,0.531563
2025-11-18,PED-2025-00795,Integra Soluções 016,SC,Joinville,Fernanda Alves,Teclado Mecânico,Acessórios,2,385.18,0.1,197.8,Boleto,770.36,77.04,693.32,395.6,297.72,0.429415
2025-11-18,PED-2025-00795,Integra Soluções 016,SC,Joinville,Fernanda Alves,Webcam Full HD,Acessórios,5,282.99,0.08,134.24,Boleto,1414.95,113.2,1301.75,671.2,630.55,0.484388
2025-11-18,PED-2025-00975,Conecta Varejo 134,GO,Goiânia,Juliana Mendes,Monitor Ultrawide 29,Informática,5,1760.15,0.1,1196.27,Pix,8800.75,880.08,7920.68,5981.35,1939.32,0.244843
2025-11-18,PED-2025-00975,Conecta Varejo 134,GO,Goiânia,Juliana Mendes,Mouse Sem Fio,Acessórios,1,146.18,0.05,67.31,Pix,146.18,7.31,138.87,67.31,71.56,0.515306
2025-11-18,PED-2025-00975,Conecta Varejo 134,GO,Goiânia,Juliana Mendes,Webcam Full HD,Acessórios,3,291.52,0.08,131.2,Pix,874.56,69.96,804.6,393.6,411.0,0.51081
2025-11-18,PED-2025-00995,Horizonte Comercial 025,SP,São Paulo,Juliana Mendes,Mouse Sem Fio,Acessórios,2,154.57,0.05,66.03,Boleto,309.14,15.46,293.68,132.06,161.62,0.550331
2025-11-18,PED-2025-01049,Nova Serviços 077,RJ,Niterói,Ana Martins,Filtro de Linha Premium,Energia,1,117.97,0.03,51.83,Transferência,117.97,3.54,114.43,51.83,62.6,0.547063
2025-11-18,PED-2025-01049,Nova Serviços 077,RJ,Niterói,Ana Martins,Teclado Mecânico,Acessórios,5,406.11,0.03,193.18,Transferência,2030.55,60.92,1969.63,965.9,1003.73,0.509604
2025-11-19,PED-2025-00456,Integra Varejo 006,MG,Juiz de Fora,Camila Rocha,Kit Toner Colorido,Impressão,2,893.13,0.15,396.32,Boleto,1786.26,267.94,1518.32,792.64,725.68,0.47795
2025-11-20,PED-2025-00498,Horizonte Comercial 105,RJ,Petrópolis,Fernanda Alves,Monitor Ultrawide 29,Informática,7,1797.17,0.05,1182.72,Pix,12580.19,629.01,11951.18,8279.04,3672.14,0.307262
2025-11-20,PED-2025-01003,Central Tecnologia 043,MG,Juiz de Fora,Juliana Mendes,Teclado Mecânico,Acessórios,2,396.14,0.05,197.19,Pix,792.28,39.61,752.67,394.38,358.29,0.476023
2025-11-20,PED-2025-01003,Central Tecnologia 043,MG,Juiz de Fora,Juliana Mendes,Webcam Full HD,Acessórios,5,288.01,0.0,136.52,Pix,1440.05,0.0,1440.05,682.6,757.45,0.525989
2025-11-20,PED-2025-01027,Conecta Soluções 184,BA,Feira de Santana,Bruno Costa,Filtro de Linha Premium,Energia,2,119.87,0.05,50.44,Boleto,239.74,11.99,227.75,100.88,126.87,0.557064
2025-11-20,PED-2025-01027,Conecta Soluções 184,BA,Feira de Santana,Bruno Costa,Mesa Ajustável,Móveis,4,1805.17,0.05,1066.03,Boleto,7220.68,361.03,6859.65,4264.12,2595.53,0.378376
2025-11-20,PED-2025-01027,Conecta Soluções 184,BA,Feira de Santana,Bruno Costa,Notebook Pro 15,Informática,6,5046.02,0.05,3453.01,Boleto,30276.12,1513.81,28762.31,20718.06,8044.25,0.27968
2025-11-21,PED-2025-00157,Alfa Comercial 161,SP,São Paulo,Fernanda Alves,Filtro de Linha Premium,Energia,4,119.81,0.03,51.33,Pix,479.24,14.38,464.86,205.32,259.54,0.558321
2025-11-21,PED-2025-00157,Alfa Comercial 161,SP,São Paulo,Fernanda Alves,Roteador Empresarial,Conectividade,3,779.58,0.0,358.99,Pix,2338.74,0.0,2338.74,1076.97,1261.77,0.539508
2025-11-21,PED-2025-00207,Vértice Varejo 190,SP,Ribeirão Preto,Ana Martins,Mouse Sem Fio,Acessórios,3,154.22,0.05,69.53,Boleto,462.66,23.13,439.53,208.59,230.94,0.525422
2025-11-21,PED-2025-00207,Vértice Varejo 190,SP,Ribeirão Preto,Ana Martins,Notebook Essencial 14,Informática,1,2775.7,0.0,2049.27,Boleto,2775.7,0.0,2775.7,2049.27,726.43,0.261711
2025-11-21,PED-2025-01074,Horizonte Serviços 125,SC,Joinville,Camila Rocha,Notebook Pro 15,Informática,7,5036.23,0.05,3417.67,Transferência,35253.61,1762.68,33490.93,23923.69,9567.24,0.285667
2025-11-21,PED-2025-01074,Horizonte Serviços 125,SC,Joinville,Camila Rocha,Switch 24 Portas,Conectividade,2,1141.25,0.08,605.58,Transferência,2282.5,182.6,2099.9,1211.16,888.74,0.42323
2025-11-22,PED-2025-00127,Central Tecnologia 003,SP,Campinas,Ana Martins,Access Point Wi-Fi 6,Conectividade,3,890.02,0.05,466.06,Cartão de crédito,2670.06,133.5,2536.56,1398.18,1138.38,0.448788
2025-11-22,PED-2025-00179,Nova Tecnologia 147,RJ,Petrópolis,Fernanda Alves,Monitor Ultrawide 29,Informática,9,1825.7,0.03,1197.2,Cartão de crédito,16431.3,492.94,15938.36,10774.8,5163.56,0.323971
2025-11-22,PED-2025-00335,Aurora Soluções 032,PE,Recife,Gustavo Ribeiro,Monitor Ultrawide 29,Informática,1,1793.41,0.05,1201.62,Cartão de crédito,1793.41,89.67,1703.74,1201.62,502.12,0.294716
2025-11-22,PED-2025-00335,Aurora Soluções 032,PE,Recife,Gustavo Ribeiro,Toner Preto,Impressão,1,338.01,0.08,151.03,Cartão de crédito,338.01,27.04,310.97,151.03,159.94,0.514325
2025-11-22,PED-2025-00946,Aurora Soluções 152,RJ,Rio de Janeiro,Fernanda Alves,Filtro de Linha Premium,Energia,2,120.03,0.03,51.88,Cartão de crédito,240.06,7.2,232.86,103.76,129.1,0.554407
2025-11-23,PED-2025-00103,Integra Distribuidora 156,RS,Porto Alegre,Juliana Mendes,Monitor Ultrawide 29,Informática,3,1738.9,0.05,1182.45,Boleto,5216.7,260.84,4955.87,3547.35,1408.52,0.284212
2025-11-23,PED-2025-00149,Alfa Tecnologia 091,PR,Londrina,Diego Lima,Access Point Wi-Fi 6,Conectividade,1,919.75,0.0,480.8,Pix,919.75,0.0,919.75,480.8,438.95,0.477249
2025-11-23,PED-2025-00149,Alfa Tecnologia 091,PR,Londrina,Diego Lima,Filtro de Linha Premium,Energia,2,116.35,0.05,52.04,Pix,232.7,11.64,221.06,104.08,116.98,0.529188
2025-11-23,PED-2025-00149,Alfa Tecnologia 091,PR,Londrina,Diego Lima,Roteador Empresarial,Conectividade,2,730.5,0.1,372.01,Pix,1461.0,146.1,1314.9,744.02,570.88,0.434162
2025-11-23,PED-2025-00638,Horizonte Tecnologia 155,RJ,Niterói,Camila Rocha,Access Point Wi-Fi 6,Conectividade,1,932.57,0.0,464.81,Pix,932.57,0.0,932.57,464.81,467.76,0.501582
2025-11-23,PED-2025-00638,Horizonte Tecnologia 155,RJ,Niterói,Camila Rocha,Gaveteiro Executivo,Móveis,1,699.93,0.1,357.58,Pix,699.93,69.99,629.94,357.58,272.36,0.432356
2025-11-23,PED-2025-00638,Horizonte Tecnologia 155,RJ,Niterói,Camila Rocha,Webcam Full HD,Acessórios,1,289.71,0.05,129.94,Pix,289.71,14.49,275.22,129.94,145.28,0.527876
2025-11-23,PED-2025-00701,Integra Varejo 006,MG,Juiz de Fora,Diego Lima,Notebook Pro 15,Informática,4,5013.88,0.1,3452.78,Transferência,20055.52,2005.55,18049.97,13811.12,4238.85,0.23484
2025-11-23,PED-2025-01128,Conecta Varejo 214,RS,Caxias do Sul,Bruno Costa,Mesa Ajustável,Móveis,3,1901.67,0.03,1013.61,Pix,5705.01,171.15,5533.86,3040.83,2493.03,0.450505
2025-11-24,PED-2025-00536,Horizonte Serviços 165,RS,Caxias do Sul,Diego Lima,Gaveteiro Executivo,Móveis,1,665.09,0.0,356.18,Pix,665.09,0.0,665.09,356.18,308.91,0.464463
2025-11-24,PED-2025-00554,Prime Comercial 049,MG,Belo Horizonte,Fernanda Alves,Filtro de Linha Premium,Energia,4,117.5,0.05,51.87,Cartão de crédito,470.0,23.5,446.5,207.48,239.02,0.535319
2025-11-24,PED-2025-00629,Central Tecnologia 043,BA,Vitória da Conquista,Bruno Costa,Filtro de Linha Premium,Energia,2,121.81,0.08,49.63,Cartão de crédito,243.62,19.49,224.13,99.26,124.87,0.557133
2025-11-24,PED-2025-00629,Central Tecnologia 043,BA,Vitória da Conquista,Bruno Costa,Headset Corporativo,Acessórios,3,341.95,0.0,161.16,Cartão de crédito,1025.85,0.0,1025.85,483.48,542.37,0.528703
2025-11-24,PED-2025-00629,Central Tecnologia 043,BA,Vitória da Conquista,Bruno Costa,Webcam Full HD,Acessórios,4,291.56,0.12,128.63,Cartão de crédito,1166.24,139.95,1026.29,514.52,511.77,0.498661
2025-11-24,PED-2025-00718,Conecta Distribuidora 084,PR,Curitiba,Bruno Costa,Cadeira Ergonômica,Móveis,2,1410.37,0.0,762.96,Cartão de crédito,2820.74,0.0,2820.74,1525.92,1294.82,0.459036
2025-11-24,PED-2025-00718,Conecta Distribuidora 084,PR,Curitiba,Bruno Costa,Roteador Empresarial,Conectividade,3,752.52,0.08,363.07,Cartão de crédito,2257.56,180.6,2076.96,1089.21,987.75,0.475574
2025-11-24,PED-2025-00718,Conecta Distribuidora 084,PR,Curitiba,Bruno Costa,Webcam Full HD,Acessórios,1,284.73,0.0,136.99,Cartão de crédito,284.73,0.0,284.73,136.99,147.74,0.518878
2025-11-25,PED-2025-00097,Integra Varejo 046,SP,Ribeirão Preto,Camila Rocha,Filtro de Linha Premium,Energia,1,115.63,0.0,49.7,Pix,115.63,0.0,115.63,49.7,65.93,0.570181
2025-11-25,PED-2025-00567,Alfa Comercial 121,RJ,Niterói,Camila Rocha,Gaveteiro Executivo,Móveis,1,688.67,0.05,368.52,Boleto,688.67,34.43,654.24,368.52,285.72,0.436717
2025-11-25,PED-2025-00567,Alfa Comercial 121,RJ,Niterói,Camila Rocha,Kit Toner Colorido,Impressão,1,857.44,0.05,420.44,Boleto,857.44,42.87,814.57,420.44,394.13,0.483849
2025-11-25,PED-2025-01098,Conecta Distribuidora 004,SP,São Paulo,Bruno Costa,Mouse Sem Fio,Acessórios,6,150.46,0.05,69.91,Pix,902.76,45.14,857.62,419.46,438.16,0.510903
2025-11-26,PED-2025-01026,Prime Comercial 009,BA,Feira de Santana,Bruno Costa,Kit Toner Colorido,Impressão,3,895.4,0.05,399.6,Cartão de crédito,2686.2,134.31,2551.89,1198.8,1353.09,0.530231
2025-11-27,PED-2025-00004,Integra Soluções 176,MG,Uberlândia,Bruno Costa,Mouse Sem Fio,Acessórios,4,155.14,0.08,67.45,Pix,620.56,49.64,570.92,269.8,301.12,0.527425
2025-11-27,PED-2025-00276,Alfa Serviços 181,RJ,Rio de Janeiro,Lucas Barros,Filtro de Linha Premium,Energia,11,117.71,0.0,50.78,Cartão de crédito,1294.81,0.0,1294.81,558.58,736.23,0.568601
2025-11-27,PED-2025-00606,Nova Comercial 097,MG,Juiz de Fora,Bruno Costa,Headset Corporativo,Acessórios,1,327.75,0.08,160.46,Pix,327.75,26.22,301.53,160.46,141.07,0.467847
2025-11-28,PED-2025-00612,Vértice Soluções 080,PR,Maringá,Camila Rocha,Headset Corporativo,Acessórios,7,318.65,0.0,157.78,Pix,2230.55,0.0,2230.55,1104.46,1126.09,0.504849
2025-11-28,PED-2025-01094,Vértice Logística 130,GO,Goiânia,Camila Rocha,Webcam Full HD,Acessórios,6,280.64,0.03,131.42,Boleto,1683.84,50.52,1633.32,788.52,844.8,0.51723
2025-11-29,PED-2025-00778,Integra Distribuidora 116,PR,Maringá,Fernanda Alves,Kit Toner Colorido,Impressão,1,883.3,0.0,415.24,Pix,883.3,0.0,883.3,415.24,468.06,0.529899
2025-11-29,PED-2025-00845,Horizonte Comercial 025,BA,Salvador,Ana Martins,Notebook Essencial 14,Informática,3,2882.04,0.1,2050.22,Cartão de crédito,8646.12,864.61,7781.51,6150.66,1630.85,0.20958
2025-11-29,PED-2025-00944,Aurora Soluções 072,RS,Porto Alegre,Bruno Costa,Headset Corporativo,Acessórios,3,346.13,0.12,160.96,Pix,1038.39,124.61,913.78,482.88,430.9,0.47156
2025-11-30,PED-2025-00099,Alfa Comercial 041,MG,Uberlândia,Fernanda Alves,Mouse Sem Fio,Acessórios,1,150.76,0.05,70.7,Cartão de crédito,150.76,7.54,143.22,70.7,72.52,0.506361
2025-11-30,PED-2025-00099,Alfa Comercial 041,MG,Uberlândia,Fernanda Alves,Webcam Full HD,Acessórios,4,292.3,0.0,129.03,Cartão de crédito,1169.2,0.0,1169.2,516.12,653.08,0.55857
2025-11-30,PED-2025-00494,Integra Varejo 206,SP,São Paulo,Bruno Costa,Gaveteiro Executivo,Móveis,5,678.99,0.1,357.74,Cartão de débito,3394.95,339.5,3055.46,1788.7,1266.75,0.414588
2025-11-30,PED-2025-00495,Nova Comercial 217,PR,Londrina,Gustavo Ribeiro,Filtro de Linha Premium,Energia,11,116.97,0.1,52.94,Pix,1286.67,128.67,1158.0,582.34,575.66,0.497117
2025-11-30,PED-2025-00495,Nova Comercial 217,PR,Londrina,Gustavo Ribeiro,Toner Preto,Impressão,4,329.24,0.0,149.66,Pix,1316.96,0.0,1316.96,598.64,718.32,0.545438
2025-11-30,PED-2025-00495,Nova Comercial 217,PR,Londrina,Gustavo Ribeiro,Webcam Full HD,Acessórios,3,278.45,0.0,131.76,Pix,835.35,0.0,835.35,395.28,440.07,0.526809
2025-12-01,PED-2025-01000,Prime Comercial 209,SP,Ribeirão Preto,Ana Martins,Monitor Ultrawide 29,Informática,1,1762.56,0.1,1166.21,Cartão de crédito,1762.56,176.26,1586.3,1166.21,420.09,0.264826
2025-12-02,PED-2025-00324,Nova Engenharia 007,MG,Belo Horizonte,Camila Rocha,Filtro de Linha Premium,Energia,5,122.05,0.05,49.49,Cartão de crédito,610.25,30.51,579.74,247.45,332.29,0.573169
2025-12-02,PED-2025-00324,Nova Engenharia 007,MG,Belo Horizonte,Camila Rocha,Mesa Ajustável,Móveis,2,1859.53,0.05,1075.92,Cartão de crédito,3719.06,185.95,3533.11,2151.84,1381.27,0.39095
2025-12-02,PED-2025-00324,Nova Engenharia 007,MG,Belo Horizonte,Camila Rocha,Webcam Full HD,Acessórios,2,275.57,0.08,133.3,Cartão de crédito,551.14,44.09,507.05,266.6,240.45,0.474212
2025-12-02,PED-2025-00366,Central Tecnologia 203,PR,Curitiba,Juliana Mendes,Kit Toner Colorido,Impressão,2,905.2,0.08,411.73,Boleto,1810.4,144.83,1665.57,823.46,842.11,0.505598
2025-12-02,PED-2025-00366,Central Tecnologia 203,PR,Curitiba,Juliana Mendes,Mouse Sem Fio,Acessórios,2,148.49,0.0,70.1,Boleto,296.98,0.0,296.98,140.2,156.78,0.527914
2025-12-02,PED-2025-00714,Prime Tecnologia 099,BA,Vitória da Conquista,Camila Rocha,Impressora Multifuncional,Impressão,6,1586.98,0.05,1037.53,Cartão de crédito,9521.88,476.09,9045.79,6225.18,2820.61,0.311814
2025-12-02,PED-2025-00714,Prime Tecnologia 099,BA,Vitória da Conquista,Camila Rocha,Mouse Sem Fio,Acessórios,2,155.12,0.03,70.41,Cartão de crédito,310.24,9.31,300.93,140.82,160.11,0.532055
2025-12-02,PED-2025-00749,Alfa Comercial 121,BA,Feira de Santana,Ana Martins,Mouse Sem Fio,Acessórios,2,149.64,0.08,68.33,Cartão de crédito,299.28,23.94,275.34,136.66,138.68,0.503664
2025-12-02,PED-2025-00749,Alfa Comercial 121,BA,Feira de Santana,Ana Martins,Nobreak 1500VA,Energia,3,1188.31,0.03,672.97,Cartão de crédito,3564.93,106.95,3457.98,2018.91,1439.07,0.416159
2025-12-02,PED-2025-00927,Ponto Varejo 158,PR,Maringá,Fernanda Alves,Mouse Sem Fio,Acessórios,5,145.25,0.1,66.98,Transferência,726.25,72.62,653.62,334.9,318.72,0.487627
2025-12-03,PED-2025-00070,Nova Comercial 097,GO,Anápolis,Camila Rocha,Notebook Essencial 14,Informática,1,2894.33,0.08,2044.2,Pix,2894.33,231.55,2662.78,2044.2,618.58,0.232307
2025-12-03,PED-2025-00070,Nova Comercial 097,GO,Anápolis,Camila Rocha,Teclado Mecânico,Acessórios,3,396.49,0.05,198.63,Pix,1189.47,59.47,1130.0,595.89,534.11,0.472662
2025-12-03,PED-2025-00070,Nova Comercial 097,GO,Anápolis,Camila Rocha,Webcam Full HD,Acessórios,4,277.34,0.0,134.31,Pix,1109.36,0.0,1109.36,537.24,572.12,0.515721
2025-12-03,PED-2025-00315,Vértice Distribuidora 140,SP,Ribeirão Preto,Fernanda Alves,Mouse Sem Fio,Acessórios,2,149.94,0.03,67.25,Cartão de débito,299.88,9.0,290.88,134.5,156.38,0.537616
2025-12-03,PED-2025-00516,Prime Comercial 049,BA,Vitória da Conquista,Fernanda Alves,Toner Preto,Impressão,2,345.4,0.15,146.86,Transferência,690.8,103.62,587.18,293.72,293.46,0.499779
2025-12-03,PED-2025-00796,Prime Engenharia 199,SP,Campinas,Bruno Costa,Gaveteiro Executivo,Móveis,2,676.23,0.03,367.0,Transferência,1352.46,40.57,1311.89,734.0,577.89,0.4405
2025-12-03,PED-2025-01064,Aurora Soluções 032,BA,Salvador,Juliana Mendes,Impressora Multifuncional,Impressão,4,1664.85,0.08,1043.63,Cartão de débito,6659.4,532.75,6126.65,4174.52,1952.13,0.318629
2025-12-03,PED-2025-01064,Aurora Soluções 032,BA,Salvador,Juliana Mendes,Mouse Sem Fio,Acessórios,2,148.2,0.0,68.85,Cartão de débito,296.4,0.0,296.4,137.7,158.7,0.535425
2025-12-04,PED-2025-00076,Alfa Tecnologia 171,SP,Santos,Fernanda Alves,Monitor Ultrawide 29,Informática,3,1736.42,0.1,1139.52,Boleto,5209.26,520.93,4688.33,3418.56,1269.77,0.270837
2025-12-04,PED-2025-00076,Alfa Tecnologia 171,SP,Santos,Fernanda Alves,Mouse Sem Fio,Acessórios,7,145.77,0.1,67.25,Boleto,1020.39,102.04,918.35,470.75,447.6,0.487396
2025-12-04,PED-2025-00076,Alfa Tecnologia 171,SP,Santos,Fernanda Alves,Webcam Full HD,Acessórios,2,281.32,0.08,134.07,Boleto,562.64,45.01,517.63,268.14,249.49,0.481984
2025-12-04,PED-2025-00194,Aurora Varejo 142,SC,Joinville,Lucas Barros,Notebook Essencial 14,Informática,2,2888.39,0.0,1989.01,Pix,5776.78,0.0,5776.78,3978.02,1798.76,0.311378
2025-12-05,PED-2025-00980,Prime Engenharia 199,SP,Santos,Gustavo Ribeiro,Impressora Multifuncional,Impressão,1,1624.45,0.08,1031.35,Pix,1624.45,129.96,1494.49,1031.35,463.14,0.3099
2025-12-06,PED-2025-00275,Integra Logística 106,SC,Joinville,Gustavo Ribeiro,Toner Preto,Impressão,2,327.47,0.0,150.27,Cartão de crédito,654.94,0.0,654.94,300.54,354.4,0.541118
2025-12-06,PED-2025-00382,Central Comercial 033,PE,Recife,Juliana Mendes,Monitor Ultrawide 29,Informática,3,1833.9,0.08,1202.39,Cartão de crédito,5501.7,440.14,5061.56,3607.17,1454.39,0.287341
2025-12-06,PED-2025-00382,Central Comercial 033,PE,Recife,Juliana Mendes,Teclado Mecânico,Acessórios,6,404.16,0.1,195.62,Cartão de crédito,2424.96,242.5,2182.46,1173.72,1008.74,0.462204
2025-12-06,PED-2025-00449,Ponto Soluções 168,PR,Maringá,Fernanda Alves,Gaveteiro Executivo,Móveis,8,662.62,0.15,376.12,Cartão de crédito,5300.96,795.14,4505.82,3008.96,1496.86,0.332205
2025-12-06,PED-2025-00449,Ponto Soluções 168,PR,Maringá,Fernanda Alves,Mesa Ajustável,Móveis,2,1876.19,0.1,1021.76,Cartão de crédito,3752.38,375.24,3377.14,2043.52,1333.62,0.394897
2025-12-06,PED-2025-00449,Ponto Soluções 168,PR,Maringá,Fernanda Alves,Toner Preto,Impressão,1,328.97,0.1,151.52,Cartão de crédito,328.97,32.9,296.07,151.52,144.55,0.488234
2025-12-07,PED-2025-00373,Aurora Varejo 182,SP,São Paulo,Diego Lima,Notebook Pro 15,Informática,7,4771.22,0.12,3444.38,Cartão de crédito,33398.54,4007.82,29390.72,24110.66,5280.06,0.17965
2025-12-07,PED-2025-00669,Vértice Distribuidora 220,SP,Ribeirão Preto,Camila Rocha,Notebook Essencial 14,Informática,3,2980.97,0.05,1970.03,Boleto,8942.91,447.15,8495.76,5910.09,2585.67,0.304349
2025-12-07,PED-2025-00669,Vértice Distribuidora 220,SP,Ribeirão Preto,Camila Rocha,Webcam Full HD,Acessórios,2,282.16,0.08,128.42,Boleto,564.32,45.15,519.17,256.84,262.33,0.505291
2025-12-07,PED-2025-00762,Central Comercial 193,RS,Pelotas,Lucas Barros,Filtro de Linha Premium,Energia,3,123.47,0.05,50.4,Cartão de crédito,370.41,18.52,351.89,151.2,200.69,0.57032
2025-12-07,PED-2025-00864,Conecta Logística 154,SC,Florianópolis,Diego Lima,Monitor Ultrawide 29,Informática,3,1760.03,0.05,1184.73,Boleto,5280.09,264.0,5016.09,3554.19,1461.9,0.291442
2025-12-07,PED-2025-00864,Conecta Logística 154,SC,Florianópolis,Diego Lima,Mouse Sem Fio,Acessórios,7,152.85,0.0,69.08,Boleto,1069.95,0.0,1069.95,483.56,586.39,0.548054
2025-12-07,PED-2025-01057,Horizonte Tecnologia 155,RS,Caxias do Sul,Juliana Mendes,Mesa Ajustável,Móveis,4,1928.97,0.05,1068.57,Boleto,7715.88,385.79,7330.09,4274.28,3055.81,0.416885
2025-12-07,PED-2025-01057,Horizonte Tecnologia 155,RS,Caxias do Sul,Juliana Mendes,Toner Preto,Impressão,1,317.49,0.15,142.24,Boleto,317.49,47.62,269.87,142.24,127.63,0.472925
2025-12-08,PED-2025-00063,Conecta Varejo 054,GO,Aparecida de Goiânia,Bruno Costa,Mouse Sem Fio,Acessórios,1,152.71,0.05,66.49,Cartão de crédito,152.71,7.64,145.07,66.49,78.58,0.541684
2025-12-08,PED-2025-00063,Conecta Varejo 054,GO,Aparecida de Goiânia,Bruno Costa,Teclado Mecânico,Acessórios,1,390.74,0.0,186.85,Cartão de crédito,390.74,0.0,390.74,186.85,203.89,0.521805
2025-12-08,PED-2025-00432,Integra Soluções 096,SP,Santos,Lucas Barros,Mesa Ajustável,Móveis,1,1790.8,0.08,1070.58,Pix,1790.8,143.26,1647.54,1070.58,576.96,0.350193
2025-12-09,PED-2025-00263,Ponto Logística 098,RJ,Niterói,Fernanda Alves,Toner Preto,Impressão,1,332.53,0.0,147.96,Pix,332.53,0.0,332.53,147.96,184.57,0.555048
2025-12-09,PED-2025-00263,Ponto Logística 098,RJ,Niterói,Fernanda Alves,Webcam Full HD,Acessórios,2,269.41,0.08,131.22,Pix,538.82,43.11,495.71,262.44,233.27,0.470582
2025-12-09,PED-2025-00314,Ponto Varejo 158,SP,Ribeirão Preto,Ana Martins,Teclado Mecânico,Acessórios,1,384.37,0.0,193.62,Transferência,384.37,0.0,384.37,193.62,190.75,0.496267
2025-12-09,PED-2025-00314,Ponto Varejo 158,SP,Ribeirão Preto,Ana Martins,Toner Preto,Impressão,1,322.22,0.12,148.15,Transferência,322.22,38.67,283.55,148.15,135.4,0.477524
2025-12-09,PED-2025-00667,Prime Serviços 069,SP,Campinas,Juliana Mendes,Notebook Pro 15,Informática,1,5058.98,0.1,3359.36,Pix,5058.98,505.9,4553.08,3359.36,1193.72,0.262179
2025-12-09,PED-2025-00667,Prime Serviços 069,SP,Campinas,Juliana Mendes,Switch 24 Portas,Conectividade,7,1087.56,0.08,606.47,Pix,7612.92,609.03,7003.89,4245.29,2758.6,0.393867
2025-12-09,PED-2025-00667,Prime Serviços 069,SP,Campinas,Juliana Mendes,Toner Preto,Impressão,4,338.0,0.1,142.02,Pix,1352.0,135.2,1216.8,568.08,648.72,0.533136
2025-12-10,PED-2025-01023,Nova Comercial 017,PR,Londrina,Juliana Mendes,Nobreak 1500VA,Energia,3,1231.1,0.1,657.08,Cartão de débito,3693.3,369.33,3323.97,1971.24,1352.73,0.406962
2025-12-10,PED-2025-01023,Nova Comercial 017,PR,Londrina,Juliana Mendes,Switch 24 Portas,Conectividade,5,1173.59,0.05,599.24,Cartão de débito,5867.95,293.4,5574.55,2996.2,2578.35,0.462522
2025-12-11,PED-2025-00552,Horizonte Tecnologia 195,SC,Joinville,Não informado,Webcam Full HD,Acessórios,1,279.79,0.08,136.38,Transferência,279.79,22.38,257.41,136.38,121.03,0.470177
2025-12-12,PED-2025-00221,Conecta Varejo 174,GO,Anápolis,Camila Rocha,Headset Corporativo,Acessórios,3,345.54,0.05,156.26,Pix,1036.62,51.83,984.79,468.78,516.01,0.523979
2025-12-12,PED-2025-00221,Conecta Varejo 174,GO,Anápolis,Camila Rocha,Switch 24 Portas,Conectividade,4,1156.24,0.0,604.88,Pix,4624.96,0.0,4624.96,2419.52,2205.44,0.476856
2025-12-12,PED-2025-00447,Conecta Distribuidora 204,MG,Uberlândia,Gustavo Ribeiro,Filtro de Linha Premium,Energia,3,124.23,0.0,51.47,Transferência,372.69,0.0,372.69,154.41,218.28,0.585688
2025-12-12,PED-2025-00706,Vértice Soluções 120,RJ,Niterói,Diego Lima,Mesa Ajustável,Móveis,1,1783.82,0.0,1043.44,Transferência,1783.82,0.0,1783.82,1043.44,740.38,0.415053
2025-12-12,PED-2025-00706,Vértice Soluções 120,RJ,Niterói,Diego Lima,Notebook Pro 15,Informática,2,4781.38,0.03,3504.19,Transferência,9562.76,286.88,9275.88,7008.38,2267.5,0.244451
2025-12-13,PED-2025-00632,Ponto Distribuidora 028,SP,Ribeirão Preto,Gustavo Ribeiro,Toner Preto,Impressão,5,331.25,0.0,142.15,Pix,1656.25,0.0,1656.25,710.75,945.5,0.570868
2025-12-14,PED-2025-00252,Alfa Tecnologia 011,SP,Santos,Diego Lima,Gaveteiro Executivo,Móveis,2,716.28,0.1,379.4,Boleto,1432.56,143.26,1289.3,758.8,530.5,0.411465
2025-12-14,PED-2025-00252,Alfa Tecnologia 011,SP,Santos,Diego Lima,Mouse Sem Fio,Acessórios,6,145.97,0.03,69.15,Boleto,875.82,26.27,849.55,414.9,434.65,0.511621
2025-12-14,PED-2025-00344,Prime Comercial 049,SP,Ribeirão Preto,Bruno Costa,Mouse Sem Fio,Acessórios,1,155.11,0.0,70.63,Boleto,155.11,0.0,155.11,70.63,84.48,0.544646
2025-12-14,PED-2025-00547,Vértice Logística 170,SC,Blumenau,Lucas Barros,Kit Toner Colorido,Impressão,5,853.93,0.05,396.41,Cartão de crédito,4269.65,213.48,4056.17,1982.05,2074.12,0.511349
2025-12-14,PED-2025-00547,Vértice Logística 170,SC,Blumenau,Lucas Barros,Teclado Mecânico,Acessórios,2,382.48,0.05,196.4,Cartão de crédito,764.96,38.25,726.71,392.8,333.91,0.459483
2025-12-14,PED-2025-00654,Ponto Logística 178,GO,Aparecida de Goiânia,Juliana Mendes,Filtro de Linha Premium,Energia,9,122.66,0.05,50.92,Pix,1103.94,55.2,1048.74,458.28,590.46,0.56302
2025-12-14,PED-2025-00654,Ponto Logística 178,GO,Aparecida de Goiânia,Juliana Mendes,Mesa Ajustável,Móveis,4,1935.48,0.0,1019.06,Pix,7741.92,0.0,7741.92,4076.24,3665.68,0.473485
2025-12-14,PED-2025-00654,Ponto Logística 178,GO,Aparecida de Goiânia,Juliana Mendes,Webcam Full HD,Acessórios,3,290.45,0.0,129.45,Pix,871.35,0.0,871.35,388.35,483.0,0.554312
2025-12-14,PED-2025-00679,Central Engenharia 063,SP,Ribeirão Preto,Fernanda Alves,Filtro de Linha Premium,Energia,1,120.77,0.12,50.58,Transferência,120.77,14.49,106.28,50.58,55.7,0.524077
2025-12-14,PED-2025-00884,Conecta Varejo 134,DF,Brasília,Camila Rocha,Toner Preto,Impressão,1,321.88,0.12,146.15,Pix,321.88,38.63,283.25,146.15,137.1,0.484033
2025-12-14,PED-2025-00970,Conecta Logística 154,SP,Campinas,Gustavo Ribeiro,Monitor Ultrawide 29,Informática,4,1773.07,0.03,1196.93,Cartão de crédito,7092.28,212.77,6879.51,4787.72,2091.79,0.304061
2025-12-15,PED-2025-00580,Aurora Logística 122,SP,Ribeirão Preto,Diego Lima,Switch 24 Portas,Conectividade,5,1129.07,0.0,627.93,Boleto,5645.35,0.0,5645.35,3139.65,2505.7,0.443852
2025-12-15,PED-2025-00580,Aurora Logística 122,SP,Ribeirão Preto,Diego Lima,Toner Preto,Impressão,4,323.54,0.08,143.22,Boleto,1294.16,103.53,1190.63,572.88,617.75,0.518842
2025-12-15,PED-2025-00580,Aurora Logística 122,SP,Ribeirão Preto,Diego Lima,Webcam Full HD,Acessórios,3,288.92,0.05,136.83,Boleto,866.76,43.34,823.42,410.49,412.93,0.501483
2025-12-15,PED-2025-00686,Horizonte Serviços 085,SP,São Paulo,Juliana Mendes,Mesa Ajustável,Móveis,1,1785.35,0.05,1058.01,Boleto,1785.35,89.27,1696.08,1058.01,638.07,0.376204
2025-12-15,PED-2025-01108,Horizonte Engenharia 095,SP,Campinas,Gustavo Ribeiro,Nobreak 1500VA,Energia,2,1192.59,0.15,699.94,Boleto,2385.18,357.78,2027.4,1399.88,627.52,0.309521
2025-12-16,PED-2025-00038,Nova Comercial 177,BA,Feira de Santana,Lucas Barros,Headset Corporativo,Acessórios,7,329.58,0.05,154.93,Pix,2307.06,115.35,2191.71,1084.51,1107.2,0.505176
2025-12-16,PED-2025-00225,Vértice Varejo 030,MG,Uberlândia,Ana Martins,Teclado Mecânico,Acessórios,4,375.2,0.08,187.2,Transferência,1500.8,120.06,1380.74,748.8,631.94,0.457681
2025-12-16,PED-2025-00239,Aurora Logística 082,PR,Maringá,Bruno Costa,Headset Corporativo,Acessórios,5,331.45,0.1,160.8,Cartão de débito,1657.25,165.73,1491.52,804.0,687.53,0.460954
2025-12-16,PED-2025-00239,Aurora Logística 082,PR,Maringá,Bruno Costa,Roteador Empresarial,Conectividade,5,757.5,0.0,373.57,Cartão de débito,3787.5,0.0,3787.5,1867.85,1919.65,0.506838
2025-12-16,PED-2025-00858,Ponto Distribuidora 028,SP,Ribeirão Preto,Juliana Mendes,Cadeira Ergonômica,Móveis,4,1407.44,0.05,761.65,Pix,5629.76,281.49,5348.27,3046.6,2301.67,0.430358
2025-12-16,PED-2025-00858,Ponto Distribuidora 028,SP,Ribeirão Preto,Juliana Mendes,Gaveteiro Executivo,Móveis,3,707.25,0.1,373.69,Pix,2121.75,212.18,1909.58,1121.07,788.51,0.412922
2025-12-17,PED-2025-00020,Horizonte Comercial 105,SP,São Paulo,Fernanda Alves,Monitor Ultrawide 29,Informática,2,1746.53,0.0,1173.2,Pix,3493.06,0.0,3493.06,2346.4,1146.66,0.328268
2025-12-17,PED-2025-00020,Horizonte Comercial 105,SP,São Paulo,Fernanda Alves,Teclado Mecânico,Acessórios,4,384.3,0.0,187.79,Pix,1537.2,0.0,1537.2,751.16,786.04,0.511345
2025-12-17,PED-2025-00258,Nova Serviços 117,DF,Brasília,Bruno Costa,Mouse Sem Fio,Acessórios,2,151.49,0.08,69.05,Boleto,302.98,24.24,278.74,138.1,140.64,0.504559
2025-12-17,PED-2025-00258,Nova Serviços 117,DF,Brasília,Bruno Costa,Teclado Mecânico,Acessórios,4,383.9,0.0,189.02,Boleto,1535.6,0.0,1535.6,756.08,779.52,0.507632
2025-12-17,PED-2025-00592,Integra Varejo 166,SP,Ribeirão Preto,Fernanda Alves,Notebook Pro 15,Informática,5,5037.13,0.05,3490.41,Boleto,25185.65,1259.28,23926.37,17452.05,6474.32,0.270593
2025-12-17,PED-2025-00592,Integra Varejo 166,SP,Ribeirão Preto,Fernanda Alves,Toner Preto,Impressão,2,337.29,0.0,145.72,Boleto,674.58,0.0,674.58,291.44,383.14,0.567968
2025-12-17,PED-2025-00889,Conecta Varejo 054,MG,Juiz de Fora,Bruno Costa,Roteador Empresarial,Conectividade,2,738.03,0.08,369.48,Cartão de débito,1476.06,118.08,1357.98,738.96,619.02,0.455837
2025-12-17,PED-2025-01047,Prime Engenharia 079,SP,São Paulo,Camila Rocha,Roteador Empresarial,Conectividade,3,732.53,0.05,357.34,Transferência,2197.59,109.88,2087.71,1072.02,1015.69,0.486509
2025-12-17,PED-2025-01047,Prime Engenharia 079,SP,São Paulo,Camila Rocha,Switch 24 Portas,Conectividade,7,1118.49,0.1,605.81,Transferência,7829.43,782.94,7046.49,4240.67,2805.82,0.398187
2025-12-18,PED-2025-00013,Vértice Distribuidora 140,GO,Goiânia,Camila Rocha,Filtro de Linha Premium,Energia,4,119.8,0.15,52.65,Cartão de crédito,479.2,71.88,407.32,210.6,196.72,0.482962
2025-12-18,PED-2025-00247,Aurora Logística 042,PR,Curitiba,Bruno Costa,Gaveteiro Executivo,Móveis,2,713.06,0.0,355.37,Transferência,1426.12,0.0,1426.12,710.74,715.38,0.501627
2025-12-18,PED-2025-00247,Aurora Logística 042,PR,Curitiba,Bruno Costa,Webcam Full HD,Acessórios,1,274.16,0.1,132.98,Transferência,274.16,27.42,246.74,132.98,113.76,0.461061
2025-12-18,PED-2025-00677,Horizonte Tecnologia 075,MG,Belo Horizonte,Fernanda Alves,Cadeira Ergonômica,Móveis,3,1454.76,0.08,746.97,Cartão de crédito,4364.28,349.14,4015.14,2240.91,1774.23,0.441885
2025-12-19,PED-2025-00092,Nova Tecnologia 027,RJ,Rio de Janeiro,Lucas Barros,Teclado Mecânico,Acessórios,8,392.57,0.05,195.52,Cartão de débito,3140.56,157.03,2983.53,1564.16,1419.37,0.475735
2025-12-19,PED-2025-01024,Integra Distribuidora 196,SP,Campinas,Lucas Barros,Gaveteiro Executivo,Móveis,1,701.28,0.0,363.42,Pix,701.28,0.0,701.28,363.42,337.86,0.481776
2025-12-19,PED-2025-01024,Integra Distribuidora 196,SP,Campinas,Lucas Barros,Impressora Multifuncional,Impressão,5,1635.2,0.03,1038.29,Pix,8176.0,245.28,7930.72,5191.45,2739.27,0.3454
2025-12-20,PED-2025-00475,Prime Serviços 029,SP,Ribeirão Preto,Ana Martins,Switch 24 Portas,Conectividade,11,1114.65,0.1,623.39,Transferência,12261.15,1226.12,11035.04,6857.29,4177.75,0.378589
2025-12-21,PED-2025-00034,Horizonte Comercial 185,RJ,Niterói,Bruno Costa,Notebook Pro 15,Informática,2,4793.68,0.05,3452.85,Cartão de crédito,9587.36,479.37,9107.99,6905.7,2202.29,0.241798
2025-12-21,PED-2025-00227,Aurora Soluções 032,SC,Joinville,Juliana Mendes,Access Point Wi-Fi 6,Conectividade,1,882.54,0.05,493.21,Cartão de crédito,882.54,44.13,838.41,493.21,345.2,0.411734
2025-12-21,PED-2025-00227,Aurora Soluções 032,SC,Joinville,Juliana Mendes,Webcam Full HD,Acessórios,2,292.49,0.0,128.28,Cartão de crédito,584.98,0.0,584.98,256.56,328.42,0.561421
2025-12-22,PED-2025-00219,Ponto Distribuidora 188,SP,Santos,Gustavo Ribeiro,Teclado Mecânico,Acessórios,2,402.79,0.1,195.59,Boleto,805.58,80.56,725.02,391.18,333.84,0.460458
2025-12-22,PED-2025-00488,Aurora Soluções 072,SP,Santos,Camila Rocha,Teclado Mecânico,Acessórios,1,402.24,0.15,188.0,Cartão de crédito,402.24,60.34,341.9,188.0,153.9,0.450138
2025-12-22,PED-2025-00736,Aurora Distribuidora 172,RJ,Rio de Janeiro,Lucas Barros,Access Point Wi-Fi 6,Conectividade,1,922.48,0.03,465.68,Cartão de débito,922.48,27.67,894.81,465.68,429.13,0.479574
2025-12-22,PED-2025-00736,Aurora Distribuidora 172,RJ,Rio de Janeiro,Lucas Barros,Filtro de Linha Premium,Energia,1,124.49,0.05,51.91,Cartão de débito,124.49,6.22,118.27,51.91,66.36,0.561072
2025-12-22,PED-2025-00846,Vértice Logística 050,MG,Juiz de Fora,Ana Martins,Impressora Multifuncional,Impressão,1,1646.09,0.08,1029.66,Pix,1646.09,131.69,1514.4,1029.66,484.74,0.320088
2025-12-22,PED-2025-00846,Vértice Logística 050,MG,Juiz de Fora,Ana Martins,Switch 24 Portas,Conectividade,2,1098.16,0.05,625.7,Pix,2196.32,109.82,2086.5,1251.4,835.1,0.400241
2025-12-23,PED-2025-00098,Integra Varejo 126,SP,São Paulo,Não informado,Mouse Sem Fio,Acessórios,10,156.7,0.03,66.39,Cartão de crédito,1567.0,47.01,1519.99,663.9,856.09,0.563221
2025-12-23,PED-2025-00098,Integra Varejo 126,SP,São Paulo,Camila Rocha,Switch 24 Portas,Conectividade,10,1170.53,0.03,624.61,Cartão de crédito,11705.3,351.16,11354.14,6246.1,5108.04,0.449884
2025-12-23,PED-2025-00521,Integra Varejo 046,SP,São Paulo,Juliana Mendes,Mesa Ajustável,Móveis,5,1861.2,0.0,1021.46,Cartão de débito,9306.0,0.0,9306.0,5107.3,4198.7,0.451182
2025-12-23,PED-2025-00521,Integra Varejo 046,SP,São Paulo,Juliana Mendes,Monitor Ultrawide 29,Informática,2,1823.77,0.12,1137.0,Cartão de débito,3647.54,437.7,3209.84,2274.0,935.84,0.291552
2025-12-23,PED-2025-00902,Central Tecnologia 043,SC,Florianópolis,Camila Rocha,Mouse Sem Fio,Acessórios,3,152.75,0.12,70.56,Pix,458.25,54.99,403.26,211.68,191.58,0.475078
2025-12-23,PED-2025-00977,Integra Logística 146,SP,Campinas,Gustavo Ribeiro,Filtro de Linha Premium,Energia,1,122.2,0.0,50.16,Boleto,122.2,0.0,122.2,50.16,72.04,0.589525
2025-12-23,PED-2025-01037,Aurora Distribuidora 012,RS,Porto Alegre,Ana Martins,Mouse Sem Fio,Acessórios,3,146.77,0.0,70.42,Cartão de crédito,440.31,0.0,440.31,211.26,229.05,0.520202
2025-12-23,PED-2025-01037,Aurora Distribuidora 012,RS,Porto Alegre,Ana Martins,Nobreak 1500VA,Energia,2,1246.98,0.1,660.6,Cartão de crédito,2493.96,249.4,2244.56,1321.2,923.36,0.411378
2025-12-24,PED-2025-00116,Nova Serviços 157,SP,Ribeirão Preto,Camila Rocha,Headset Corporativo,Acessórios,2,328.47,0.12,153.82,Cartão de crédito,656.94,78.83,578.11,307.64,270.47,0.46785
2025-12-24,PED-2025-00273,Ponto Varejo 158,SP,Santos,Camila Rocha,Mesa Ajustável,Móveis,1,1801.39,0.0,1053.37,Cartão de débito,1801.39,0.0,1801.39,1053.37,748.02,0.415246
2025-12-24,PED-2025-00694,Ponto Logística 178,RJ,Rio de Janeiro,Ana Martins,Filtro de Linha Premium,Energia,1,124.69,0.05,50.81,Transferência,124.69,6.23,118.46,50.81,67.65,0.571063
2025-12-24,PED-2025-00694,Ponto Logística 178,RJ,Rio de Janeiro,Ana Martins,Teclado Mecânico,Acessórios,2,408.22,0.0,189.51,Transferência,816.44,0.0,816.44,379.02,437.42,0.535765
2025-12-24,PED-2025-00827,Conecta Logística 074,GO,Aparecida de Goiânia,Diego Lima,Headset Corporativo,Acessórios,5,344.33,0.08,160.16,Transferência,1721.65,137.73,1583.92,800.8,783.12,0.494418
2025-12-24,PED-2025-00990,Aurora Distribuidora 172,SP,Ribeirão Preto,Camila Rocha,Roteador Empresarial,Conectividade,1,762.48,0.05,380.83,Boleto,762.48,38.12,724.36,380.83,343.53,0.47425
2025-12-24,PED-2025-00990,Aurora Distribuidora 172,SP,Ribeirão Preto,Camila Rocha,Teclado Mecânico,Acessórios,7,406.43,0.0,195.04,Boleto,2845.01,0.0,2845.01,1365.28,1479.73,0.520114
2025-12-25,PED-2025-00290,Aurora Varejo 102,MG,Juiz de Fora,Fernanda Alves,Access Point Wi-Fi 6,Conectividade,2,918.5,0.03,468.67,Cartão de crédito,1837.0,55.11,1781.89,937.34,844.55,0.473963
2025-12-25,PED-2025-00379,Aurora Logística 202,SP,Ribeirão Preto,Lucas Barros,Access Point Wi-Fi 6,Conectividade,4,898.51,0.0,496.17,Pix,3594.04,0.0,3594.04,1984.68,1609.36,0.447786
2025-12-25,PED-2025-00379,Aurora Logística 202,SP,Ribeirão Preto,Lucas Barros,Headset Corporativo,Acessórios,6,316.74,0.15,159.34,Pix,1900.44,285.07,1615.37,956.04,659.33,0.408162
2025-12-25,PED-2025-00379,Aurora Logística 202,SP,Ribeirão Preto,Lucas Barros,Switch 24 Portas,Conectividade,2,1159.83,0.1,604.42,Pix,2319.66,231.97,2087.69,1208.84,878.85,0.420969
2025-12-25,PED-2025-00875,Integra Varejo 086,RJ,Petrópolis,Diego Lima,Toner Preto,Impressão,6,336.2,0.03,150.48,Cartão de débito,2017.2,60.52,1956.68,902.88,1053.8,0.538566
2025-12-26,PED-2025-00057,Central Tecnologia 163,SC,Florianópolis,Juliana Mendes,Kit Toner Colorido,Impressão,8,853.88,0.12,417.81,Transferência,6831.04,819.72,6011.32,3342.48,2668.84,0.443969
2025-12-26,PED-2025-00057,Central Tecnologia 163,SC,Florianópolis,Juliana Mendes,Monitor Ultrawide 29,Informática,3,1878.17,0.0,1126.55,Transferência,5634.51,0.0,5634.51,3379.65,2254.86,0.400187
2025-12-26,PED-2025-00724,Nova Tecnologia 187,PE,Recife,Ana Martins,Toner Preto,Impressão,5,344.88,0.05,148.22,Boleto,1724.4,86.22,1638.18,741.1,897.08,0.547608
2025-12-26,PED-2025-00924,Central Serviços 173,MG,Belo Horizonte,Lucas Barros,Toner Preto,Impressão,3,339.41,0.05,144.93,Cartão de crédito,1018.23,50.91,967.32,434.79,532.53,0.55052
2025-12-27,PED-2025-00186,Prime Tecnologia 179,RJ,Petrópolis,Fernanda Alves,Filtro de Linha Premium,Energia,4,119.53,0.0,52.11,Boleto,478.12,0.0,478.12,208.44,269.68,0.564042
2025-12-27,PED-2025-00186,Prime Tecnologia 179,RJ,Petrópolis,Fernanda Alves,Mouse Sem Fio,Acessórios,1,145.79,0.1,67.04,Boleto,145.79,14.58,131.21,67.04,64.17,0.489067
2025-12-27,PED-2025-00186,Prime Tecnologia 179,RJ,Petrópolis,Fernanda Alves,Toner Preto,Impressão,3,316.2,0.05,146.86,Boleto,948.6,47.43,901.17,440.58,460.59,0.511102
2025-12-27,PED-2025-00257,Nova Engenharia 207,PR,Londrina,Camila Rocha,Cadeira Ergonômica,Móveis,6,1362.7,0.05,796.91,Cartão de crédito,8176.2,408.81,7767.39,4781.46,2985.93,0.384419
2025-12-27,PED-2025-00257,Nova Engenharia 207,PR,Londrina,Camila Rocha,Switch 24 Portas,Conectividade,6,1151.61,0.15,595.33,Cartão de crédito,6909.66,1036.45,5873.21,3571.98,2301.23,0.391818
2025-12-27,PED-2025-01079,Horizonte Serviços 165,DF,Brasília,Gustavo Ribeiro,Notebook Pro 15,Informática,2,4994.78,0.1,3515.74,Transferência,9989.56,998.96,8990.6,7031.48,1959.12,0.217908
2025-12-27,PED-2025-01079,Horizonte Serviços 165,DF,Brasília,Gustavo Ribeiro,Roteador Empresarial,Conectividade,4,783.34,0.0,365.9,Transferência,3133.36,0.0,3133.36,1463.6,1669.76,0.532898
2025-12-27,PED-2025-01079,Horizonte Serviços 165,DF,Brasília,Gustavo Ribeiro,Toner Preto,Impressão,3,340.24,0.08,147.9,Transferência,1020.72,81.66,939.06,443.7,495.36,0.527507
2025-12-28,PED-2025-00147,Prime Comercial 169,MG,Belo Horizonte,Gustavo Ribeiro,Filtro de Linha Premium,Energia,6,116.16,0.0,50.95,Boleto,696.96,0.0,696.96,305.7,391.26,0.561381
2025-12-28,PED-2025-00147,Prime Comercial 169,MG,Belo Horizonte,Gustavo Ribeiro,Notebook Essencial 14,Informática,1,2783.29,0.1,2072.41,Boleto,2783.29,278.33,2504.96,2072.41,432.55,0.172678
2025-12-28,PED-2025-00147,Prime Comercial 169,MG,Belo Horizonte,Gustavo Ribeiro,Roteador Empresarial,Conectividade,4,736.92,0.05,367.91,Boleto,2947.68,147.38,2800.3,1471.64,1328.66,0.47447
2025-12-28,PED-2025-00334,Integra Distribuidora 116,MG,Belo Horizonte,Camila Rocha,Mouse Sem Fio,Acessórios,2,154.59,0.05,67.33,Cartão de crédito,309.18,15.46,293.72,134.66,159.06,0.541538
2025-12-28,PED-2025-00856,Alfa Serviços 141,RS,Caxias do Sul,Ana Martins,Cadeira Ergonômica,Móveis,3,1443.39,0.1,766.62,Pix,4330.17,433.02,3897.15,2299.86,1597.29,0.409862
2025-12-29,PED-2025-00505,Ponto Varejo 158,BA,Vitória da Conquista,Gustavo Ribeiro,Headset Corporativo,Acessórios,4,332.69,0.1,162.19,Pix,1330.76,133.08,1197.68,648.76,548.92,0.458321
2025-12-29,PED-2025-00505,Ponto Varejo 158,BA,Vitória da Conquista,Gustavo Ribeiro,Toner Preto,Impressão,2,322.94,0.03,145.9,Pix,645.88,19.38,626.5,291.8,334.7,0.534241
2025-12-29,PED-2025-00840,Central Tecnologia 043,PE,Caruaru,Gustavo Ribeiro,Mouse Sem Fio,Acessórios,1,154.43,0.0,69.69,Pix,154.43,0.0,154.43,69.69,84.74,0.548728
2025-12-29,PED-2025-00956,Conecta Logística 114,SP,Ribeirão Preto,Camila Rocha,Monitor Ultrawide 29,Informática,5,1779.89,0.05,1173.79,Pix,8899.45,444.97,8454.48,5868.95,2585.53,0.305818
2025-12-29,PED-2025-00959,Nova Comercial 137,SP,Santos,Diego Lima,Filtro de Linha Premium,Energia,2,117.71,0.12,53.01,Cartão de débito,235.42,28.25,207.17,106.02,101.15,0.488245
2025-12-29,PED-2025-00996,Central Serviços 013,MG,Belo Horizonte,Lucas Barros,Webcam Full HD,Acessórios,4,280.31,0.15,128.86,Pix,1121.24,168.19,953.05,515.44,437.61,0.45917
2025-12-29,PED-2025-01078,Horizonte Tecnologia 155,SP,São Paulo,Diego Lima,Filtro de Linha Premium,Energia,4,125.36,0.0,51.84,Boleto,501.44,0.0,501.44,207.36,294.08,0.586471
2025-12-29,PED-2025-01078,Horizonte Tecnologia 155,SP,São Paulo,Diego Lima,Webcam Full HD,Acessórios,3,280.77,0.0,131.69,Boleto,842.31,0.0,842.31,395.07,447.24,0.530968
2025-12-30,PED-2025-00341,Horizonte Tecnologia 075,PR,Londrina,Bruno Costa,Mouse Sem Fio,Acessórios,4,152.68,0.08,67.88,Cartão de crédito,610.72,48.86,561.86,271.52,290.34,0.51675
2025-12-30,PED-2025-00341,Horizonte Tecnologia 075,PR,Londrina,Bruno Costa,Notebook Pro 15,Informática,6,4784.34,0.1,3364.55,Cartão de crédito,28706.04,2870.6,25835.44,20187.3,5648.14,0.21862
2025-12-30,PED-2025-00410,Horizonte Tecnologia 075,BA,Feira de Santana,Fernanda Alves,Headset Corporativo,Acessórios,5,319.92,0.08,163.91,Boleto,1599.6,127.97,1471.63,819.55,652.08,0.443101
2025-12-31,PED-2025-00311,Central Comercial 193,SP,São Paulo,Juliana Mendes,Notebook Pro 15,Informática,11,4778.3,0.1,3336.33,Pix,52561.3,5256.13,47305.17,36699.63,10605.54,0.224194
2025-12-31,PED-2025-00311,Central Comercial 193,SP,São Paulo,Juliana Mendes,Roteador Empresarial,Conectividade,2,739.5,0.12,361.15,Pix,1479.0,177.48,1301.52,722.3,579.22,0.445033
2025-12-31,PED-2025-00503,Vértice Logística 130,PR,Maringá,Fernanda Alves,Impressora Multifuncional,Impressão,2,1554.71,0.0,1014.8,Cartão de crédito,3109.42,0.0,3109.42,2029.6,1079.82,0.347274
2025-12-31,PED-2025-00503,Vértice Logística 130,PR,Maringá,Fernanda Alves,Notebook Essencial 14,Informática,3,2828.0,0.12,2024.65,Cartão de crédito,8484.0,1018.08,7465.92,6073.95,1391.97,0.186443
2025-12-31,PED-2025-00794,Integra Logística 026,SC,Blumenau,Bruno Costa,Filtro de Linha Premium,Energia,1,124.91,0.1,52.36,Cartão de débito,124.91,12.49,112.42,52.36,60.06,0.534242
2025-12-31,PED-2025-01132,Vértice Soluções 040,RJ,Petrópolis,Diego Lima,Mouse Sem Fio,Acessórios,2,152.34,0.0,70.53,Cartão de crédito,304.68,0.0,304.68,141.06,163.62,0.537022
